/*
Navicat MySQL Data Transfer

Source Server         : localhost_3306
Source Server Version : 50636
Source Host           : localhost:3306
Source Database       : caro2o

Target Server Type    : MYSQL
Target Server Version : 50636
File Encoding         : 65001

Date: 2022-11-17 19:05:37
*/

SET FOREIGN_KEY_CHECKS=0;

-- ----------------------------
-- Table structure for act_evt_log
-- ----------------------------
DROP TABLE IF EXISTS `act_evt_log`;
CREATE TABLE `act_evt_log` (
                               `LOG_NR_` bigint(20) NOT NULL AUTO_INCREMENT,
                               `TYPE_` varchar(64) COLLATE utf8_bin DEFAULT NULL,
                               `PROC_DEF_ID_` varchar(64) COLLATE utf8_bin DEFAULT NULL,
                               `PROC_INST_ID_` varchar(64) COLLATE utf8_bin DEFAULT NULL,
                               `EXECUTION_ID_` varchar(64) COLLATE utf8_bin DEFAULT NULL,
                               `TASK_ID_` varchar(64) COLLATE utf8_bin DEFAULT NULL,
                               `TIME_STAMP_` timestamp(3) NOT NULL DEFAULT CURRENT_TIMESTAMP(3) ON UPDATE CURRENT_TIMESTAMP(3),
                               `USER_ID_` varchar(255) COLLATE utf8_bin DEFAULT NULL,
                               `DATA_` longblob,
                               `LOCK_OWNER_` varchar(255) COLLATE utf8_bin DEFAULT NULL,
                               `LOCK_TIME_` timestamp(3) NULL DEFAULT NULL,
                               `IS_PROCESSED_` tinyint(4) DEFAULT '0',
                               PRIMARY KEY (`LOG_NR_`) USING BTREE
) ENGINE=InnoDB DEFAULT CHARSET=utf8 COLLATE=utf8_bin;

-- ----------------------------
-- Records of act_evt_log
-- ----------------------------

-- ----------------------------
-- Table structure for act_ge_bytearray
-- ----------------------------
DROP TABLE IF EXISTS `act_ge_bytearray`;
CREATE TABLE `act_ge_bytearray` (
                                    `ID_` varchar(64) COLLATE utf8_bin NOT NULL DEFAULT '',
                                    `REV_` int(11) DEFAULT NULL,
                                    `NAME_` varchar(255) COLLATE utf8_bin DEFAULT NULL,
                                    `DEPLOYMENT_ID_` varchar(64) COLLATE utf8_bin DEFAULT NULL,
                                    `BYTES_` longblob,
                                    `GENERATED_` tinyint(4) DEFAULT NULL,
                                    PRIMARY KEY (`ID_`) USING BTREE,
                                    KEY `ACT_FK_BYTEARR_DEPL` (`DEPLOYMENT_ID_`) USING BTREE,
                                    CONSTRAINT `ACT_GE_BYTEARRAY_ibfk_1` FOREIGN KEY (`DEPLOYMENT_ID_`) REFERENCES `act_re_deployment` (`ID_`)
) ENGINE=InnoDB DEFAULT CHARSET=utf8 COLLATE=utf8_bin;

-- ----------------------------
-- Records of act_ge_bytearray
-- ----------------------------
INSERT INTO `act_ge_bytearray` VALUES ('10011', '1', 'bus_car_package.svg', '10010', 0x3C3F786D6C2076657273696F6E3D22312E302220656E636F64696E673D227574662D38223F3E0A3C212D2D206372656174656420776974682062706D6E2D6A73202F20687474703A2F2F62706D6E2E696F202D2D3E0A3C21444F435459504520737667205055424C494320222D2F2F5733432F2F4454442053564720312E312F2F454E222022687474703A2F2F7777772E77332E6F72672F47726170686963732F5356472F312E312F4454442F73766731312E647464223E0A3C73766720786D6C6E733D22687474703A2F2F7777772E77332E6F72672F323030302F7376672220786D6C6E733A786C696E6B3D22687474703A2F2F7777772E77332E6F72672F313939392F786C696E6B222077696474683D223130353822206865696768743D22333432222076696577426F783D223336202D3236203130353820333432222076657273696F6E3D22312E31223E3C646566733E3C6D61726B65722069643D2273657175656E6365666C6F772D656E642D77686974652D626C61636B2D366B653374776F326C3073653639623666367A6179706C7030222076696577426F783D223020302032302032302220726566583D2231312220726566593D22313022206D61726B657257696474683D22313022206D61726B65724865696768743D22313022206F7269656E743D226175746F223E3C7061746820643D224D20312035204C203131203130204C2031203135205A22207374796C653D2266696C6C3A20626C61636B3B207374726F6B652D77696474683A203170783B207374726F6B652D6C696E656361703A20726F756E643B207374726F6B652D6461736861727261793A2031303030302C20313B207374726F6B653A20626C61636B3B222F3E3C2F6D61726B65723E3C2F646566733E3C6720636C6173733D22646A732D67726F7570223E3C6720636C6173733D22646A732D656C656D656E7420646A732D636F6E6E656374696F6E2220646174612D656C656D656E742D69643D2253657175656E6365466C6F775F3068737876766722207374796C653D22646973706C61793A20626C6F636B3B223E3C6720636C6173733D22646A732D76697375616C223E3C7061746820643D226D20203235302C3134304C3332352C3134302022207374796C653D2266696C6C3A206E6F6E653B207374726F6B652D77696474683A203170783B207374726F6B653A20626C61636B3B207374726F6B652D6C696E656A6F696E3A20726F756E643B206D61726B65722D656E643A2075726C28272373657175656E6365666C6F772D656E642D77686974652D626C61636B2D366B653374776F326C3073653639623666367A6179706C703027293B222F3E3C2F673E3C706F6C796C696E6520706F696E74733D223235302C313430203332352C313430202220636C6173733D22646A732D68697420646A732D6869742D7374726F6B6522207374796C653D2266696C6C3A206E6F6E653B207374726F6B652D6F7061636974793A20303B207374726F6B653A2077686974653B207374726F6B652D77696474683A20313570783B222F3E3C7265637420783D223234342220793D22313334222077696474683D22383722206865696768743D2231322220636C6173733D22646A732D6F75746C696E6522207374796C653D2266696C6C3A206E6F6E653B222F3E3C2F673E3C2F673E3C6720636C6173733D22646A732D67726F7570223E3C6720636C6173733D22646A732D656C656D656E7420646A732D636F6E6E656374696F6E2220646174612D656C656D656E742D69643D2253657175656E6365466C6F775F303331726D346A22207374796C653D22646973706C61793A20626C6F636B3B223E3C6720636C6173733D22646A732D76697375616C223E3C7061746820643D226D20203335302C3131354C3335302C3230204C3637302C32302022207374796C653D2266696C6C3A206E6F6E653B207374726F6B652D77696474683A203170783B207374726F6B653A20626C61636B3B207374726F6B652D6C696E656A6F696E3A20726F756E643B206D61726B65722D656E643A2075726C28272373657175656E6365666C6F772D656E642D77686974652D626C61636B2D366B653374776F326C3073653639623666367A6179706C703027293B222F3E3C2F673E3C706F6C796C696E6520706F696E74733D223335302C313135203335302C3230203637302C3230202220636C6173733D22646A732D68697420646A732D6869742D7374726F6B6522207374796C653D2266696C6C3A206E6F6E653B207374726F6B652D6F7061636974793A20303B207374726F6B653A2077686974653B207374726F6B652D77696474683A20313570783B222F3E3C7265637420783D223334342220793D223134222077696474683D2233333222206865696768743D223130372220636C6173733D22646A732D6F75746C696E6522207374796C653D2266696C6C3A206E6F6E653B222F3E3C2F673E3C2F673E3C6720636C6173733D22646A732D67726F7570223E3C6720636C6173733D22646A732D656C656D656E7420646A732D636F6E6E656374696F6E2220646174612D656C656D656E742D69643D2253657175656E6365466C6F775F3161657777766F22207374796C653D22646973706C61793A20626C6F636B3B223E3C6720636C6173733D22646A732D76697375616C223E3C7061746820643D226D20203337352C3134304C3530302C3134302022207374796C653D2266696C6C3A206E6F6E653B207374726F6B652D77696474683A203170783B207374726F6B653A20626C61636B3B207374726F6B652D6C696E656A6F696E3A20726F756E643B206D61726B65722D656E643A2075726C28272373657175656E6365666C6F772D656E642D77686974652D626C61636B2D366B653374776F326C3073653639623666367A6179706C703027293B222F3E3C2F673E3C706F6C796C696E6520706F696E74733D223337352C313430203530302C313430202220636C6173733D22646A732D68697420646A732D6869742D7374726F6B6522207374796C653D2266696C6C3A206E6F6E653B207374726F6B652D6F7061636974793A20303B207374726F6B653A2077686974653B207374726F6B652D77696474683A20313570783B222F3E3C7265637420783D223336392220793D22313334222077696474683D2231333722206865696768743D2231322220636C6173733D22646A732D6F75746C696E6522207374796C653D2266696C6C3A206E6F6E653B222F3E3C2F673E3C2F673E3C6720636C6173733D22646A732D67726F7570223E3C6720636C6173733D22646A732D656C656D656E7420646A732D636F6E6E656374696F6E2220646174612D656C656D656E742D69643D2253657175656E6365466C6F775F31753634647A3922207374796C653D22646973706C61793A20626C6F636B3B223E3C6720636C6173733D22646A732D76697375616C223E3C7061746820643D226D20203330302C3237304C3230302C323730204C3230302C3138302022207374796C653D2266696C6C3A206E6F6E653B207374726F6B652D77696474683A203170783B207374726F6B653A20626C61636B3B207374726F6B652D6C696E656A6F696E3A20726F756E643B206D61726B65722D656E643A2075726C28272373657175656E6365666C6F772D656E642D77686974652D626C61636B2D366B653374776F326C3073653639623666367A6179706C703027293B222F3E3C2F673E3C706F6C796C696E6520706F696E74733D223330302C323730203230302C323730203230302C313830202220636C6173733D22646A732D68697420646A732D6869742D7374726F6B6522207374796C653D2266696C6C3A206E6F6E653B207374726F6B652D6F7061636974793A20303B207374726F6B653A2077686974653B207374726F6B652D77696474683A20313570783B222F3E3C7265637420783D223139342220793D22313734222077696474683D2231313222206865696768743D223130322220636C6173733D22646A732D6F75746C696E6522207374796C653D2266696C6C3A206E6F6E653B222F3E3C2F673E3C2F673E3C6720636C6173733D22646A732D67726F7570223E3C6720636C6173733D22646A732D656C656D656E7420646A732D636F6E6E656374696F6E2220646174612D656C656D656E742D69643D2253657175656E6365466C6F775F30316C6D316B7A22207374796C653D22646973706C61793A20626C6F636B3B223E3C6720636C6173733D22646A732D76697375616C223E3C7061746820643D226D20203630302C3134304C3639352C3134302022207374796C653D2266696C6C3A206E6F6E653B207374726F6B652D77696474683A203170783B207374726F6B653A20626C61636B3B207374726F6B652D6C696E656A6F696E3A20726F756E643B206D61726B65722D656E643A2075726C28272373657175656E6365666C6F772D656E642D77686974652D626C61636B2D366B653374776F326C3073653639623666367A6179706C703027293B222F3E3C2F673E3C706F6C796C696E6520706F696E74733D223630302C313430203639352C313430202220636C6173733D22646A732D68697420646A732D6869742D7374726F6B6522207374796C653D2266696C6C3A206E6F6E653B207374726F6B652D6F7061636974793A20303B207374726F6B653A2077686974653B207374726F6B652D77696474683A20313570783B222F3E3C7265637420783D223539342220793D22313334222077696474683D2231303722206865696768743D2231322220636C6173733D22646A732D6F75746C696E6522207374796C653D2266696C6C3A206E6F6E653B222F3E3C2F673E3C2F673E3C6720636C6173733D22646A732D67726F7570223E3C6720636C6173733D22646A732D656C656D656E7420646A732D636F6E6E656374696F6E2220646174612D656C656D656E742D69643D2253657175656E6365466C6F775F3135683636376522207374796C653D22646973706C61793A20626C6F636B3B223E3C6720636C6173733D22646A732D76697375616C223E3C7061746820643D226D20203732302C3131354C3732302C36302022207374796C653D2266696C6C3A206E6F6E653B207374726F6B652D77696474683A203170783B207374726F6B653A20626C61636B3B207374726F6B652D6C696E656A6F696E3A20726F756E643B206D61726B65722D656E643A2075726C28272373657175656E6365666C6F772D656E642D77686974652D626C61636B2D366B653374776F326C3073653639623666367A6179706C703027293B222F3E3C2F673E3C706F6C796C696E6520706F696E74733D223732302C313135203732302C3630202220636C6173733D22646A732D68697420646A732D6869742D7374726F6B6522207374796C653D2266696C6C3A206E6F6E653B207374726F6B652D6F7061636974793A20303B207374726F6B653A2077686974653B207374726F6B652D77696474683A20313570783B222F3E3C7265637420783D223731342220793D223534222077696474683D22313222206865696768743D2236372220636C6173733D22646A732D6F75746C696E6522207374796C653D2266696C6C3A206E6F6E653B222F3E3C2F673E3C2F673E3C6720636C6173733D22646A732D67726F7570223E3C6720636C6173733D22646A732D656C656D656E7420646A732D636F6E6E656374696F6E2220646174612D656C656D656E742D69643D2253657175656E6365466C6F775F31716C6932336E22207374796C653D22646973706C61793A20626C6F636B3B223E3C6720636C6173733D22646A732D76697375616C223E3C7061746820643D226D20203732302C3136354C3732302C323730204C3430302C3237302022207374796C653D2266696C6C3A206E6F6E653B207374726F6B652D77696474683A203170783B207374726F6B653A20626C61636B3B207374726F6B652D6C696E656A6F696E3A20726F756E643B206D61726B65722D656E643A2075726C28272373657175656E6365666C6F772D656E642D77686974652D626C61636B2D366B653374776F326C3073653639623666367A6179706C703027293B222F3E3C2F673E3C706F6C796C696E6520706F696E74733D223732302C313635203732302C323730203430302C323730202220636C6173733D22646A732D68697420646A732D6869742D7374726F6B6522207374796C653D2266696C6C3A206E6F6E653B207374726F6B652D6F7061636974793A20303B207374726F6B653A2077686974653B207374726F6B652D77696474683A20313570783B222F3E3C7265637420783D223339342220793D22313539222077696474683D2233333222206865696768743D223131372220636C6173733D22646A732D6F75746C696E6522207374796C653D2266696C6C3A206E6F6E653B222F3E3C2F673E3C2F673E3C6720636C6173733D22646A732D67726F7570223E3C6720636C6173733D22646A732D656C656D656E7420646A732D636F6E6E656374696F6E2220646174612D656C656D656E742D69643D2253657175656E6365466C6F775F3030777766386222207374796C653D22646973706C61793A20626C6F636B3B223E3C6720636C6173733D22646A732D76697375616C223E3C7061746820643D226D20203737302C32304C3834352C32302022207374796C653D2266696C6C3A206E6F6E653B207374726F6B652D77696474683A203170783B207374726F6B653A20626C61636B3B207374726F6B652D6C696E656A6F696E3A20726F756E643B206D61726B65722D656E643A2075726C28272373657175656E6365666C6F772D656E642D77686974652D626C61636B2D366B653374776F326C3073653639623666367A6179706C703027293B222F3E3C2F673E3C706F6C796C696E6520706F696E74733D223737302C3230203834352C3230202220636C6173733D22646A732D68697420646A732D6869742D7374726F6B6522207374796C653D2266696C6C3A206E6F6E653B207374726F6B652D6F7061636974793A20303B207374726F6B653A2077686974653B207374726F6B652D77696474683A20313570783B222F3E3C7265637420783D223736342220793D223134222077696474683D22383722206865696768743D2231322220636C6173733D22646A732D6F75746C696E6522207374796C653D2266696C6C3A206E6F6E653B222F3E3C2F673E3C2F673E3C6720636C6173733D22646A732D67726F7570223E3C6720636C6173733D22646A732D656C656D656E7420646A732D636F6E6E656374696F6E2220646174612D656C656D656E742D69643D2253657175656E6365466C6F775F3138356B38327A22207374796C653D22646973706C61793A20626C6F636B3B223E3C6720636C6173733D22646A732D76697375616C223E3C7061746820643D226D20203839352C32304C313035322C32302022207374796C653D2266696C6C3A206E6F6E653B207374726F6B652D77696474683A203170783B207374726F6B653A20626C61636B3B207374726F6B652D6C696E656A6F696E3A20726F756E643B206D61726B65722D656E643A2075726C28272373657175656E6365666C6F772D656E642D77686974652D626C61636B2D366B653374776F326C3073653639623666367A6179706C703027293B222F3E3C2F673E3C706F6C796C696E6520706F696E74733D223839352C323020313035322C3230202220636C6173733D22646A732D68697420646A732D6869742D7374726F6B6522207374796C653D2266696C6C3A206E6F6E653B207374726F6B652D6F7061636974793A20303B207374726F6B653A2077686974653B207374726F6B652D77696474683A20313570783B222F3E3C7265637420783D223838392220793D223134222077696474683D2231363922206865696768743D2231322220636C6173733D22646A732D6F75746C696E6522207374796C653D2266696C6C3A206E6F6E653B222F3E3C2F673E3C2F673E3C6720636C6173733D22646A732D67726F7570223E3C6720636C6173733D22646A732D656C656D656E7420646A732D636F6E6E656374696F6E2220646174612D656C656D656E742D69643D2253657175656E6365466C6F775F3071686C79616B22207374796C653D22646973706C61793A20626C6F636B3B223E3C6720636C6173733D22646A732D76697375616C223E3C7061746820643D226D20203837302C34354C3837302C323730204C3430302C3237302022207374796C653D2266696C6C3A206E6F6E653B207374726F6B652D77696474683A203170783B207374726F6B653A20626C61636B3B207374726F6B652D6C696E656A6F696E3A20726F756E643B206D61726B65722D656E643A2075726C28272373657175656E6365666C6F772D656E642D77686974652D626C61636B2D366B653374776F326C3073653639623666367A6179706C703027293B222F3E3C2F673E3C706F6C796C696E6520706F696E74733D223837302C3435203837302C323730203430302C323730202220636C6173733D22646A732D68697420646A732D6869742D7374726F6B6522207374796C653D2266696C6C3A206E6F6E653B207374726F6B652D6F7061636974793A20303B207374726F6B653A2077686974653B207374726F6B652D77696474683A20313570783B222F3E3C7265637420783D223339342220793D223339222077696474683D2234383222206865696768743D223233372220636C6173733D22646A732D6F75746C696E6522207374796C653D2266696C6C3A206E6F6E653B222F3E3C2F673E3C2F673E3C6720636C6173733D22646A732D67726F7570223E3C6720636C6173733D22646A732D656C656D656E7420646A732D636F6E6E656374696F6E2220646174612D656C656D656E742D69643D2253657175656E6365466C6F775F3064717171736C22207374796C653D22646973706C61793A20626C6F636B3B223E3C6720636C6173733D22646A732D76697375616C223E3C7061746820643D226D202037382C3134304C3135302C3134302022207374796C653D2266696C6C3A206E6F6E653B207374726F6B652D77696474683A203170783B207374726F6B653A20626C61636B3B207374726F6B652D6C696E656A6F696E3A20726F756E643B206D61726B65722D656E643A2075726C28272373657175656E6365666C6F772D656E642D77686974652D626C61636B2D366B653374776F326C3073653639623666367A6179706C703027293B222F3E3C2F673E3C706F6C796C696E6520706F696E74733D2237382C313430203135302C313430202220636C6173733D22646A732D68697420646A732D6869742D7374726F6B6522207374796C653D2266696C6C3A206E6F6E653B207374726F6B652D6F7061636974793A20303B207374726F6B653A2077686974653B207374726F6B652D77696474683A20313570783B222F3E3C7265637420783D2237322220793D22313334222077696474683D22383422206865696768743D2231322220636C6173733D22646A732D6F75746C696E6522207374796C653D2266696C6C3A206E6F6E653B222F3E3C2F673E3C2F673E3C6720636C6173733D22646A732D67726F7570223E3C6720636C6173733D22646A732D656C656D656E7420646A732D636F6E6E656374696F6E2220646174612D656C656D656E742D69643D2253657175656E6365466C6F775F3039317879386322207374796C653D22646973706C61793A20626C6F636B3B223E3C6720636C6173733D22646A732D76697375616C223E3C7061746820643D226D20203335302C3136354C3335302C3233302022207374796C653D2266696C6C3A206E6F6E653B207374726F6B652D77696474683A203170783B207374726F6B653A20626C61636B3B207374726F6B652D6C696E656A6F696E3A20726F756E643B206D61726B65722D656E643A2075726C28272373657175656E6365666C6F772D656E642D77686974652D626C61636B2D366B653374776F326C3073653639623666367A6179706C703027293B222F3E3C2F673E3C706F6C796C696E6520706F696E74733D223335302C313635203335302C323330202220636C6173733D22646A732D68697420646A732D6869742D7374726F6B6522207374796C653D2266696C6C3A206E6F6E653B207374726F6B652D6F7061636974793A20303B207374726F6B653A2077686974653B207374726F6B652D77696474683A20313570783B222F3E3C7265637420783D223334342220793D22313539222077696474683D22313222206865696768743D2237372220636C6173733D22646A732D6F75746C696E6522207374796C653D2266696C6C3A206E6F6E653B222F3E3C2F673E3C2F673E3C6720636C6173733D22646A732D67726F7570223E3C6720636C6173733D22646A732D656C656D656E7420646A732D73686170652220646174612D656C656D656E742D69643D22707265736964656E74417564697422207374796C653D22646973706C61793A20626C6F636B3B22207472616E73666F726D3D226D61747269782831203020302031203530302031303029223E3C6720636C6173733D22646A732D76697375616C223E3C7265637420783D22302220793D2230222077696474683D2231303022206865696768743D223830222072783D223130222072793D22313022207374796C653D227374726F6B653A20626C61636B3B207374726F6B652D77696474683A203170783B2066696C6C3A2077686974653B2066696C6C2D6F7061636974793A20302E39353B222F3E3C74657874206C696E654865696768743D22312E322220636C6173733D22646A732D6C6162656C22207374796C653D22666F6E742D66616D696C793A20417269616C2C2073616E732D73657269663B20666F6E742D73697A653A20313270783B20666F6E742D7765696768743A206E6F726D616C3B2066696C6C3A20626C61636B3B223E3C747370616E20783D2232302220793D2234332E353939393939393939393939393934223EE680BBE7BB8FE79086E5AEA1E689B93C2F747370616E3E3C2F746578743E3C7061746820643D226D2031352C3132206320302E3930392C2D302E38343520312E3539342C2D322E30343920312E3539342C2D332E33383520302C2D322E353534202D312E3830352C2D342E3632313939393939202D342E3335372C2D342E3632313939393939202D322E35353139393939382C30202D342E32383739393939382C322E3036373939393939202D342E32383739393939382C342E363231393939393920302C312E33343820302E3937342C322E35363220312E38393539393939382C332E343035202D302E35323839393939382C302E313837202D352E3636392C322E303937202D352E3739342C342E37353630303035207620362E37313820682031372076202D362E373138206320302C2D322E32393830303035202D352E353237393939362C2D342E35393530303035202D362E303530393939362C2D342E37373630303035207A6D202D382C36206C20302C352E35206D2031312C30206C20302C2D3522207374796C653D2266696C6C3A2077686974653B207374726F6B652D77696474683A20302E3570783B207374726F6B653A20626C61636B3B222F3E3C7061746820643D226D2031352C3132206D20322E3136322C312E303039206320302C322E34343730303035202D322E3135382C342E34333130303035202D342E3832312C342E34333130303035202D322E36363439393939382C30202D342E3832322C2D312E393831202D342E3832322C2D342E343331303030352022207374796C653D2266696C6C3A2077686974653B207374726F6B652D77696474683A20302E3570783B207374726F6B653A20626C61636B3B222F3E3C7061746820643D226D2031352C3132206D202D362E392C2D332E3830206320302C3020322E32353039393939382C2D322E33353820342E32373339393939382C2D312E31373720322E3032342C312E31383120342E3232312C312E35333720342E3132342C302E393635202D302E3039382C2D302E3537202D302E3131372C2D332E3739303939393939202D342E3139312C2D342E3133353939393939202D332E35373439393939382C302E303031202D342E32303739393939382C332E3336363939393939202D342E32303639393939382C342E3334373939393939207A22207374796C653D2266696C6C3A20626C61636B3B207374726F6B652D77696474683A20302E3570783B207374726F6B653A20626C61636B3B222F3E3C2F673E3C7265637420636C6173733D22646A732D68697420646A732D6869742D616C6C2220783D22302220793D2230222077696474683D2231303022206865696768743D22383022207374796C653D2266696C6C3A206E6F6E653B207374726F6B652D6F7061636974793A20303B207374726F6B653A2077686974653B207374726F6B652D77696474683A20313570783B222F3E3C7265637420783D222D362220793D222D36222077696474683D2231313222206865696768743D2239322220636C6173733D22646A732D6F75746C696E6522207374796C653D2266696C6C3A206E6F6E653B222F3E3C2F673E3C2F673E3C6720636C6173733D22646A732D67726F7570223E3C6720636C6173733D22646A732D656C656D656E7420646A732D73686170652220646174612D656C656D656E742D69643D2266696E616E6369616C417564697422207374796C653D22646973706C61793A20626C6F636B3B22207472616E73666F726D3D226D6174726978283120302030203120363730202D323029223E3C6720636C6173733D22646A732D76697375616C223E3C7265637420783D22302220793D2230222077696474683D2231303022206865696768743D223830222072783D223130222072793D22313022207374796C653D227374726F6B653A20626C61636B3B207374726F6B652D77696474683A203170783B2066696C6C3A2077686974653B2066696C6C2D6F7061636974793A20302E39353B222F3E3C74657874206C696E654865696768743D22312E322220636C6173733D22646A732D6C6162656C22207374796C653D22666F6E742D66616D696C793A20417269616C2C2073616E732D73657269663B20666F6E742D73697A653A20313270783B20666F6E742D7765696768743A206E6F726D616C3B2066696C6C3A20626C61636B3B223E3C747370616E20783D2232362220793D2234332E353939393939393939393939393934223EE8B4A2E58AA1E5AEA1E689B93C2F747370616E3E3C2F746578743E3C7061746820643D226D2031352C3132206320302E3930392C2D302E38343520312E3539342C2D322E30343920312E3539342C2D332E33383520302C2D322E353534202D312E3830352C2D342E3632313939393939202D342E3335372C2D342E3632313939393939202D322E35353139393939382C30202D342E32383739393939382C322E3036373939393939202D342E32383739393939382C342E363231393939393920302C312E33343820302E3937342C322E35363220312E38393539393939382C332E343035202D302E35323839393939382C302E313837202D352E3636392C322E303937202D352E3739342C342E37353630303035207620362E37313820682031372076202D362E373138206320302C2D322E32393830303035202D352E353237393939362C2D342E35393530303035202D362E303530393939362C2D342E37373630303035207A6D202D382C36206C20302C352E35206D2031312C30206C20302C2D3522207374796C653D2266696C6C3A2077686974653B207374726F6B652D77696474683A20302E3570783B207374726F6B653A20626C61636B3B222F3E3C7061746820643D226D2031352C3132206D20322E3136322C312E303039206320302C322E34343730303035202D322E3135382C342E34333130303035202D342E3832312C342E34333130303035202D322E36363439393939382C30202D342E3832322C2D312E393831202D342E3832322C2D342E343331303030352022207374796C653D2266696C6C3A2077686974653B207374726F6B652D77696474683A20302E3570783B207374726F6B653A20626C61636B3B222F3E3C7061746820643D226D2031352C3132206D202D362E392C2D332E3830206320302C3020322E32353039393939382C2D322E33353820342E32373339393939382C2D312E31373720322E3032342C312E31383120342E3232312C312E35333720342E3132342C302E393635202D302E3039382C2D302E3537202D302E3131372C2D332E3739303939393939202D342E3139312C2D342E3133353939393939202D332E35373439393939382C302E303031202D342E32303739393939382C332E3336363939393939202D342E32303639393939382C342E3334373939393939207A22207374796C653D2266696C6C3A20626C61636B3B207374726F6B652D77696474683A20302E3570783B207374726F6B653A20626C61636B3B222F3E3C2F673E3C7265637420636C6173733D22646A732D68697420646A732D6869742D616C6C2220783D22302220793D2230222077696474683D2231303022206865696768743D22383022207374796C653D2266696C6C3A206E6F6E653B207374726F6B652D6F7061636974793A20303B207374726F6B653A2077686974653B207374726F6B652D77696474683A20313570783B222F3E3C7265637420783D222D362220793D222D36222077696474683D2231313222206865696768743D2239322220636C6173733D22646A732D6F75746C696E6522207374796C653D2266696C6C3A206E6F6E653B222F3E3C2F673E3C2F673E3C6720636C6173733D22646A732D67726F7570223E3C6720636C6173733D22646A732D656C656D656E7420646A732D73686170652220646174612D656C656D656E742D69643D224578636C7573697665476174657761795F316E356978737622207374796C653D22646973706C61793A20626C6F636B3B22207472616E73666F726D3D226D61747269782831203020302031203639352031313529223E3C6720636C6173733D22646A732D76697375616C223E3C706F6C79676F6E20706F696E74733D2232352C302035302C32352032352C353020302C323522207374796C653D227374726F6B653A20626C61636B3B207374726F6B652D77696474683A203170783B2066696C6C3A2077686974653B2066696C6C2D6F7061636974793A20302E39353B222F3E3C7061746820643D226D2031362C313520372E34323835373134323835373134332C392E373134323835373134323835373135202D372E34323835373134323835373134332C392E37313432383537313432383537313520332E3432383537313432383537313432392C3020352E3731343238353731343238353731352C2D372E34363432323835373134323835373220352E3731343238353731343238353731352C372E34363432323835373134323835373220332E3432383537313432383537313432392C30202D372E34323835373134323835373134332C2D392E37313432383537313432383537313520372E34323835373134323835373134332C2D392E373134323835373134323835373135202D332E3432383537313432383537313432392C30202D352E3731343238353731343238353731352C372E343634323238353731343238353732202D352E3731343238353731343238353731352C2D372E343634323238353731343238353732202D332E3432383537313432383537313432392C30207A22207374796C653D2266696C6C3A20626C61636B3B207374726F6B652D77696474683A203170783B207374726F6B653A20626C61636B3B222F3E3C2F673E3C7265637420636C6173733D22646A732D68697420646A732D6869742D616C6C2220783D22302220793D2230222077696474683D22353022206865696768743D22353022207374796C653D2266696C6C3A206E6F6E653B207374726F6B652D6F7061636974793A20303B207374726F6B653A2077686974653B207374726F6B652D77696474683A20313570783B222F3E3C7265637420783D222D362220793D222D36222077696474683D22363222206865696768743D2236322220636C6173733D22646A732D6F75746C696E6522207374796C653D2266696C6C3A206E6F6E653B222F3E3C2F673E3C2F673E3C6720636C6173733D22646A732D67726F7570223E3C6720636C6173733D22646A732D656C656D656E7420646A732D73686170652220646174612D656C656D656E742D69643D22456E644576656E745F3167306775797922207374796C653D22646973706C61793A20626C6F636B3B22207472616E73666F726D3D226D617472697828312030203020312031303532203229223E3C6720636C6173733D22646A732D76697375616C223E3C636972636C652063783D223138222063793D2231382220723D22313822207374796C653D227374726F6B653A20626C61636B3B207374726F6B652D77696474683A203270783B2066696C6C3A2077686974653B2066696C6C2D6F7061636974793A20302E39353B222F3E3C2F673E3C7265637420636C6173733D22646A732D68697420646A732D6869742D616C6C2220783D22302220793D2230222077696474683D22333622206865696768743D22333622207374796C653D2266696C6C3A206E6F6E653B207374726F6B652D6F7061636974793A20303B207374726F6B653A2077686974653B207374726F6B652D77696474683A20313570783B222F3E3C7265637420783D222D362220793D222D36222077696474683D22343822206865696768743D2234382220636C6173733D22646A732D6F75746C696E6522207374796C653D2266696C6C3A206E6F6E653B222F3E3C2F673E3C2F673E3C6720636C6173733D22646A732D67726F7570223E3C6720636C6173733D22646A732D656C656D656E7420646A732D73686170652220646174612D656C656D656E742D69643D22456E644576656E745F316730677579795F6C6162656C22207374796C653D22646973706C61793A20626C6F636B3B22207472616E73666F726D3D226D61747269782831203020302031203130353920343529223E3C6720636C6173733D22646A732D76697375616C223E3C74657874206C696E654865696768743D22312E322220636C6173733D22646A732D6C6162656C22207374796C653D22666F6E742D66616D696C793A20417269616C2C2073616E732D73657269663B20666F6E742D73697A653A20313170783B20666F6E742D7765696768743A206E6F726D616C3B2066696C6C3A20626C61636B3B223E3C747370616E20783D22302220793D22392E383939393939393939393939393939223EE7BB93E69D9F3C2F747370616E3E3C2F746578743E3C2F673E3C7265637420636C6173733D22646A732D68697420646A732D6869742D616C6C2220783D22302220793D2230222077696474683D22323222206865696768743D22313422207374796C653D2266696C6C3A206E6F6E653B207374726F6B652D6F7061636974793A20303B207374726F6B653A2077686974653B207374726F6B652D77696474683A20313570783B222F3E3C7265637420783D222D362220793D222D36222077696474683D22333422206865696768743D2232362220636C6173733D22646A732D6F75746C696E6522207374796C653D2266696C6C3A206E6F6E653B222F3E3C2F673E3C2F673E3C6720636C6173733D22646A732D67726F7570223E3C6720636C6173733D22646A732D656C656D656E7420646A732D73686170652220646174612D656C656D656E742D69643D2253746172744576656E745F303179647A716522207374796C653D22646973706C61793A20626C6F636B3B22207472616E73666F726D3D226D617472697828312030203020312034322031323229223E3C6720636C6173733D22646A732D76697375616C223E3C636972636C652063783D223138222063793D2231382220723D22313822207374796C653D227374726F6B653A20626C61636B3B207374726F6B652D77696474683A203170783B2066696C6C3A2077686974653B2066696C6C2D6F7061636974793A20302E39353B222F3E3C2F673E3C7265637420636C6173733D22646A732D68697420646A732D6869742D616C6C2220783D22302220793D2230222077696474683D22333622206865696768743D22333622207374796C653D2266696C6C3A206E6F6E653B207374726F6B652D6F7061636974793A20303B207374726F6B653A2077686974653B207374726F6B652D77696474683A20313570783B222F3E3C7265637420783D222D362220793D222D36222077696474683D22343822206865696768743D2234382220636C6173733D22646A732D6F75746C696E6522207374796C653D2266696C6C3A206E6F6E653B222F3E3C2F673E3C2F673E3C6720636C6173733D22646A732D67726F7570223E3C6720636C6173733D22646A732D656C656D656E7420646A732D73686170652220646174612D656C656D656E742D69643D2253746172744576656E745F303179647A71655F6C6162656C22207374796C653D22646973706C61793A20626C6F636B3B22207472616E73666F726D3D226D617472697828312030203020312034392031363529223E3C6720636C6173733D22646A732D76697375616C223E3C74657874206C696E654865696768743D22312E322220636C6173733D22646A732D6C6162656C22207374796C653D22666F6E742D66616D696C793A20417269616C2C2073616E732D73657269663B20666F6E742D73697A653A20313170783B20666F6E742D7765696768743A206E6F726D616C3B2066696C6C3A20626C61636B3B223E3C747370616E20783D22302220793D22392E383939393939393939393939393939223EE5BC80E5A78B3C2F747370616E3E3C2F746578743E3C2F673E3C7265637420636C6173733D22646A732D68697420646A732D6869742D616C6C2220783D22302220793D2230222077696474683D22323222206865696768743D22313422207374796C653D2266696C6C3A206E6F6E653B207374726F6B652D6F7061636974793A20303B207374726F6B653A2077686974653B207374726F6B652D77696474683A20313570783B222F3E3C7265637420783D222D362220793D222D36222077696474683D22333422206865696768743D2232362220636C6173733D22646A732D6F75746C696E6522207374796C653D2266696C6C3A206E6F6E653B222F3E3C2F673E3C2F673E3C6720636C6173733D22646A732D67726F7570223E3C6720636C6173733D22646A732D656C656D656E7420646A732D73686170652220646174612D656C656D656E742D69643D2273686F704F776E6572417564697422207374796C653D22646973706C61793A20626C6F636B3B22207472616E73666F726D3D226D61747269782831203020302031203135302031303029223E3C6720636C6173733D22646A732D76697375616C223E3C7265637420783D22302220793D2230222077696474683D2231303022206865696768743D223830222072783D223130222072793D22313022207374796C653D227374726F6B653A20626C61636B3B207374726F6B652D77696474683A203170783B2066696C6C3A2077686974653B2066696C6C2D6F7061636974793A20302E39353B222F3E3C74657874206C696E654865696768743D22312E322220636C6173733D22646A732D6C6162656C22207374796C653D22666F6E742D66616D696C793A20417269616C2C2073616E732D73657269663B20666F6E742D73697A653A20313270783B20666F6E742D7765696768743A206E6F726D616C3B2066696C6C3A20626C61636B3B223E3C747370616E20783D2232362220793D2234332E353939393939393939393939393934223EE5BA97E995BFE5AEA1E689B93C2F747370616E3E3C2F746578743E3C7061746820643D226D2031352C3132206320302E3930392C2D302E38343520312E3539342C2D322E30343920312E3539342C2D332E33383520302C2D322E353534202D312E3830352C2D342E3632313939393939202D342E3335372C2D342E3632313939393939202D322E35353139393939382C30202D342E32383739393939382C322E3036373939393939202D342E32383739393939382C342E363231393939393920302C312E33343820302E3937342C322E35363220312E38393539393939382C332E343035202D302E35323839393939382C302E313837202D352E3636392C322E303937202D352E3739342C342E37353630303035207620362E37313820682031372076202D362E373138206320302C2D322E32393830303035202D352E353237393939362C2D342E35393530303035202D362E303530393939362C2D342E37373630303035207A6D202D382C36206C20302C352E35206D2031312C30206C20302C2D3522207374796C653D2266696C6C3A2077686974653B207374726F6B652D77696474683A20302E3570783B207374726F6B653A20626C61636B3B222F3E3C7061746820643D226D2031352C3132206D20322E3136322C312E303039206320302C322E34343730303035202D322E3135382C342E34333130303035202D342E3832312C342E34333130303035202D322E36363439393939382C30202D342E3832322C2D312E393831202D342E3832322C2D342E343331303030352022207374796C653D2266696C6C3A2077686974653B207374726F6B652D77696474683A20302E3570783B207374726F6B653A20626C61636B3B222F3E3C7061746820643D226D2031352C3132206D202D362E392C2D332E3830206320302C3020322E32353039393939382C2D322E33353820342E32373339393939382C2D312E31373720322E3032342C312E31383120342E3232312C312E35333720342E3132342C302E393635202D302E3039382C2D302E3537202D302E3131372C2D332E3739303939393939202D342E3139312C2D342E3133353939393939202D332E35373439393939382C302E303031202D342E32303739393939382C332E3336363939393939202D342E32303639393939382C342E3334373939393939207A22207374796C653D2266696C6C3A20626C61636B3B207374726F6B652D77696474683A20302E3570783B207374726F6B653A20626C61636B3B222F3E3C2F673E3C7265637420636C6173733D22646A732D68697420646A732D6869742D616C6C2220783D22302220793D2230222077696474683D2231303022206865696768743D22383022207374796C653D2266696C6C3A206E6F6E653B207374726F6B652D6F7061636974793A20303B207374726F6B653A2077686974653B207374726F6B652D77696474683A20313570783B222F3E3C7265637420783D222D362220793D222D36222077696474683D2231313222206865696768743D2239322220636C6173733D22646A732D6F75746C696E6522207374796C653D2266696C6C3A206E6F6E653B222F3E3C2F673E3C2F673E3C6720636C6173733D22646A732D67726F7570223E3C6720636C6173733D22646A732D656C656D656E7420646A732D73686170652220646174612D656C656D656E742D69643D224578636C7573697665476174657761795F316C7A716A737922207374796C653D22646973706C61793A20626C6F636B3B22207472616E73666F726D3D226D61747269782831203020302031203332352031313529223E3C6720636C6173733D22646A732D76697375616C223E3C706F6C79676F6E20706F696E74733D2232352C302035302C32352032352C353020302C323522207374796C653D227374726F6B653A20626C61636B3B207374726F6B652D77696474683A203170783B2066696C6C3A2077686974653B2066696C6C2D6F7061636974793A20302E39353B222F3E3C7061746820643D226D2031362C313520372E34323835373134323835373134332C392E373134323835373134323835373135202D372E34323835373134323835373134332C392E37313432383537313432383537313520332E3432383537313432383537313432392C3020352E3731343238353731343238353731352C2D372E34363432323835373134323835373220352E3731343238353731343238353731352C372E34363432323835373134323835373220332E3432383537313432383537313432392C30202D372E34323835373134323835373134332C2D392E37313432383537313432383537313520372E34323835373134323835373134332C2D392E373134323835373134323835373135202D332E3432383537313432383537313432392C30202D352E3731343238353731343238353731352C372E343634323238353731343238353732202D352E3731343238353731343238353731352C2D372E343634323238353731343238353732202D332E3432383537313432383537313432392C30207A22207374796C653D2266696C6C3A20626C61636B3B207374726F6B652D77696474683A203170783B207374726F6B653A20626C61636B3B222F3E3C2F673E3C7265637420636C6173733D22646A732D68697420646A732D6869742D616C6C2220783D22302220793D2230222077696474683D22353022206865696768743D22353022207374796C653D2266696C6C3A206E6F6E653B207374726F6B652D6F7061636974793A20303B207374726F6B653A2077686974653B207374726F6B652D77696474683A20313570783B222F3E3C7265637420783D222D362220793D222D36222077696474683D22363222206865696768743D2236322220636C6173733D22646A732D6F75746C696E6522207374796C653D2266696C6C3A206E6F6E653B222F3E3C2F673E3C2F673E3C6720636C6173733D22646A732D67726F7570223E3C6720636C6173733D22646A732D656C656D656E7420646A732D73686170652220646174612D656C656D656E742D69643D2272654170706C7922207374796C653D22646973706C61793A20626C6F636B3B22207472616E73666F726D3D226D61747269782831203020302031203330302032333029223E3C6720636C6173733D22646A732D76697375616C223E3C7265637420783D22302220793D2230222077696474683D2231303022206865696768743D223830222072783D223130222072793D22313022207374796C653D227374726F6B653A20626C61636B3B207374726F6B652D77696474683A203170783B2066696C6C3A2077686974653B2066696C6C2D6F7061636974793A20302E39353B222F3E3C74657874206C696E654865696768743D22312E322220636C6173733D22646A732D6C6162656C22207374796C653D22666F6E742D66616D696C793A20417269616C2C2073616E732D73657269663B20666F6E742D73697A653A20313270783B20666F6E742D7765696768743A206E6F726D616C3B2066696C6C3A20626C61636B3B223E3C747370616E20783D2232362220793D2234332E353939393939393939393939393934223EE8B083E695B4E794B3E8AFB73C2F747370616E3E3C2F746578743E3C7061746820643D226D2031352C3132206320302E3930392C2D302E38343520312E3539342C2D322E30343920312E3539342C2D332E33383520302C2D322E353534202D312E3830352C2D342E3632313939393939202D342E3335372C2D342E3632313939393939202D322E35353139393939382C30202D342E32383739393939382C322E3036373939393939202D342E32383739393939382C342E363231393939393920302C312E33343820302E3937342C322E35363220312E38393539393939382C332E343035202D302E35323839393939382C302E313837202D352E3636392C322E303937202D352E3739342C342E37353630303035207620362E37313820682031372076202D362E373138206320302C2D322E32393830303035202D352E353237393939362C2D342E35393530303035202D362E303530393939362C2D342E37373630303035207A6D202D382C36206C20302C352E35206D2031312C30206C20302C2D3522207374796C653D2266696C6C3A2077686974653B207374726F6B652D77696474683A20302E3570783B207374726F6B653A20626C61636B3B222F3E3C7061746820643D226D2031352C3132206D20322E3136322C312E303039206320302C322E34343730303035202D322E3135382C342E34333130303035202D342E3832312C342E34333130303035202D322E36363439393939382C30202D342E3832322C2D312E393831202D342E3832322C2D342E343331303030352022207374796C653D2266696C6C3A2077686974653B207374726F6B652D77696474683A20302E3570783B207374726F6B653A20626C61636B3B222F3E3C7061746820643D226D2031352C3132206D202D362E392C2D332E3830206320302C3020322E32353039393939382C2D322E33353820342E32373339393939382C2D312E31373720322E3032342C312E31383120342E3232312C312E35333720342E3132342C302E393635202D302E3039382C2D302E3537202D302E3131372C2D332E3739303939393939202D342E3139312C2D342E3133353939393939202D332E35373439393939382C302E303031202D342E32303739393939382C332E3336363939393939202D342E32303639393939382C342E3334373939393939207A22207374796C653D2266696C6C3A20626C61636B3B207374726F6B652D77696474683A20302E3570783B207374726F6B653A20626C61636B3B222F3E3C2F673E3C7265637420636C6173733D22646A732D68697420646A732D6869742D616C6C2220783D22302220793D2230222077696474683D2231303022206865696768743D22383022207374796C653D2266696C6C3A206E6F6E653B207374726F6B652D6F7061636974793A20303B207374726F6B653A2077686974653B207374726F6B652D77696474683A20313570783B222F3E3C7265637420783D222D362220793D222D36222077696474683D2231313222206865696768743D2239322220636C6173733D22646A732D6F75746C696E6522207374796C653D2266696C6C3A206E6F6E653B222F3E3C2F673E3C2F673E3C6720636C6173733D22646A732D67726F7570223E3C6720636C6173733D22646A732D656C656D656E7420646A732D73686170652220646174612D656C656D656E742D69643D2253657175656E6365466C6F775F303931787938635F6C6162656C22207374796C653D22646973706C61793A20626C6F636B3B22207472616E73666F726D3D226D61747269782831203020302031203331312031393529223E3C6720636C6173733D22646A732D76697375616C223E3C74657874206C696E654865696768743D22312E322220636C6173733D22646A732D6C6162656C22207374796C653D22666F6E742D66616D696C793A20417269616C2C2073616E732D73657269663B20666F6E742D73697A653A20313170783B20666F6E742D7765696768743A206E6F726D616C3B2066696C6C3A20626C61636B3B223E3C747370616E20783D22302220793D22392E383939393939393939393939393939223EE5BA97E995BFE5AEA1E689B9E4B88DE9809AE8BF873C2F747370616E3E3C2F746578743E3C2F673E3C7265637420636C6173733D22646A732D68697420646A732D6869742D616C6C2220783D22302220793D2230222077696474683D22373722206865696768743D22313422207374796C653D2266696C6C3A206E6F6E653B207374726F6B652D6F7061636974793A20303B207374726F6B653A2077686974653B207374726F6B652D77696474683A20313570783B222F3E3C7265637420783D222D362220793D222D36222077696474683D22383922206865696768743D2232362220636C6173733D22646A732D6F75746C696E6522207374796C653D2266696C6C3A206E6F6E653B222F3E3C2F673E3C2F673E3C6720636C6173733D22646A732D67726F7570223E3C6720636C6173733D22646A732D656C656D656E7420646A732D73686170652220646174612D656C656D656E742D69643D2253657175656E6365466C6F775F3161657777766F5F6C6162656C22207374796C653D22646973706C61793A20626C6F636B3B22207472616E73666F726D3D226D61747269782831203020302031203430322031323229223E3C6720636C6173733D22646A732D76697375616C223E3C74657874206C696E654865696768743D22312E322220636C6173733D22646A732D6C6162656C22207374796C653D22666F6E742D66616D696C793A20417269616C2C2073616E732D73657269663B20666F6E742D73697A653A20313170783B20666F6E742D7765696768743A206E6F726D616C3B2066696C6C3A20626C61636B3B223E3C747370616E20783D22302220793D22392E383939393939393939393939393939223EE9809AE8BF87E4B894E98791E9A29DE5A4A7E4BA8E3C2F747370616E3E3C747370616E20783D2231352E373537383132352220793D2232332E303939393939393939393939393938223EE7AD89E4BA8E353030303C2F747370616E3E3C2F746578743E3C2F673E3C7265637420636C6173733D22646A732D68697420646A732D6869742D616C6C2220783D22302220793D2230222077696474683D22373722206865696768743D22323722207374796C653D2266696C6C3A206E6F6E653B207374726F6B652D6F7061636974793A20303B207374726F6B653A2077686974653B207374726F6B652D77696474683A20313570783B222F3E3C7265637420783D222D362220793D222D36222077696474683D22383922206865696768743D2233392220636C6173733D22646A732D6F75746C696E6522207374796C653D2266696C6C3A206E6F6E653B222F3E3C2F673E3C2F673E3C6720636C6173733D22646A732D67726F7570223E3C6720636C6173733D22646A732D656C656D656E7420646A732D73686170652220646174612D656C656D656E742D69643D2253657175656E6365466C6F775F303331726D346A5F6C6162656C22207374796C653D22646973706C61793A20626C6F636B3B22207472616E73666F726D3D226D617472697828312030203020312033323720363529223E3C6720636C6173733D22646A732D76697375616C223E3C74657874206C696E654865696768743D22312E322220636C6173733D22646A732D6C6162656C22207374796C653D22666F6E742D66616D696C793A20417269616C2C2073616E732D73657269663B20666F6E742D73697A653A20313170783B20666F6E742D7765696768743A206E6F726D616C3B2066696C6C3A20626C61636B3B223E3C747370616E20783D22302220793D22392E383939393939393939393939393939223EE9809AE8BF87E4B894E98791E9A29DE5B08FE4BA8E203C2F747370616E3E3C747370616E20783D2232362E323537383132352220793D2232332E303939393939393939393939393938223E353030303C2F747370616E3E3C2F746578743E3C2F673E3C7265637420636C6173733D22646A732D68697420646A732D6869742D616C6C2220783D22302220793D2230222077696474683D22373722206865696768743D22323722207374796C653D2266696C6C3A206E6F6E653B207374726F6B652D6F7061636974793A20303B207374726F6B653A2077686974653B207374726F6B652D77696474683A20313570783B222F3E3C7265637420783D222D362220793D222D36222077696474683D22383922206865696768743D2233392220636C6173733D22646A732D6F75746C696E6522207374796C653D2266696C6C3A206E6F6E653B222F3E3C2F673E3C2F673E3C6720636C6173733D22646A732D67726F7570223E3C6720636C6173733D22646A732D656C656D656E7420646A732D73686170652220646174612D656C656D656E742D69643D2253657175656E6365466C6F775F313568363637655F6C6162656C22207374796C653D22646973706C61793A20626C6F636B3B22207472616E73666F726D3D226D617472697828312030203020312036383120383529223E3C6720636C6173733D22646A732D76697375616C223E3C74657874206C696E654865696768743D22312E322220636C6173733D22646A732D6C6162656C22207374796C653D22666F6E742D66616D696C793A20417269616C2C2073616E732D73657269663B20666F6E742D73697A653A20313170783B20666F6E742D7765696768743A206E6F726D616C3B2066696C6C3A20626C61636B3B223E3C747370616E20783D22302220793D22392E383939393939393939393939393939223EE680BBE7BB8FE79086E5AEA1E689B9E9809AE8BF873C2F747370616E3E3C2F746578743E3C2F673E3C7265637420636C6173733D22646A732D68697420646A732D6869742D616C6C2220783D22302220793D2230222077696474683D22373722206865696768743D22313422207374796C653D2266696C6C3A206E6F6E653B207374726F6B652D6F7061636974793A20303B207374726F6B653A2077686974653B207374726F6B652D77696474683A20313570783B222F3E3C7265637420783D222D362220793D222D36222077696474683D22383922206865696768743D2232362220636C6173733D22646A732D6F75746C696E6522207374796C653D2266696C6C3A206E6F6E653B222F3E3C2F673E3C2F673E3C6720636C6173733D22646A732D67726F7570223E3C6720636C6173733D22646A732D656C656D656E7420646A732D73686170652220646174612D656C656D656E742D69643D2253657175656E6365466C6F775F31716C6932336E5F6C6162656C22207374796C653D22646973706C61793A20626C6F636B3B22207472616E73666F726D3D226D61747269782831203020302031203638312032313529223E3C6720636C6173733D22646A732D76697375616C223E3C74657874206C696E654865696768743D22312E322220636C6173733D22646A732D6C6162656C22207374796C653D22666F6E742D66616D696C793A20417269616C2C2073616E732D73657269663B20666F6E742D73697A653A20313170783B20666F6E742D7765696768743A206E6F726D616C3B2066696C6C3A20626C61636B3B223E3C747370616E20783D22302220793D22392E383939393939393939393939393939223EE680BBE7BB8FE79086E5AEA1E689B9E68B92E7BB9D3C2F747370616E3E3C2F746578743E3C2F673E3C7265637420636C6173733D22646A732D68697420646A732D6869742D616C6C2220783D22302220793D2230222077696474683D22373722206865696768743D22313422207374796C653D2266696C6C3A206E6F6E653B207374726F6B652D6F7061636974793A20303B207374726F6B653A2077686974653B207374726F6B652D77696474683A20313570783B222F3E3C7265637420783D222D362220793D222D36222077696474683D22383922206865696768743D2232362220636C6173733D22646A732D6F75746C696E6522207374796C653D2266696C6C3A206E6F6E653B222F3E3C2F673E3C2F673E3C6720636C6173733D22646A732D67726F7570223E3C6720636C6173733D22646A732D656C656D656E7420646A732D73686170652220646174612D656C656D656E742D69643D224578636C7573697665476174657761795F3179613975316A22207374796C653D22646973706C61793A20626C6F636B3B22207472616E73666F726D3D226D6174726978283120302030203120383435202D3529223E3C6720636C6173733D22646A732D76697375616C223E3C706F6C79676F6E20706F696E74733D2232352C302035302C32352032352C353020302C323522207374796C653D227374726F6B653A20626C61636B3B207374726F6B652D77696474683A203170783B2066696C6C3A2077686974653B2066696C6C2D6F7061636974793A20302E39353B222F3E3C7061746820643D226D2031362C313520372E34323835373134323835373134332C392E373134323835373134323835373135202D372E34323835373134323835373134332C392E37313432383537313432383537313520332E3432383537313432383537313432392C3020352E3731343238353731343238353731352C2D372E34363432323835373134323835373220352E3731343238353731343238353731352C372E34363432323835373134323835373220332E3432383537313432383537313432392C30202D372E34323835373134323835373134332C2D392E37313432383537313432383537313520372E34323835373134323835373134332C2D392E373134323835373134323835373135202D332E3432383537313432383537313432392C30202D352E3731343238353731343238353731352C372E343634323238353731343238353732202D352E3731343238353731343238353731352C2D372E343634323238353731343238353732202D332E3432383537313432383537313432392C30207A22207374796C653D2266696C6C3A20626C61636B3B207374726F6B652D77696474683A203170783B207374726F6B653A20626C61636B3B222F3E3C2F673E3C7265637420636C6173733D22646A732D68697420646A732D6869742D616C6C2220783D22302220793D2230222077696474683D22353022206865696768743D22353022207374796C653D2266696C6C3A206E6F6E653B207374726F6B652D6F7061636974793A20303B207374726F6B653A2077686974653B207374726F6B652D77696474683A20313570783B222F3E3C7265637420783D222D362220793D222D36222077696474683D22363222206865696768743D2236322220636C6173733D22646A732D6F75746C696E6522207374796C653D2266696C6C3A206E6F6E653B222F3E3C2F673E3C2F673E3C6720636C6173733D22646A732D67726F7570223E3C6720636C6173733D22646A732D656C656D656E7420646A732D73686170652220646174612D656C656D656E742D69643D2253657175656E6365466C6F775F3138356B38327A5F6C6162656C22207374796C653D22646973706C61793A20626C6F636B3B22207472616E73666F726D3D226D6174726978283120302030203120393431203229223E3C6720636C6173733D22646A732D76697375616C223E3C74657874206C696E654865696768743D22312E322220636C6173733D22646A732D6C6162656C22207374796C653D22666F6E742D66616D696C793A20417269616C2C2073616E732D73657269663B20666F6E742D73697A653A20313170783B20666F6E742D7765696768743A206E6F726D616C3B2066696C6C3A20626C61636B3B223E3C747370616E20783D22302220793D22392E383939393939393939393939393939223EE8B4A2E58AA1E5AEA1E689B9E9809AE8BF873C2F747370616E3E3C2F746578743E3C2F673E3C7265637420636C6173733D22646A732D68697420646A732D6869742D616C6C2220783D22302220793D2230222077696474683D22363622206865696768743D22313422207374796C653D2266696C6C3A206E6F6E653B207374726F6B652D6F7061636974793A20303B207374726F6B653A2077686974653B207374726F6B652D77696474683A20313570783B222F3E3C7265637420783D222D362220793D222D36222077696474683D22373822206865696768743D2232362220636C6173733D22646A732D6F75746C696E6522207374796C653D2266696C6C3A206E6F6E653B222F3E3C2F673E3C2F673E3C6720636C6173733D22646A732D67726F7570223E3C6720636C6173733D22646A732D656C656D656E7420646A732D73686170652073656C65637465642220646174612D656C656D656E742D69643D2253657175656E6365466C6F775F3071686C79616B5F6C6162656C22207374796C653D22646973706C61793A20626C6F636B3B22207472616E73666F726D3D226D61747269782831203020302031203833372031353529223E3C6720636C6173733D22646A732D76697375616C223E3C74657874206C696E654865696768743D22312E322220636C6173733D22646A732D6C6162656C22207374796C653D22666F6E742D66616D696C793A20417269616C2C2073616E732D73657269663B20666F6E742D73697A653A20313170783B20666F6E742D7765696768743A206E6F726D616C3B2066696C6C3A20626C61636B3B223E3C747370616E20783D22302220793D22392E383939393939393939393939393939223EE8B4A2E58AA1E5AEA1E689B9E68B92E7BB9D3C2F747370616E3E3C2F746578743E3C2F673E3C7265637420636C6173733D22646A732D68697420646A732D6869742D616C6C2220783D22302220793D2230222077696474683D22363622206865696768743D22313422207374796C653D2266696C6C3A206E6F6E653B207374726F6B652D6F7061636974793A20303B207374726F6B653A2077686974653B207374726F6B652D77696474683A20313570783B222F3E3C7265637420783D222D362220793D222D36222077696474683D22373822206865696768743D2232362220636C6173733D22646A732D6F75746C696E6522207374796C653D2266696C6C3A206E6F6E653B222F3E3C2F673E3C2F673E3C2F7376673E, '0');
INSERT INTO `act_ge_bytearray` VALUES ('10012', '1', 'bus_car_package.bpmn', '10010', 0x3C3F786D6C2076657273696F6E3D22312E302220656E636F64696E673D225554462D38223F3E0A3C62706D6E323A646566696E6974696F6E7320786D6C6E733A62706D6E323D22687474703A2F2F7777772E6F6D672E6F72672F737065632F42504D4E2F32303130303532342F4D4F44454C2220786D6C6E733A7873693D22687474703A2F2F7777772E77332E6F72672F323030312F584D4C536368656D612D696E7374616E63652220786D6C6E733A62706D6E64693D22687474703A2F2F7777772E6F6D672E6F72672F737065632F42504D4E2F32303130303532342F44492220786D6C6E733A64633D22687474703A2F2F7777772E6F6D672E6F72672F737065632F44442F32303130303532342F44432220786D6C6E733A64693D22687474703A2F2F7777772E6F6D672E6F72672F737065632F44442F32303130303532342F4449222069643D2273616D706C652D6469616772616D22207461726765744E616D6573706163653D22687474703A2F2F62706D6E2E696F2F736368656D612F62706D6E22207873693A736368656D614C6F636174696F6E3D22687474703A2F2F7777772E6F6D672E6F72672F737065632F42504D4E2F32303130303532342F4D4F44454C2042504D4E32302E787364223E0A20203C62706D6E323A70726F636573732069643D226361725F7061636B61676522206E616D653D22E69C8DE58AA1E5A597E9A490E5AEA1E6A0B8E6B581E7A88B223E0A202020203C62706D6E323A646F63756D656E746174696F6E3EE794A8E4BA8EE69C8DE58AA1E5A597E9A490E5AEA1E6A0B82C20E5A597E9A490E98791E9A29DE5A682E69E9CE5A4A7E4BA8E203530303020E99C80E8A681E680BBE7BB8FE79086E5AEA1E689B90A202020203C2F62706D6E323A646F63756D656E746174696F6E3E0A202020203C62706D6E323A73746172744576656E742069643D2253746172744576656E745F303179647A716522206E616D653D22E5BC80E5A78B223E0A2020202020203C62706D6E323A6F7574676F696E673E53657175656E6365466C6F775F3064717171736C0A2020202020203C2F62706D6E323A6F7574676F696E673E0A202020203C2F62706D6E323A73746172744576656E743E0A202020203C62706D6E323A757365725461736B2069643D2273686F704F776E6572417564697422206E616D653D22E5BA97E995BFE5AEA1E689B9223E0A2020202020203C62706D6E323A696E636F6D696E673E53657175656E6365466C6F775F3064717171736C0A2020202020203C2F62706D6E323A696E636F6D696E673E0A2020202020203C62706D6E323A696E636F6D696E673E53657175656E6365466C6F775F31753634647A390A2020202020203C2F62706D6E323A696E636F6D696E673E0A2020202020203C62706D6E323A6F7574676F696E673E53657175656E6365466C6F775F306873787676670A2020202020203C2F62706D6E323A6F7574676F696E673E0A202020203C2F62706D6E323A757365725461736B3E0A202020203C62706D6E323A73657175656E6365466C6F772069643D2253657175656E6365466C6F775F3064717171736C2220736F757263655265663D2253746172744576656E745F303179647A716522207461726765745265663D2273686F704F776E6572417564697422202F3E0A202020203C62706D6E323A6578636C7573697665476174657761792069643D224578636C7573697665476174657761795F316C7A716A7379223E0A2020202020203C62706D6E323A696E636F6D696E673E53657175656E6365466C6F775F306873787676670A2020202020203C2F62706D6E323A696E636F6D696E673E0A2020202020203C62706D6E323A6F7574676F696E673E53657175656E6365466C6F775F303331726D346A0A2020202020203C2F62706D6E323A6F7574676F696E673E0A2020202020203C62706D6E323A6F7574676F696E673E53657175656E6365466C6F775F3161657777766F0A2020202020203C2F62706D6E323A6F7574676F696E673E0A2020202020203C62706D6E323A6F7574676F696E673E53657175656E6365466C6F775F303931787938630A2020202020203C2F62706D6E323A6F7574676F696E673E0A202020203C2F62706D6E323A6578636C7573697665476174657761793E0A202020203C62706D6E323A73657175656E6365466C6F772069643D2253657175656E6365466C6F775F306873787676672220736F757263655265663D2273686F704F776E6572417564697422207461726765745265663D224578636C7573697665476174657761795F316C7A716A737922202F3E0A202020203C62706D6E323A757365725461736B2069643D2266696E616E6369616C417564697422206E616D653D22E8B4A2E58AA1E5AEA1E689B9223E0A2020202020203C62706D6E323A696E636F6D696E673E53657175656E6365466C6F775F303331726D346A0A2020202020203C2F62706D6E323A696E636F6D696E673E0A2020202020203C62706D6E323A696E636F6D696E673E53657175656E6365466C6F775F313568363637650A2020202020203C2F62706D6E323A696E636F6D696E673E0A2020202020203C62706D6E323A6F7574676F696E673E53657175656E6365466C6F775F303077776638620A2020202020203C2F62706D6E323A6F7574676F696E673E0A202020203C2F62706D6E323A757365725461736B3E0A202020203C62706D6E323A73657175656E6365466C6F772069643D2253657175656E6365466C6F775F303331726D346A22206E616D653D22E9809AE8BF87E4B894E98791E9A29DE5B08FE4BA8E20353030302220736F757263655265663D224578636C7573697665476174657761795F316C7A716A737922207461726765745265663D2266696E616E6369616C4175646974223E0A2020202020203C62706D6E323A636F6E646974696F6E45787072657373696F6E207873693A747970653D2262706D6E323A74466F726D616C45787072657373696F6E223E247B73686F704F776E657241756469742026616D703B26616D703B206D6F6E657920266C743B20353030307D0A2020202020203C2F62706D6E323A636F6E646974696F6E45787072657373696F6E3E0A202020203C2F62706D6E323A73657175656E6365466C6F773E0A202020203C62706D6E323A757365725461736B2069643D22707265736964656E74417564697422206E616D653D22E680BBE7BB8FE79086E5AEA1E689B9223E0A2020202020203C62706D6E323A696E636F6D696E673E53657175656E6365466C6F775F3161657777766F0A2020202020203C2F62706D6E323A696E636F6D696E673E0A2020202020203C62706D6E323A6F7574676F696E673E53657175656E6365466C6F775F30316C6D316B7A0A2020202020203C2F62706D6E323A6F7574676F696E673E0A202020203C2F62706D6E323A757365725461736B3E0A202020203C62706D6E323A73657175656E6365466C6F772069643D2253657175656E6365466C6F775F3161657777766F22206E616D653D22E9809AE8BF87E4B894E98791E9A29DE5A4A7E4BA8EE7AD89E4BA8E353030302220736F757263655265663D224578636C7573697665476174657761795F316C7A716A737922207461726765745265663D22707265736964656E744175646974223E0A2020202020203C62706D6E323A636F6E646974696F6E45787072657373696F6E207873693A747970653D2262706D6E323A74466F726D616C45787072657373696F6E223E247B73686F704F776E657241756469742026616D703B26616D703B206D6F6E6579202667743B3D20353030307D0A2020202020203C2F62706D6E323A636F6E646974696F6E45787072657373696F6E3E0A202020203C2F62706D6E323A73657175656E6365466C6F773E0A202020203C62706D6E323A757365725461736B2069643D2272654170706C7922206E616D653D22E8B083E695B4E794B3E8AFB7223E0A2020202020203C62706D6E323A696E636F6D696E673E53657175656E6365466C6F775F303931787938630A2020202020203C2F62706D6E323A696E636F6D696E673E0A2020202020203C62706D6E323A696E636F6D696E673E53657175656E6365466C6F775F31716C6932336E0A2020202020203C2F62706D6E323A696E636F6D696E673E0A2020202020203C62706D6E323A696E636F6D696E673E53657175656E6365466C6F775F3071686C79616B0A2020202020203C2F62706D6E323A696E636F6D696E673E0A2020202020203C62706D6E323A6F7574676F696E673E53657175656E6365466C6F775F31753634647A390A2020202020203C2F62706D6E323A6F7574676F696E673E0A202020203C2F62706D6E323A757365725461736B3E0A202020203C62706D6E323A73657175656E6365466C6F772069643D2253657175656E6365466C6F775F3039317879386322206E616D653D22E5BA97E995BFE5AEA1E689B9E4B88DE9809AE8BF872220736F757263655265663D224578636C7573697665476174657761795F316C7A716A737922207461726765745265663D2272654170706C79223E0A2020202020203C62706D6E323A636F6E646974696F6E45787072657373696F6E207873693A747970653D2262706D6E323A74466F726D616C45787072657373696F6E223E247B2173686F704F776E657241756469747D0A2020202020203C2F62706D6E323A636F6E646974696F6E45787072657373696F6E3E0A202020203C2F62706D6E323A73657175656E6365466C6F773E0A202020203C62706D6E323A73657175656E6365466C6F772069643D2253657175656E6365466C6F775F31753634647A392220736F757263655265663D2272654170706C7922207461726765745265663D2273686F704F776E6572417564697422202F3E0A202020203C62706D6E323A6578636C7573697665476174657761792069643D224578636C7573697665476174657761795F316E3569787376223E0A2020202020203C62706D6E323A696E636F6D696E673E53657175656E6365466C6F775F30316C6D316B7A0A2020202020203C2F62706D6E323A696E636F6D696E673E0A2020202020203C62706D6E323A6F7574676F696E673E53657175656E6365466C6F775F313568363637650A2020202020203C2F62706D6E323A6F7574676F696E673E0A2020202020203C62706D6E323A6F7574676F696E673E53657175656E6365466C6F775F31716C6932336E0A2020202020203C2F62706D6E323A6F7574676F696E673E0A202020203C2F62706D6E323A6578636C7573697665476174657761793E0A202020203C62706D6E323A73657175656E6365466C6F772069643D2253657175656E6365466C6F775F30316C6D316B7A2220736F757263655265663D22707265736964656E74417564697422207461726765745265663D224578636C7573697665476174657761795F316E356978737622202F3E0A202020203C62706D6E323A73657175656E6365466C6F772069643D2253657175656E6365466C6F775F3135683636376522206E616D653D22E680BBE7BB8FE79086E5AEA1E689B9E9809AE8BF872220736F757263655265663D224578636C7573697665476174657761795F316E356978737622207461726765745265663D2266696E616E6369616C4175646974223E0A2020202020203C62706D6E323A636F6E646974696F6E45787072657373696F6E207873693A747970653D2262706D6E323A74466F726D616C45787072657373696F6E223E247B707265736964656E7441756469747D0A2020202020203C2F62706D6E323A636F6E646974696F6E45787072657373696F6E3E0A202020203C2F62706D6E323A73657175656E6365466C6F773E0A202020203C62706D6E323A73657175656E6365466C6F772069643D2253657175656E6365466C6F775F31716C6932336E22206E616D653D22E680BBE7BB8FE79086E5AEA1E689B9E68B92E7BB9D2220736F757263655265663D224578636C7573697665476174657761795F316E356978737622207461726765745265663D2272654170706C79223E0A2020202020203C62706D6E323A636F6E646974696F6E45787072657373696F6E207873693A747970653D2262706D6E323A74466F726D616C45787072657373696F6E223E247B21707265736964656E7441756469747D0A2020202020203C2F62706D6E323A636F6E646974696F6E45787072657373696F6E3E0A202020203C2F62706D6E323A73657175656E6365466C6F773E0A202020203C62706D6E323A6578636C7573697665476174657761792069643D224578636C7573697665476174657761795F3179613975316A223E0A2020202020203C62706D6E323A696E636F6D696E673E53657175656E6365466C6F775F303077776638620A2020202020203C2F62706D6E323A696E636F6D696E673E0A2020202020203C62706D6E323A6F7574676F696E673E53657175656E6365466C6F775F3138356B38327A0A2020202020203C2F62706D6E323A6F7574676F696E673E0A2020202020203C62706D6E323A6F7574676F696E673E53657175656E6365466C6F775F3071686C79616B0A2020202020203C2F62706D6E323A6F7574676F696E673E0A202020203C2F62706D6E323A6578636C7573697665476174657761793E0A202020203C62706D6E323A73657175656E6365466C6F772069643D2253657175656E6365466C6F775F303077776638622220736F757263655265663D2266696E616E6369616C417564697422207461726765745265663D224578636C7573697665476174657761795F3179613975316A22202F3E0A202020203C62706D6E323A656E644576656E742069643D22456E644576656E745F3167306775797922206E616D653D22E7BB93E69D9F223E0A2020202020203C62706D6E323A696E636F6D696E673E53657175656E6365466C6F775F3138356B38327A0A2020202020203C2F62706D6E323A696E636F6D696E673E0A202020203C2F62706D6E323A656E644576656E743E0A202020203C62706D6E323A73657175656E6365466C6F772069643D2253657175656E6365466C6F775F3138356B38327A22206E616D653D22E8B4A2E58AA1E5AEA1E689B9E9809AE8BF872220736F757263655265663D224578636C7573697665476174657761795F3179613975316A22207461726765745265663D22456E644576656E745F31673067757979223E0A2020202020203C62706D6E323A636F6E646974696F6E45787072657373696F6E207873693A747970653D2262706D6E323A74466F726D616C45787072657373696F6E223E247B66696E616E6369616C41756469747D0A2020202020203C2F62706D6E323A636F6E646974696F6E45787072657373696F6E3E0A202020203C2F62706D6E323A73657175656E6365466C6F773E0A202020203C62706D6E323A73657175656E6365466C6F772069643D2253657175656E6365466C6F775F3071686C79616B22206E616D653D22E8B4A2E58AA1E5AEA1E689B9E68B92E7BB9D2220736F757263655265663D224578636C7573697665476174657761795F3179613975316A22207461726765745265663D2272654170706C79223E0A2020202020203C62706D6E323A636F6E646974696F6E45787072657373696F6E207873693A747970653D2262706D6E323A74466F726D616C45787072657373696F6E223E247B2166696E616E6369616C41756469747D0A2020202020203C2F62706D6E323A636F6E646974696F6E45787072657373696F6E3E0A202020203C2F62706D6E323A73657175656E6365466C6F773E0A20203C2F62706D6E323A70726F636573733E0A20203C62706D6E64693A42504D4E4469616772616D2069643D2242504D4E4469616772616D5F31223E0A202020203C62706D6E64693A42504D4E506C616E652069643D2242504D4E506C616E655F31222062706D6E456C656D656E743D226275735F6361725F7061636B616765223E0A2020202020203C62706D6E64693A42504D4E53686170652069643D2253746172744576656E745F303179647A71655F6469222062706D6E456C656D656E743D2253746172744576656E745F303179647A7165223E0A20202020202020203C64633A426F756E647320783D2234322220793D22313232222077696474683D22333622206865696768743D22333622202F3E0A20202020202020203C62706D6E64693A42504D4E4C6162656C3E0A202020202020202020203C64633A426F756E647320783D2234392220793D22313635222077696474683D22323222206865696768743D22313422202F3E0A20202020202020203C2F62706D6E64693A42504D4E4C6162656C3E0A2020202020203C2F62706D6E64693A42504D4E53686170653E0A2020202020203C62706D6E64693A42504D4E53686170652069643D22557365725461736B5F307A62377276335F6469222062706D6E456C656D656E743D2273686F704F776E65724175646974223E0A20202020202020203C64633A426F756E647320783D223135302220793D22313030222077696474683D2231303022206865696768743D22383022202F3E0A2020202020203C2F62706D6E64693A42504D4E53686170653E0A2020202020203C62706D6E64693A42504D4E456467652069643D2253657175656E6365466C6F775F3064717171736C5F6469222062706D6E456C656D656E743D2253657175656E6365466C6F775F3064717171736C223E0A20202020202020203C64693A776179706F696E7420783D2237382220793D2231343022202F3E0A20202020202020203C64693A776179706F696E7420783D223135302220793D2231343022202F3E0A2020202020203C2F62706D6E64693A42504D4E456467653E0A2020202020203C62706D6E64693A42504D4E53686170652069643D224578636C7573697665476174657761795F316C7A716A73795F6469222062706D6E456C656D656E743D224578636C7573697665476174657761795F316C7A716A7379222069734D61726B657256697369626C653D2274727565223E0A20202020202020203C64633A426F756E647320783D223332352220793D22313135222077696474683D22353022206865696768743D22353022202F3E0A2020202020203C2F62706D6E64693A42504D4E53686170653E0A2020202020203C62706D6E64693A42504D4E456467652069643D2253657175656E6365466C6F775F306873787676675F6469222062706D6E456C656D656E743D2253657175656E6365466C6F775F30687378767667223E0A20202020202020203C64693A776179706F696E7420783D223235302220793D2231343022202F3E0A20202020202020203C64693A776179706F696E7420783D223332352220793D2231343022202F3E0A2020202020203C2F62706D6E64693A42504D4E456467653E0A2020202020203C62706D6E64693A42504D4E53686170652069643D22557365725461736B5F316870743830715F6469222062706D6E456C656D656E743D2266696E616E6369616C4175646974223E0A20202020202020203C64633A426F756E647320783D223637302220793D222D3230222077696474683D2231303022206865696768743D22383022202F3E0A2020202020203C2F62706D6E64693A42504D4E53686170653E0A2020202020203C62706D6E64693A42504D4E456467652069643D2253657175656E6365466C6F775F303331726D346A5F6469222062706D6E456C656D656E743D2253657175656E6365466C6F775F303331726D346A223E0A20202020202020203C64693A776179706F696E7420783D223335302220793D2231313522202F3E0A20202020202020203C64693A776179706F696E7420783D223335302220793D22323022202F3E0A20202020202020203C64693A776179706F696E7420783D223637302220793D22323022202F3E0A20202020202020203C62706D6E64693A42504D4E4C6162656C3E0A202020202020202020203C64633A426F756E647320783D223332372220793D223635222077696474683D22373722206865696768743D22323722202F3E0A20202020202020203C2F62706D6E64693A42504D4E4C6162656C3E0A2020202020203C2F62706D6E64693A42504D4E456467653E0A2020202020203C62706D6E64693A42504D4E53686170652069643D22557365725461736B5F317438386E31675F6469222062706D6E456C656D656E743D22707265736964656E744175646974223E0A20202020202020203C64633A426F756E647320783D223530302220793D22313030222077696474683D2231303022206865696768743D22383022202F3E0A2020202020203C2F62706D6E64693A42504D4E53686170653E0A2020202020203C62706D6E64693A42504D4E456467652069643D2253657175656E6365466C6F775F3161657777766F5F6469222062706D6E456C656D656E743D2253657175656E6365466C6F775F3161657777766F223E0A20202020202020203C64693A776179706F696E7420783D223337352220793D2231343022202F3E0A20202020202020203C64693A776179706F696E7420783D223530302220793D2231343022202F3E0A20202020202020203C62706D6E64693A42504D4E4C6162656C3E0A202020202020202020203C64633A426F756E647320783D223430322220793D22313232222077696474683D22373722206865696768743D22323722202F3E0A20202020202020203C2F62706D6E64693A42504D4E4C6162656C3E0A2020202020203C2F62706D6E64693A42504D4E456467653E0A2020202020203C62706D6E64693A42504D4E53686170652069643D22557365725461736B5F3166646E6E67335F6469222062706D6E456C656D656E743D2272654170706C79223E0A20202020202020203C64633A426F756E647320783D223330302220793D22323330222077696474683D2231303022206865696768743D22383022202F3E0A2020202020203C2F62706D6E64693A42504D4E53686170653E0A2020202020203C62706D6E64693A42504D4E456467652069643D2253657175656E6365466C6F775F303931787938635F6469222062706D6E456C656D656E743D2253657175656E6365466C6F775F30393178793863223E0A20202020202020203C64693A776179706F696E7420783D223335302220793D2231363522202F3E0A20202020202020203C64693A776179706F696E7420783D223335302220793D2232333022202F3E0A20202020202020203C62706D6E64693A42504D4E4C6162656C3E0A202020202020202020203C64633A426F756E647320783D223331312220793D22313935222077696474683D22373722206865696768743D22313422202F3E0A20202020202020203C2F62706D6E64693A42504D4E4C6162656C3E0A2020202020203C2F62706D6E64693A42504D4E456467653E0A2020202020203C62706D6E64693A42504D4E456467652069643D2253657175656E6365466C6F775F31753634647A395F6469222062706D6E456C656D656E743D2253657175656E6365466C6F775F31753634647A39223E0A20202020202020203C64693A776179706F696E7420783D223330302220793D2232373022202F3E0A20202020202020203C64693A776179706F696E7420783D223230302220793D2232373022202F3E0A20202020202020203C64693A776179706F696E7420783D223230302220793D2231383022202F3E0A2020202020203C2F62706D6E64693A42504D4E456467653E0A2020202020203C62706D6E64693A42504D4E53686170652069643D224578636C7573697665476174657761795F316E35697873765F6469222062706D6E456C656D656E743D224578636C7573697665476174657761795F316E3569787376222069734D61726B657256697369626C653D2274727565223E0A20202020202020203C64633A426F756E647320783D223639352220793D22313135222077696474683D22353022206865696768743D22353022202F3E0A2020202020203C2F62706D6E64693A42504D4E53686170653E0A2020202020203C62706D6E64693A42504D4E456467652069643D2253657175656E6365466C6F775F30316C6D316B7A5F6469222062706D6E456C656D656E743D2253657175656E6365466C6F775F30316C6D316B7A223E0A20202020202020203C64693A776179706F696E7420783D223630302220793D2231343022202F3E0A20202020202020203C64693A776179706F696E7420783D223639352220793D2231343022202F3E0A2020202020203C2F62706D6E64693A42504D4E456467653E0A2020202020203C62706D6E64693A42504D4E456467652069643D2253657175656E6365466C6F775F313568363637655F6469222062706D6E456C656D656E743D2253657175656E6365466C6F775F31356836363765223E0A20202020202020203C64693A776179706F696E7420783D223732302220793D2231313522202F3E0A20202020202020203C64693A776179706F696E7420783D223732302220793D22363022202F3E0A20202020202020203C62706D6E64693A42504D4E4C6162656C3E0A202020202020202020203C64633A426F756E647320783D223638312220793D223835222077696474683D22373722206865696768743D22313422202F3E0A20202020202020203C2F62706D6E64693A42504D4E4C6162656C3E0A2020202020203C2F62706D6E64693A42504D4E456467653E0A2020202020203C62706D6E64693A42504D4E456467652069643D2253657175656E6365466C6F775F31716C6932336E5F6469222062706D6E456C656D656E743D2253657175656E6365466C6F775F31716C6932336E223E0A20202020202020203C64693A776179706F696E7420783D223732302220793D2231363522202F3E0A20202020202020203C64693A776179706F696E7420783D223732302220793D2232373022202F3E0A20202020202020203C64693A776179706F696E7420783D223430302220793D2232373022202F3E0A20202020202020203C62706D6E64693A42504D4E4C6162656C3E0A202020202020202020203C64633A426F756E647320783D223638312220793D22323135222077696474683D22373722206865696768743D22313422202F3E0A20202020202020203C2F62706D6E64693A42504D4E4C6162656C3E0A2020202020203C2F62706D6E64693A42504D4E456467653E0A2020202020203C62706D6E64693A42504D4E53686170652069643D224578636C7573697665476174657761795F3179613975316A5F6469222062706D6E456C656D656E743D224578636C7573697665476174657761795F3179613975316A222069734D61726B657256697369626C653D2274727565223E0A20202020202020203C64633A426F756E647320783D223834352220793D222D35222077696474683D22353022206865696768743D22353022202F3E0A2020202020203C2F62706D6E64693A42504D4E53686170653E0A2020202020203C62706D6E64693A42504D4E456467652069643D2253657175656E6365466C6F775F303077776638625F6469222062706D6E456C656D656E743D2253657175656E6365466C6F775F30307777663862223E0A20202020202020203C64693A776179706F696E7420783D223737302220793D22323022202F3E0A20202020202020203C64693A776179706F696E7420783D223834352220793D22323022202F3E0A2020202020203C2F62706D6E64693A42504D4E456467653E0A2020202020203C62706D6E64693A42504D4E53686170652069643D22456E644576656E745F316730677579795F6469222062706D6E456C656D656E743D22456E644576656E745F31673067757979223E0A20202020202020203C64633A426F756E647320783D22313035322220793D2232222077696474683D22333622206865696768743D22333622202F3E0A20202020202020203C62706D6E64693A42504D4E4C6162656C3E0A202020202020202020203C64633A426F756E647320783D22313035392220793D223435222077696474683D22323222206865696768743D22313422202F3E0A20202020202020203C2F62706D6E64693A42504D4E4C6162656C3E0A2020202020203C2F62706D6E64693A42504D4E53686170653E0A2020202020203C62706D6E64693A42504D4E456467652069643D2253657175656E6365466C6F775F3138356B38327A5F6469222062706D6E456C656D656E743D2253657175656E6365466C6F775F3138356B38327A223E0A20202020202020203C64693A776179706F696E7420783D223839352220793D22323022202F3E0A20202020202020203C64693A776179706F696E7420783D22313035322220793D22323022202F3E0A20202020202020203C62706D6E64693A42504D4E4C6162656C3E0A202020202020202020203C64633A426F756E647320783D223934312220793D2232222077696474683D22363622206865696768743D22313422202F3E0A20202020202020203C2F62706D6E64693A42504D4E4C6162656C3E0A2020202020203C2F62706D6E64693A42504D4E456467653E0A2020202020203C62706D6E64693A42504D4E456467652069643D2253657175656E6365466C6F775F3071686C79616B5F6469222062706D6E456C656D656E743D2253657175656E6365466C6F775F3071686C79616B223E0A20202020202020203C64693A776179706F696E7420783D223837302220793D22343522202F3E0A20202020202020203C64693A776179706F696E7420783D223837302220793D2232373022202F3E0A20202020202020203C64693A776179706F696E7420783D223430302220793D2232373022202F3E0A20202020202020203C62706D6E64693A42504D4E4C6162656C3E0A202020202020202020203C64633A426F756E647320783D223833372220793D22313535222077696474683D22363622206865696768743D22313422202F3E0A20202020202020203C2F62706D6E64693A42504D4E4C6162656C3E0A2020202020203C2F62706D6E64693A42504D4E456467653E0A202020203C2F62706D6E64693A42504D4E506C616E653E0A20203C2F62706D6E64693A42504D4E4469616772616D3E0A3C2F62706D6E323A646566696E6974696F6E733E0A, '0');
INSERT INTO `act_ge_bytearray` VALUES ('6', '1', 'casual-leave.bpmn', '5', 0x3C3F786D6C2076657273696F6E3D22312E302220656E636F64696E673D225554462D38223F3E0A3C62706D6E323A646566696E6974696F6E7320786D6C6E733A62706D6E323D22687474703A2F2F7777772E6F6D672E6F72672F737065632F42504D4E2F32303130303532342F4D4F44454C2220786D6C6E733A7873693D22687474703A2F2F7777772E77332E6F72672F323030312F584D4C536368656D612D696E7374616E63652220786D6C6E733A62706D6E64693D22687474703A2F2F7777772E6F6D672E6F72672F737065632F42504D4E2F32303130303532342F44492220786D6C6E733A64633D22687474703A2F2F7777772E6F6D672E6F72672F737065632F44442F32303130303532342F44432220786D6C6E733A64693D22687474703A2F2F7777772E6F6D672E6F72672F737065632F44442F32303130303532342F4449222069643D2273616D706C652D6469616772616D22207461726765744E616D6573706163653D22687474703A2F2F62706D6E2E696F2F736368656D612F62706D6E22207873693A736368656D614C6F636174696F6E3D22687474703A2F2F7777772E6F6D672E6F72672F737065632F42504D4E2F32303130303532342F4D4F44454C2042504D4E32302E787364223E3C62706D6E323A70726F636573732069643D2263617375616C2D6C6561766522206E616D653D22E8AFB7E58187E6B581E7A88B2DE4BA8BE58187223E3C62706D6E323A73746172744576656E742069643D2253746172744576656E745F303179647A716522206E616D653D22E5BC80E5A78B223E3C62706D6E323A6F7574676F696E673E53657175656E6365466C6F775F306736727873763C2F62706D6E323A6F7574676F696E673E3C2F62706D6E323A73746172744576656E743E3C62706D6E323A757365725461736B2069643D22557365725461736B5F303035336B6E3822206E616D653D22E983A8E997A8E7BB8FE79086E5AEA1E689B9223E3C62706D6E323A696E636F6D696E673E53657175656E6365466C6F775F306736727873763C2F62706D6E323A696E636F6D696E673E3C62706D6E323A6F7574676F696E673E53657175656E6365466C6F775F317130627A68643C2F62706D6E323A6F7574676F696E673E3C2F62706D6E323A757365725461736B3E3C62706D6E323A73657175656E6365466C6F772069643D2253657175656E6365466C6F775F306736727873762220736F757263655265663D2253746172744576656E745F303179647A716522207461726765745265663D22557365725461736B5F303035336B6E3822202F3E3C62706D6E323A757365725461736B2069643D22557365725461736B5F30326D3065627922206E616D653D22E4BABAE4BA8BE5A48DE689B9223E3C62706D6E323A696E636F6D696E673E53657175656E6365466C6F775F317130627A68643C2F62706D6E323A696E636F6D696E673E3C62706D6E323A6F7574676F696E673E53657175656E6365466C6F775F316C376B6B35723C2F62706D6E323A6F7574676F696E673E3C2F62706D6E323A757365725461736B3E3C62706D6E323A73657175656E6365466C6F772069643D2253657175656E6365466C6F775F317130627A68642220736F757263655265663D22557365725461736B5F303035336B6E3822207461726765745265663D22557365725461736B5F30326D3065627922202F3E3C62706D6E323A656E644576656E742069643D22456E644576656E745F306A397664326122206E616D653D22E7BB93E69D9F223E3C62706D6E323A696E636F6D696E673E53657175656E6365466C6F775F316C376B6B35723C2F62706D6E323A696E636F6D696E673E3C2F62706D6E323A656E644576656E743E3C62706D6E323A73657175656E6365466C6F772069643D2253657175656E6365466C6F775F316C376B6B35722220736F757263655265663D22557365725461736B5F30326D3065627922207461726765745265663D22456E644576656E745F306A397664326122202F3E3C2F62706D6E323A70726F636573733E3C62706D6E64693A42504D4E4469616772616D2069643D2242504D4E4469616772616D5F31223E3C62706D6E64693A42504D4E506C616E652069643D2242504D4E506C616E655F31222062706D6E456C656D656E743D2263617375616C2D6C65617665223E3C62706D6E64693A42504D4E53686170652069643D2253746172744576656E745F303179647A71655F6469222062706D6E456C656D656E743D2253746172744576656E745F303179647A7165223E3C64633A426F756E647320783D223138322220793D223932222077696474683D22333622206865696768743D22333622202F3E3C62706D6E64693A42504D4E4C6162656C3E3C64633A426F756E647320783D223138392220793D22313335222077696474683D22323222206865696768743D22313422202F3E3C2F62706D6E64693A42504D4E4C6162656C3E3C2F62706D6E64693A42504D4E53686170653E3C62706D6E64693A42504D4E53686170652069643D22557365725461736B5F303035336B6E385F6469222062706D6E456C656D656E743D22557365725461736B5F303035336B6E38223E3C64633A426F756E647320783D223237302220793D223730222077696474683D2231303022206865696768743D22383022202F3E3C2F62706D6E64693A42504D4E53686170653E3C62706D6E64693A42504D4E456467652069643D2253657175656E6365466C6F775F306736727873765F6469222062706D6E456C656D656E743D2253657175656E6365466C6F775F30673672787376223E3C64693A776179706F696E7420783D223231382220793D2231313022202F3E3C64693A776179706F696E7420783D223237302220793D2231313022202F3E3C2F62706D6E64693A42504D4E456467653E3C62706D6E64693A42504D4E53686170652069643D22557365725461736B5F30326D306562795F6469222062706D6E456C656D656E743D22557365725461736B5F30326D30656279223E3C64633A426F756E647320783D223433302220793D223730222077696474683D2231303022206865696768743D22383022202F3E3C2F62706D6E64693A42504D4E53686170653E3C62706D6E64693A42504D4E456467652069643D2253657175656E6365466C6F775F317130627A68645F6469222062706D6E456C656D656E743D2253657175656E6365466C6F775F317130627A6864223E3C64693A776179706F696E7420783D223337302220793D2231313022202F3E3C64693A776179706F696E7420783D223433302220793D2231313022202F3E3C2F62706D6E64693A42504D4E456467653E3C62706D6E64693A42504D4E53686170652069643D22456E644576656E745F306A39766432615F6469222062706D6E456C656D656E743D22456E644576656E745F306A3976643261223E3C64633A426F756E647320783D223539322220793D223932222077696474683D22333622206865696768743D22333622202F3E3C62706D6E64693A42504D4E4C6162656C3E3C64633A426F756E647320783D223539392220793D22313335222077696474683D22323222206865696768743D22313422202F3E3C2F62706D6E64693A42504D4E4C6162656C3E3C2F62706D6E64693A42504D4E53686170653E3C62706D6E64693A42504D4E456467652069643D2253657175656E6365466C6F775F316C376B6B35725F6469222062706D6E456C656D656E743D2253657175656E6365466C6F775F316C376B6B3572223E3C64693A776179706F696E7420783D223533302220793D2231313022202F3E3C64693A776179706F696E7420783D223539322220793D2231313022202F3E3C2F62706D6E64693A42504D4E456467653E3C2F62706D6E64693A42504D4E506C616E653E3C2F62706D6E64693A42504D4E4469616772616D3E3C2F62706D6E323A646566696E6974696F6E733E, '0');

-- ----------------------------
-- Table structure for act_ge_property
-- ----------------------------
DROP TABLE IF EXISTS `act_ge_property`;
CREATE TABLE `act_ge_property` (
                                   `NAME_` varchar(64) COLLATE utf8_bin NOT NULL DEFAULT '',
                                   `VALUE_` varchar(300) COLLATE utf8_bin DEFAULT NULL,
                                   `REV_` int(11) DEFAULT NULL,
                                   PRIMARY KEY (`NAME_`) USING BTREE
) ENGINE=InnoDB DEFAULT CHARSET=utf8 COLLATE=utf8_bin;

-- ----------------------------
-- Records of act_ge_property
-- ----------------------------
INSERT INTO `act_ge_property` VALUES ('cfg.execution-related-entities-count', 'false', '1');
INSERT INTO `act_ge_property` VALUES ('next.dbid', '12501', '15');
INSERT INTO `act_ge_property` VALUES ('schema.history', 'create(7.0.0.0)', '1');
INSERT INTO `act_ge_property` VALUES ('schema.version', '7.0.0.0', '1');

-- ----------------------------
-- Table structure for act_hi_actinst
-- ----------------------------
DROP TABLE IF EXISTS `act_hi_actinst`;
CREATE TABLE `act_hi_actinst` (
                                  `ID_` varchar(64) COLLATE utf8_bin NOT NULL,
                                  `PROC_DEF_ID_` varchar(64) COLLATE utf8_bin NOT NULL,
                                  `PROC_INST_ID_` varchar(64) COLLATE utf8_bin NOT NULL,
                                  `EXECUTION_ID_` varchar(64) COLLATE utf8_bin NOT NULL,
                                  `ACT_ID_` varchar(255) COLLATE utf8_bin NOT NULL,
                                  `TASK_ID_` varchar(64) COLLATE utf8_bin DEFAULT NULL,
                                  `CALL_PROC_INST_ID_` varchar(64) COLLATE utf8_bin DEFAULT NULL,
                                  `ACT_NAME_` varchar(255) COLLATE utf8_bin DEFAULT NULL,
                                  `ACT_TYPE_` varchar(255) COLLATE utf8_bin NOT NULL,
                                  `ASSIGNEE_` varchar(255) COLLATE utf8_bin DEFAULT NULL,
                                  `START_TIME_` datetime(3) NOT NULL,
                                  `END_TIME_` datetime(3) DEFAULT NULL,
                                  `DURATION_` bigint(20) DEFAULT NULL,
                                  `DELETE_REASON_` varchar(4000) COLLATE utf8_bin DEFAULT NULL,
                                  `TENANT_ID_` varchar(255) COLLATE utf8_bin DEFAULT '',
                                  PRIMARY KEY (`ID_`) USING BTREE,
                                  KEY `ACT_IDX_HI_ACT_INST_START` (`START_TIME_`) USING BTREE,
                                  KEY `ACT_IDX_HI_ACT_INST_END` (`END_TIME_`) USING BTREE,
                                  KEY `ACT_IDX_HI_ACT_INST_PROCINST` (`PROC_INST_ID_`,`ACT_ID_`) USING BTREE,
                                  KEY `ACT_IDX_HI_ACT_INST_EXEC` (`EXECUTION_ID_`,`ACT_ID_`) USING BTREE
) ENGINE=InnoDB DEFAULT CHARSET=utf8 COLLATE=utf8_bin;

-- ----------------------------
-- Records of act_hi_actinst
-- ----------------------------

-- ----------------------------
-- Table structure for act_hi_attachment
-- ----------------------------
DROP TABLE IF EXISTS `act_hi_attachment`;
CREATE TABLE `act_hi_attachment` (
                                     `ID_` varchar(64) COLLATE utf8_bin NOT NULL,
                                     `REV_` int(11) DEFAULT NULL,
                                     `USER_ID_` varchar(255) COLLATE utf8_bin DEFAULT NULL,
                                     `NAME_` varchar(255) COLLATE utf8_bin DEFAULT NULL,
                                     `DESCRIPTION_` varchar(4000) COLLATE utf8_bin DEFAULT NULL,
                                     `TYPE_` varchar(255) COLLATE utf8_bin DEFAULT NULL,
                                     `TASK_ID_` varchar(64) COLLATE utf8_bin DEFAULT NULL,
                                     `PROC_INST_ID_` varchar(64) COLLATE utf8_bin DEFAULT NULL,
                                     `URL_` varchar(4000) COLLATE utf8_bin DEFAULT NULL,
                                     `CONTENT_ID_` varchar(64) COLLATE utf8_bin DEFAULT NULL,
                                     `TIME_` datetime(3) DEFAULT NULL,
                                     PRIMARY KEY (`ID_`) USING BTREE
) ENGINE=InnoDB DEFAULT CHARSET=utf8 COLLATE=utf8_bin;

-- ----------------------------
-- Records of act_hi_attachment
-- ----------------------------

-- ----------------------------
-- Table structure for act_hi_comment
-- ----------------------------
DROP TABLE IF EXISTS `act_hi_comment`;
CREATE TABLE `act_hi_comment` (
                                  `ID_` varchar(64) COLLATE utf8_bin NOT NULL,
                                  `TYPE_` varchar(255) COLLATE utf8_bin DEFAULT NULL,
                                  `TIME_` datetime(3) NOT NULL,
                                  `USER_ID_` varchar(255) COLLATE utf8_bin DEFAULT NULL,
                                  `TASK_ID_` varchar(64) COLLATE utf8_bin DEFAULT NULL,
                                  `PROC_INST_ID_` varchar(64) COLLATE utf8_bin DEFAULT NULL,
                                  `ACTION_` varchar(255) COLLATE utf8_bin DEFAULT NULL,
                                  `MESSAGE_` varchar(4000) COLLATE utf8_bin DEFAULT NULL,
                                  `FULL_MSG_` longblob,
                                  PRIMARY KEY (`ID_`) USING BTREE
) ENGINE=InnoDB DEFAULT CHARSET=utf8 COLLATE=utf8_bin;

-- ----------------------------
-- Records of act_hi_comment
-- ----------------------------

-- ----------------------------
-- Table structure for act_hi_detail
-- ----------------------------
DROP TABLE IF EXISTS `act_hi_detail`;
CREATE TABLE `act_hi_detail` (
                                 `ID_` varchar(64) COLLATE utf8_bin NOT NULL,
                                 `TYPE_` varchar(255) COLLATE utf8_bin NOT NULL,
                                 `PROC_INST_ID_` varchar(64) COLLATE utf8_bin DEFAULT NULL,
                                 `EXECUTION_ID_` varchar(64) COLLATE utf8_bin DEFAULT NULL,
                                 `TASK_ID_` varchar(64) COLLATE utf8_bin DEFAULT NULL,
                                 `ACT_INST_ID_` varchar(64) COLLATE utf8_bin DEFAULT NULL,
                                 `NAME_` varchar(255) COLLATE utf8_bin NOT NULL,
                                 `VAR_TYPE_` varchar(255) COLLATE utf8_bin DEFAULT NULL,
                                 `REV_` int(11) DEFAULT NULL,
                                 `TIME_` datetime(3) NOT NULL,
                                 `BYTEARRAY_ID_` varchar(64) COLLATE utf8_bin DEFAULT NULL,
                                 `DOUBLE_` double DEFAULT NULL,
                                 `LONG_` bigint(20) DEFAULT NULL,
                                 `TEXT_` varchar(4000) COLLATE utf8_bin DEFAULT NULL,
                                 `TEXT2_` varchar(4000) COLLATE utf8_bin DEFAULT NULL,
                                 PRIMARY KEY (`ID_`) USING BTREE,
                                 KEY `ACT_IDX_HI_DETAIL_PROC_INST` (`PROC_INST_ID_`) USING BTREE,
                                 KEY `ACT_IDX_HI_DETAIL_ACT_INST` (`ACT_INST_ID_`) USING BTREE,
                                 KEY `ACT_IDX_HI_DETAIL_TIME` (`TIME_`) USING BTREE,
                                 KEY `ACT_IDX_HI_DETAIL_NAME` (`NAME_`) USING BTREE,
                                 KEY `ACT_IDX_HI_DETAIL_TASK_ID` (`TASK_ID_`) USING BTREE
) ENGINE=InnoDB DEFAULT CHARSET=utf8 COLLATE=utf8_bin;

-- ----------------------------
-- Records of act_hi_detail
-- ----------------------------

-- ----------------------------
-- Table structure for act_hi_identitylink
-- ----------------------------
DROP TABLE IF EXISTS `act_hi_identitylink`;
CREATE TABLE `act_hi_identitylink` (
                                       `ID_` varchar(64) COLLATE utf8_bin NOT NULL DEFAULT '',
                                       `GROUP_ID_` varchar(255) COLLATE utf8_bin DEFAULT NULL,
                                       `TYPE_` varchar(255) COLLATE utf8_bin DEFAULT NULL,
                                       `USER_ID_` varchar(255) COLLATE utf8_bin DEFAULT NULL,
                                       `TASK_ID_` varchar(64) COLLATE utf8_bin DEFAULT NULL,
                                       `PROC_INST_ID_` varchar(64) COLLATE utf8_bin DEFAULT NULL,
                                       PRIMARY KEY (`ID_`) USING BTREE,
                                       KEY `ACT_IDX_HI_IDENT_LNK_USER` (`USER_ID_`) USING BTREE,
                                       KEY `ACT_IDX_HI_IDENT_LNK_TASK` (`TASK_ID_`) USING BTREE,
                                       KEY `ACT_IDX_HI_IDENT_LNK_PROCINST` (`PROC_INST_ID_`) USING BTREE
) ENGINE=InnoDB DEFAULT CHARSET=utf8 COLLATE=utf8_bin;

-- ----------------------------
-- Records of act_hi_identitylink
-- ----------------------------

-- ----------------------------
-- Table structure for act_hi_procinst
-- ----------------------------
DROP TABLE IF EXISTS `act_hi_procinst`;
CREATE TABLE `act_hi_procinst` (
                                   `ID_` varchar(64) COLLATE utf8_bin NOT NULL,
                                   `PROC_INST_ID_` varchar(64) COLLATE utf8_bin NOT NULL,
                                   `BUSINESS_KEY_` varchar(255) COLLATE utf8_bin DEFAULT NULL,
                                   `PROC_DEF_ID_` varchar(64) COLLATE utf8_bin NOT NULL,
                                   `START_TIME_` datetime(3) NOT NULL,
                                   `END_TIME_` datetime(3) DEFAULT NULL,
                                   `DURATION_` bigint(20) DEFAULT NULL,
                                   `START_USER_ID_` varchar(255) COLLATE utf8_bin DEFAULT NULL,
                                   `START_ACT_ID_` varchar(255) COLLATE utf8_bin DEFAULT NULL,
                                   `END_ACT_ID_` varchar(255) COLLATE utf8_bin DEFAULT NULL,
                                   `SUPER_PROCESS_INSTANCE_ID_` varchar(64) COLLATE utf8_bin DEFAULT NULL,
                                   `DELETE_REASON_` varchar(4000) COLLATE utf8_bin DEFAULT NULL,
                                   `TENANT_ID_` varchar(255) COLLATE utf8_bin DEFAULT '',
                                   `NAME_` varchar(255) COLLATE utf8_bin DEFAULT NULL,
                                   PRIMARY KEY (`ID_`) USING BTREE,
                                   UNIQUE KEY `PROC_INST_ID_` (`PROC_INST_ID_`) USING BTREE,
                                   KEY `ACT_IDX_HI_PRO_INST_END` (`END_TIME_`) USING BTREE,
                                   KEY `ACT_IDX_HI_PRO_I_BUSKEY` (`BUSINESS_KEY_`) USING BTREE
) ENGINE=InnoDB DEFAULT CHARSET=utf8 COLLATE=utf8_bin;

-- ----------------------------
-- Records of act_hi_procinst
-- ----------------------------

-- ----------------------------
-- Table structure for act_hi_taskinst
-- ----------------------------
DROP TABLE IF EXISTS `act_hi_taskinst`;
CREATE TABLE `act_hi_taskinst` (
                                   `ID_` varchar(64) COLLATE utf8_bin NOT NULL,
                                   `PROC_DEF_ID_` varchar(64) COLLATE utf8_bin DEFAULT NULL,
                                   `TASK_DEF_KEY_` varchar(255) COLLATE utf8_bin DEFAULT NULL,
                                   `PROC_INST_ID_` varchar(64) COLLATE utf8_bin DEFAULT NULL,
                                   `EXECUTION_ID_` varchar(64) COLLATE utf8_bin DEFAULT NULL,
                                   `NAME_` varchar(255) COLLATE utf8_bin DEFAULT NULL,
                                   `PARENT_TASK_ID_` varchar(64) COLLATE utf8_bin DEFAULT NULL,
                                   `DESCRIPTION_` varchar(4000) COLLATE utf8_bin DEFAULT NULL,
                                   `OWNER_` varchar(255) COLLATE utf8_bin DEFAULT NULL,
                                   `ASSIGNEE_` varchar(255) COLLATE utf8_bin DEFAULT NULL,
                                   `START_TIME_` datetime(3) NOT NULL,
                                   `CLAIM_TIME_` datetime(3) DEFAULT NULL,
                                   `END_TIME_` datetime(3) DEFAULT NULL,
                                   `DURATION_` bigint(20) DEFAULT NULL,
                                   `DELETE_REASON_` varchar(4000) COLLATE utf8_bin DEFAULT NULL,
                                   `PRIORITY_` int(11) DEFAULT NULL,
                                   `DUE_DATE_` datetime(3) DEFAULT NULL,
                                   `FORM_KEY_` varchar(255) COLLATE utf8_bin DEFAULT NULL,
                                   `CATEGORY_` varchar(255) COLLATE utf8_bin DEFAULT NULL,
                                   `TENANT_ID_` varchar(255) COLLATE utf8_bin DEFAULT '',
                                   PRIMARY KEY (`ID_`) USING BTREE,
                                   KEY `ACT_IDX_HI_TASK_INST_PROCINST` (`PROC_INST_ID_`) USING BTREE
) ENGINE=InnoDB DEFAULT CHARSET=utf8 COLLATE=utf8_bin;

-- ----------------------------
-- Records of act_hi_taskinst
-- ----------------------------

-- ----------------------------
-- Table structure for act_hi_varinst
-- ----------------------------
DROP TABLE IF EXISTS `act_hi_varinst`;
CREATE TABLE `act_hi_varinst` (
                                  `ID_` varchar(64) COLLATE utf8_bin NOT NULL,
                                  `PROC_INST_ID_` varchar(64) COLLATE utf8_bin DEFAULT NULL,
                                  `EXECUTION_ID_` varchar(64) COLLATE utf8_bin DEFAULT NULL,
                                  `TASK_ID_` varchar(64) COLLATE utf8_bin DEFAULT NULL,
                                  `NAME_` varchar(255) COLLATE utf8_bin NOT NULL,
                                  `VAR_TYPE_` varchar(100) COLLATE utf8_bin DEFAULT NULL,
                                  `REV_` int(11) DEFAULT NULL,
                                  `BYTEARRAY_ID_` varchar(64) COLLATE utf8_bin DEFAULT NULL,
                                  `DOUBLE_` double DEFAULT NULL,
                                  `LONG_` bigint(20) DEFAULT NULL,
                                  `TEXT_` varchar(4000) COLLATE utf8_bin DEFAULT NULL,
                                  `TEXT2_` varchar(4000) COLLATE utf8_bin DEFAULT NULL,
                                  `CREATE_TIME_` datetime(3) DEFAULT NULL,
                                  `LAST_UPDATED_TIME_` datetime(3) DEFAULT NULL,
                                  PRIMARY KEY (`ID_`) USING BTREE,
                                  KEY `ACT_IDX_HI_PROCVAR_PROC_INST` (`PROC_INST_ID_`) USING BTREE,
                                  KEY `ACT_IDX_HI_PROCVAR_NAME_TYPE` (`NAME_`,`VAR_TYPE_`) USING BTREE,
                                  KEY `ACT_IDX_HI_PROCVAR_TASK_ID` (`TASK_ID_`) USING BTREE
) ENGINE=InnoDB DEFAULT CHARSET=utf8 COLLATE=utf8_bin;

-- ----------------------------
-- Records of act_hi_varinst
-- ----------------------------

-- ----------------------------
-- Table structure for act_procdef_info
-- ----------------------------
DROP TABLE IF EXISTS `act_procdef_info`;
CREATE TABLE `act_procdef_info` (
                                    `ID_` varchar(64) COLLATE utf8_bin NOT NULL,
                                    `PROC_DEF_ID_` varchar(64) COLLATE utf8_bin NOT NULL,
                                    `REV_` int(11) DEFAULT NULL,
                                    `INFO_JSON_ID_` varchar(64) COLLATE utf8_bin DEFAULT NULL,
                                    PRIMARY KEY (`ID_`) USING BTREE,
                                    UNIQUE KEY `ACT_UNIQ_INFO_PROCDEF` (`PROC_DEF_ID_`) USING BTREE,
                                    KEY `ACT_IDX_INFO_PROCDEF` (`PROC_DEF_ID_`) USING BTREE,
                                    KEY `ACT_FK_INFO_JSON_BA` (`INFO_JSON_ID_`) USING BTREE,
                                    CONSTRAINT `ACT_PROCDEF_INFO_ibfk_1` FOREIGN KEY (`INFO_JSON_ID_`) REFERENCES `act_ge_bytearray` (`ID_`),
                                    CONSTRAINT `ACT_PROCDEF_INFO_ibfk_2` FOREIGN KEY (`PROC_DEF_ID_`) REFERENCES `act_re_procdef` (`ID_`)
) ENGINE=InnoDB DEFAULT CHARSET=utf8 COLLATE=utf8_bin;

-- ----------------------------
-- Records of act_procdef_info
-- ----------------------------

-- ----------------------------
-- Table structure for act_re_deployment
-- ----------------------------
DROP TABLE IF EXISTS `act_re_deployment`;
CREATE TABLE `act_re_deployment` (
                                     `ID_` varchar(64) COLLATE utf8_bin NOT NULL DEFAULT '',
                                     `NAME_` varchar(255) COLLATE utf8_bin DEFAULT NULL,
                                     `CATEGORY_` varchar(255) COLLATE utf8_bin DEFAULT NULL,
                                     `KEY_` varchar(255) COLLATE utf8_bin DEFAULT NULL,
                                     `TENANT_ID_` varchar(255) COLLATE utf8_bin DEFAULT '',
                                     `DEPLOY_TIME_` timestamp(3) NULL DEFAULT NULL,
                                     `ENGINE_VERSION_` varchar(255) COLLATE utf8_bin DEFAULT NULL,
                                     PRIMARY KEY (`ID_`) USING BTREE
) ENGINE=InnoDB DEFAULT CHARSET=utf8 COLLATE=utf8_bin;

-- ----------------------------
-- Records of act_re_deployment
-- ----------------------------
INSERT INTO `act_re_deployment` VALUES ('10010', '', null, null, '', '2022-11-17 19:02:30.551', null);
INSERT INTO `act_re_deployment` VALUES ('5', '', null, null, '', '2022-11-16 16:28:13.626', null);

-- ----------------------------
-- Table structure for act_re_model
-- ----------------------------
DROP TABLE IF EXISTS `act_re_model`;
CREATE TABLE `act_re_model` (
                                `ID_` varchar(64) COLLATE utf8_bin NOT NULL,
                                `REV_` int(11) DEFAULT NULL,
                                `NAME_` varchar(255) COLLATE utf8_bin DEFAULT NULL,
                                `KEY_` varchar(255) COLLATE utf8_bin DEFAULT NULL,
                                `CATEGORY_` varchar(255) COLLATE utf8_bin DEFAULT NULL,
                                `CREATE_TIME_` timestamp(3) NULL DEFAULT NULL,
                                `LAST_UPDATE_TIME_` timestamp(3) NULL DEFAULT NULL,
                                `VERSION_` int(11) DEFAULT NULL,
                                `META_INFO_` varchar(4000) COLLATE utf8_bin DEFAULT NULL,
                                `DEPLOYMENT_ID_` varchar(64) COLLATE utf8_bin DEFAULT NULL,
                                `EDITOR_SOURCE_VALUE_ID_` varchar(64) COLLATE utf8_bin DEFAULT NULL,
                                `EDITOR_SOURCE_EXTRA_VALUE_ID_` varchar(64) COLLATE utf8_bin DEFAULT NULL,
                                `TENANT_ID_` varchar(255) COLLATE utf8_bin DEFAULT '',
                                PRIMARY KEY (`ID_`) USING BTREE,
                                KEY `ACT_FK_MODEL_SOURCE` (`EDITOR_SOURCE_VALUE_ID_`) USING BTREE,
                                KEY `ACT_FK_MODEL_SOURCE_EXTRA` (`EDITOR_SOURCE_EXTRA_VALUE_ID_`) USING BTREE,
                                KEY `ACT_FK_MODEL_DEPLOYMENT` (`DEPLOYMENT_ID_`) USING BTREE,
                                CONSTRAINT `ACT_RE_MODEL_ibfk_1` FOREIGN KEY (`DEPLOYMENT_ID_`) REFERENCES `act_re_deployment` (`ID_`),
                                CONSTRAINT `ACT_RE_MODEL_ibfk_2` FOREIGN KEY (`EDITOR_SOURCE_VALUE_ID_`) REFERENCES `act_ge_bytearray` (`ID_`),
                                CONSTRAINT `ACT_RE_MODEL_ibfk_3` FOREIGN KEY (`EDITOR_SOURCE_EXTRA_VALUE_ID_`) REFERENCES `act_ge_bytearray` (`ID_`)
) ENGINE=InnoDB DEFAULT CHARSET=utf8 COLLATE=utf8_bin;

-- ----------------------------
-- Records of act_re_model
-- ----------------------------

-- ----------------------------
-- Table structure for act_re_procdef
-- ----------------------------
DROP TABLE IF EXISTS `act_re_procdef`;
CREATE TABLE `act_re_procdef` (
                                  `ID_` varchar(64) COLLATE utf8_bin NOT NULL,
                                  `REV_` int(11) DEFAULT NULL,
                                  `CATEGORY_` varchar(255) COLLATE utf8_bin DEFAULT NULL,
                                  `NAME_` varchar(255) COLLATE utf8_bin DEFAULT NULL,
                                  `KEY_` varchar(255) COLLATE utf8_bin NOT NULL,
                                  `VERSION_` int(11) NOT NULL,
                                  `DEPLOYMENT_ID_` varchar(64) COLLATE utf8_bin DEFAULT NULL,
                                  `RESOURCE_NAME_` varchar(4000) COLLATE utf8_bin DEFAULT NULL,
                                  `DGRM_RESOURCE_NAME_` varchar(4000) COLLATE utf8_bin DEFAULT NULL,
                                  `DESCRIPTION_` varchar(4000) COLLATE utf8_bin DEFAULT NULL,
                                  `HAS_START_FORM_KEY_` tinyint(4) DEFAULT NULL,
                                  `HAS_GRAPHICAL_NOTATION_` tinyint(4) DEFAULT NULL,
                                  `SUSPENSION_STATE_` int(11) DEFAULT NULL,
                                  `TENANT_ID_` varchar(255) COLLATE utf8_bin DEFAULT '',
                                  `ENGINE_VERSION_` varchar(255) COLLATE utf8_bin DEFAULT NULL,
                                  PRIMARY KEY (`ID_`) USING BTREE,
                                  UNIQUE KEY `ACT_UNIQ_PROCDEF` (`KEY_`,`VERSION_`,`TENANT_ID_`) USING BTREE
) ENGINE=InnoDB DEFAULT CHARSET=utf8 COLLATE=utf8_bin;

-- ----------------------------
-- Records of act_re_procdef
-- ----------------------------
INSERT INTO `act_re_procdef` VALUES ('car_package:1:10013', '1', 'http://bpmn.io/schema/bpmn', '', 'car_package', '1', '10010', 'bus_car_package.bpmn', 'bus_car_package.svg', ',  5000 ', '0', '1', '1', '', null);
INSERT INTO `act_re_procdef` VALUES ('casual-leave:1:7', '1', 'http://bpmn.io/schema/bpmn', '-', 'casual-leave', '1', '5', 'casual-leave.bpmn', null, null, '0', '1', '1', '', null);

-- ----------------------------
-- Table structure for act_ru_deadletter_job
-- ----------------------------
DROP TABLE IF EXISTS `act_ru_deadletter_job`;
CREATE TABLE `act_ru_deadletter_job` (
                                         `ID_` varchar(64) COLLATE utf8_bin NOT NULL,
                                         `REV_` int(11) DEFAULT NULL,
                                         `TYPE_` varchar(255) COLLATE utf8_bin NOT NULL,
                                         `EXCLUSIVE_` tinyint(1) DEFAULT NULL,
                                         `EXECUTION_ID_` varchar(64) COLLATE utf8_bin DEFAULT NULL,
                                         `PROCESS_INSTANCE_ID_` varchar(64) COLLATE utf8_bin DEFAULT NULL,
                                         `PROC_DEF_ID_` varchar(64) COLLATE utf8_bin DEFAULT NULL,
                                         `EXCEPTION_STACK_ID_` varchar(64) COLLATE utf8_bin DEFAULT NULL,
                                         `EXCEPTION_MSG_` varchar(4000) COLLATE utf8_bin DEFAULT NULL,
                                         `DUEDATE_` timestamp(3) NULL DEFAULT NULL,
                                         `REPEAT_` varchar(255) COLLATE utf8_bin DEFAULT NULL,
                                         `HANDLER_TYPE_` varchar(255) COLLATE utf8_bin DEFAULT NULL,
                                         `HANDLER_CFG_` varchar(4000) COLLATE utf8_bin DEFAULT NULL,
                                         `TENANT_ID_` varchar(255) COLLATE utf8_bin DEFAULT '',
                                         PRIMARY KEY (`ID_`) USING BTREE,
                                         KEY `ACT_FK_DEADLETTER_JOB_EXECUTION` (`EXECUTION_ID_`) USING BTREE,
                                         KEY `ACT_FK_DEADLETTER_JOB_PROCESS_INSTANCE` (`PROCESS_INSTANCE_ID_`) USING BTREE,
                                         KEY `ACT_FK_DEADLETTER_JOB_PROC_DEF` (`PROC_DEF_ID_`) USING BTREE,
                                         KEY `ACT_FK_DEADLETTER_JOB_EXCEPTION` (`EXCEPTION_STACK_ID_`) USING BTREE,
                                         CONSTRAINT `ACT_RU_DEADLETTER_JOB_ibfk_1` FOREIGN KEY (`EXCEPTION_STACK_ID_`) REFERENCES `act_ge_bytearray` (`ID_`),
                                         CONSTRAINT `ACT_RU_DEADLETTER_JOB_ibfk_2` FOREIGN KEY (`EXECUTION_ID_`) REFERENCES `act_ru_execution` (`ID_`),
                                         CONSTRAINT `ACT_RU_DEADLETTER_JOB_ibfk_3` FOREIGN KEY (`PROCESS_INSTANCE_ID_`) REFERENCES `act_ru_execution` (`ID_`),
                                         CONSTRAINT `ACT_RU_DEADLETTER_JOB_ibfk_4` FOREIGN KEY (`PROC_DEF_ID_`) REFERENCES `act_re_procdef` (`ID_`)
) ENGINE=InnoDB DEFAULT CHARSET=utf8 COLLATE=utf8_bin;

-- ----------------------------
-- Records of act_ru_deadletter_job
-- ----------------------------

-- ----------------------------
-- Table structure for act_ru_event_subscr
-- ----------------------------
DROP TABLE IF EXISTS `act_ru_event_subscr`;
CREATE TABLE `act_ru_event_subscr` (
                                       `ID_` varchar(64) COLLATE utf8_bin NOT NULL,
                                       `REV_` int(11) DEFAULT NULL,
                                       `EVENT_TYPE_` varchar(255) COLLATE utf8_bin NOT NULL,
                                       `EVENT_NAME_` varchar(255) COLLATE utf8_bin DEFAULT NULL,
                                       `EXECUTION_ID_` varchar(64) COLLATE utf8_bin DEFAULT NULL,
                                       `PROC_INST_ID_` varchar(64) COLLATE utf8_bin DEFAULT NULL,
                                       `ACTIVITY_ID_` varchar(64) COLLATE utf8_bin DEFAULT NULL,
                                       `CONFIGURATION_` varchar(255) COLLATE utf8_bin DEFAULT NULL,
                                       `CREATED_` timestamp(3) NOT NULL DEFAULT CURRENT_TIMESTAMP(3),
                                       `PROC_DEF_ID_` varchar(64) COLLATE utf8_bin DEFAULT NULL,
                                       `TENANT_ID_` varchar(255) COLLATE utf8_bin DEFAULT '',
                                       PRIMARY KEY (`ID_`) USING BTREE,
                                       KEY `ACT_IDX_EVENT_SUBSCR_CONFIG_` (`CONFIGURATION_`) USING BTREE,
                                       KEY `ACT_FK_EVENT_EXEC` (`EXECUTION_ID_`) USING BTREE,
                                       CONSTRAINT `ACT_RU_EVENT_SUBSCR_ibfk_1` FOREIGN KEY (`EXECUTION_ID_`) REFERENCES `act_ru_execution` (`ID_`)
) ENGINE=InnoDB DEFAULT CHARSET=utf8 COLLATE=utf8_bin;

-- ----------------------------
-- Records of act_ru_event_subscr
-- ----------------------------

-- ----------------------------
-- Table structure for act_ru_execution
-- ----------------------------
DROP TABLE IF EXISTS `act_ru_execution`;
CREATE TABLE `act_ru_execution` (
                                    `ID_` varchar(64) COLLATE utf8_bin NOT NULL DEFAULT '',
                                    `REV_` int(11) DEFAULT NULL,
                                    `PROC_INST_ID_` varchar(64) COLLATE utf8_bin DEFAULT NULL,
                                    `BUSINESS_KEY_` varchar(255) COLLATE utf8_bin DEFAULT NULL,
                                    `PARENT_ID_` varchar(64) COLLATE utf8_bin DEFAULT NULL,
                                    `PROC_DEF_ID_` varchar(64) COLLATE utf8_bin DEFAULT NULL,
                                    `SUPER_EXEC_` varchar(64) COLLATE utf8_bin DEFAULT NULL,
                                    `ROOT_PROC_INST_ID_` varchar(64) COLLATE utf8_bin DEFAULT NULL,
                                    `ACT_ID_` varchar(255) COLLATE utf8_bin DEFAULT NULL,
                                    `IS_ACTIVE_` tinyint(4) DEFAULT NULL,
                                    `IS_CONCURRENT_` tinyint(4) DEFAULT NULL,
                                    `IS_SCOPE_` tinyint(4) DEFAULT NULL,
                                    `IS_EVENT_SCOPE_` tinyint(4) DEFAULT NULL,
                                    `IS_MI_ROOT_` tinyint(4) DEFAULT NULL,
                                    `SUSPENSION_STATE_` int(11) DEFAULT NULL,
                                    `CACHED_ENT_STATE_` int(11) DEFAULT NULL,
                                    `TENANT_ID_` varchar(255) COLLATE utf8_bin DEFAULT '',
                                    `NAME_` varchar(255) COLLATE utf8_bin DEFAULT NULL,
                                    `START_TIME_` datetime(3) DEFAULT NULL,
                                    `START_USER_ID_` varchar(255) COLLATE utf8_bin DEFAULT NULL,
                                    `LOCK_TIME_` timestamp(3) NULL DEFAULT NULL,
                                    `IS_COUNT_ENABLED_` tinyint(4) DEFAULT NULL,
                                    `EVT_SUBSCR_COUNT_` int(11) DEFAULT NULL,
                                    `TASK_COUNT_` int(11) DEFAULT NULL,
                                    `JOB_COUNT_` int(11) DEFAULT NULL,
                                    `TIMER_JOB_COUNT_` int(11) DEFAULT NULL,
                                    `SUSP_JOB_COUNT_` int(11) DEFAULT NULL,
                                    `DEADLETTER_JOB_COUNT_` int(11) DEFAULT NULL,
                                    `VAR_COUNT_` int(11) DEFAULT NULL,
                                    `ID_LINK_COUNT_` int(11) DEFAULT NULL,
                                    PRIMARY KEY (`ID_`) USING BTREE,
                                    KEY `ACT_IDX_EXEC_BUSKEY` (`BUSINESS_KEY_`) USING BTREE,
                                    KEY `ACT_IDC_EXEC_ROOT` (`ROOT_PROC_INST_ID_`) USING BTREE,
                                    KEY `ACT_FK_EXE_PROCINST` (`PROC_INST_ID_`) USING BTREE,
                                    KEY `ACT_FK_EXE_PARENT` (`PARENT_ID_`) USING BTREE,
                                    KEY `ACT_FK_EXE_SUPER` (`SUPER_EXEC_`) USING BTREE,
                                    KEY `ACT_FK_EXE_PROCDEF` (`PROC_DEF_ID_`) USING BTREE,
                                    CONSTRAINT `ACT_RU_EXECUTION_ibfk_1` FOREIGN KEY (`PARENT_ID_`) REFERENCES `act_ru_execution` (`ID_`) ON DELETE CASCADE,
                                    CONSTRAINT `ACT_RU_EXECUTION_ibfk_2` FOREIGN KEY (`PROC_DEF_ID_`) REFERENCES `act_re_procdef` (`ID_`),
                                    CONSTRAINT `ACT_RU_EXECUTION_ibfk_3` FOREIGN KEY (`PROC_INST_ID_`) REFERENCES `act_ru_execution` (`ID_`) ON DELETE CASCADE ON UPDATE CASCADE,
                                    CONSTRAINT `ACT_RU_EXECUTION_ibfk_4` FOREIGN KEY (`SUPER_EXEC_`) REFERENCES `act_ru_execution` (`ID_`) ON DELETE CASCADE
) ENGINE=InnoDB DEFAULT CHARSET=utf8 COLLATE=utf8_bin;

-- ----------------------------
-- Records of act_ru_execution
-- ----------------------------

-- ----------------------------
-- Table structure for act_ru_identitylink
-- ----------------------------
DROP TABLE IF EXISTS `act_ru_identitylink`;
CREATE TABLE `act_ru_identitylink` (
                                       `ID_` varchar(64) COLLATE utf8_bin NOT NULL DEFAULT '',
                                       `REV_` int(11) DEFAULT NULL,
                                       `GROUP_ID_` varchar(255) COLLATE utf8_bin DEFAULT NULL,
                                       `TYPE_` varchar(255) COLLATE utf8_bin DEFAULT NULL,
                                       `USER_ID_` varchar(255) COLLATE utf8_bin DEFAULT NULL,
                                       `TASK_ID_` varchar(64) COLLATE utf8_bin DEFAULT NULL,
                                       `PROC_INST_ID_` varchar(64) COLLATE utf8_bin DEFAULT NULL,
                                       `PROC_DEF_ID_` varchar(64) COLLATE utf8_bin DEFAULT NULL,
                                       PRIMARY KEY (`ID_`) USING BTREE,
                                       KEY `ACT_IDX_IDENT_LNK_USER` (`USER_ID_`) USING BTREE,
                                       KEY `ACT_IDX_IDENT_LNK_GROUP` (`GROUP_ID_`) USING BTREE,
                                       KEY `ACT_IDX_ATHRZ_PROCEDEF` (`PROC_DEF_ID_`) USING BTREE,
                                       KEY `ACT_FK_TSKASS_TASK` (`TASK_ID_`) USING BTREE,
                                       KEY `ACT_FK_IDL_PROCINST` (`PROC_INST_ID_`) USING BTREE,
                                       CONSTRAINT `ACT_RU_IDENTITYLINK_ibfk_1` FOREIGN KEY (`PROC_DEF_ID_`) REFERENCES `act_re_procdef` (`ID_`),
                                       CONSTRAINT `ACT_RU_IDENTITYLINK_ibfk_2` FOREIGN KEY (`PROC_INST_ID_`) REFERENCES `act_ru_execution` (`ID_`),
                                       CONSTRAINT `ACT_RU_IDENTITYLINK_ibfk_3` FOREIGN KEY (`TASK_ID_`) REFERENCES `act_ru_task` (`ID_`)
) ENGINE=InnoDB DEFAULT CHARSET=utf8 COLLATE=utf8_bin;

-- ----------------------------
-- Records of act_ru_identitylink
-- ----------------------------

-- ----------------------------
-- Table structure for act_ru_integration
-- ----------------------------
DROP TABLE IF EXISTS `act_ru_integration`;
CREATE TABLE `act_ru_integration` (
                                      `ID_` varchar(64) COLLATE utf8_bin NOT NULL,
                                      `EXECUTION_ID_` varchar(64) COLLATE utf8_bin DEFAULT NULL,
                                      `PROCESS_INSTANCE_ID_` varchar(64) COLLATE utf8_bin DEFAULT NULL,
                                      `PROC_DEF_ID_` varchar(64) COLLATE utf8_bin DEFAULT NULL,
                                      `FLOW_NODE_ID_` varchar(64) COLLATE utf8_bin DEFAULT NULL,
                                      `CREATED_DATE_` timestamp(3) NOT NULL DEFAULT CURRENT_TIMESTAMP(3) ON UPDATE CURRENT_TIMESTAMP(3),
                                      PRIMARY KEY (`ID_`) USING BTREE,
                                      KEY `ACT_FK_INT_EXECUTION` (`EXECUTION_ID_`) USING BTREE,
                                      KEY `ACT_FK_INT_PROC_INST` (`PROCESS_INSTANCE_ID_`) USING BTREE,
                                      KEY `ACT_FK_INT_PROC_DEF` (`PROC_DEF_ID_`) USING BTREE,
                                      CONSTRAINT `ACT_RU_INTEGRATION_ibfk_1` FOREIGN KEY (`EXECUTION_ID_`) REFERENCES `act_ru_execution` (`ID_`) ON DELETE CASCADE,
                                      CONSTRAINT `ACT_RU_INTEGRATION_ibfk_2` FOREIGN KEY (`PROC_DEF_ID_`) REFERENCES `act_re_procdef` (`ID_`),
                                      CONSTRAINT `ACT_RU_INTEGRATION_ibfk_3` FOREIGN KEY (`PROCESS_INSTANCE_ID_`) REFERENCES `act_ru_execution` (`ID_`)
) ENGINE=InnoDB DEFAULT CHARSET=utf8 COLLATE=utf8_bin;

-- ----------------------------
-- Records of act_ru_integration
-- ----------------------------

-- ----------------------------
-- Table structure for act_ru_job
-- ----------------------------
DROP TABLE IF EXISTS `act_ru_job`;
CREATE TABLE `act_ru_job` (
                              `ID_` varchar(64) COLLATE utf8_bin NOT NULL,
                              `REV_` int(11) DEFAULT NULL,
                              `TYPE_` varchar(255) COLLATE utf8_bin NOT NULL,
                              `LOCK_EXP_TIME_` timestamp(3) NULL DEFAULT NULL,
                              `LOCK_OWNER_` varchar(255) COLLATE utf8_bin DEFAULT NULL,
                              `EXCLUSIVE_` tinyint(1) DEFAULT NULL,
                              `EXECUTION_ID_` varchar(64) COLLATE utf8_bin DEFAULT NULL,
                              `PROCESS_INSTANCE_ID_` varchar(64) COLLATE utf8_bin DEFAULT NULL,
                              `PROC_DEF_ID_` varchar(64) COLLATE utf8_bin DEFAULT NULL,
                              `RETRIES_` int(11) DEFAULT NULL,
                              `EXCEPTION_STACK_ID_` varchar(64) COLLATE utf8_bin DEFAULT NULL,
                              `EXCEPTION_MSG_` varchar(4000) COLLATE utf8_bin DEFAULT NULL,
                              `DUEDATE_` timestamp(3) NULL DEFAULT NULL,
                              `REPEAT_` varchar(255) COLLATE utf8_bin DEFAULT NULL,
                              `HANDLER_TYPE_` varchar(255) COLLATE utf8_bin DEFAULT NULL,
                              `HANDLER_CFG_` varchar(4000) COLLATE utf8_bin DEFAULT NULL,
                              `TENANT_ID_` varchar(255) COLLATE utf8_bin DEFAULT '',
                              PRIMARY KEY (`ID_`) USING BTREE,
                              KEY `ACT_FK_JOB_EXECUTION` (`EXECUTION_ID_`) USING BTREE,
                              KEY `ACT_FK_JOB_PROCESS_INSTANCE` (`PROCESS_INSTANCE_ID_`) USING BTREE,
                              KEY `ACT_FK_JOB_PROC_DEF` (`PROC_DEF_ID_`) USING BTREE,
                              KEY `ACT_FK_JOB_EXCEPTION` (`EXCEPTION_STACK_ID_`) USING BTREE,
                              CONSTRAINT `ACT_RU_JOB_ibfk_1` FOREIGN KEY (`EXCEPTION_STACK_ID_`) REFERENCES `act_ge_bytearray` (`ID_`),
                              CONSTRAINT `ACT_RU_JOB_ibfk_2` FOREIGN KEY (`EXECUTION_ID_`) REFERENCES `act_ru_execution` (`ID_`),
                              CONSTRAINT `ACT_RU_JOB_ibfk_3` FOREIGN KEY (`PROCESS_INSTANCE_ID_`) REFERENCES `act_ru_execution` (`ID_`),
                              CONSTRAINT `ACT_RU_JOB_ibfk_4` FOREIGN KEY (`PROC_DEF_ID_`) REFERENCES `act_re_procdef` (`ID_`)
) ENGINE=InnoDB DEFAULT CHARSET=utf8 COLLATE=utf8_bin;

-- ----------------------------
-- Records of act_ru_job
-- ----------------------------

-- ----------------------------
-- Table structure for act_ru_suspended_job
-- ----------------------------
DROP TABLE IF EXISTS `act_ru_suspended_job`;
CREATE TABLE `act_ru_suspended_job` (
                                        `ID_` varchar(64) COLLATE utf8_bin NOT NULL,
                                        `REV_` int(11) DEFAULT NULL,
                                        `TYPE_` varchar(255) COLLATE utf8_bin NOT NULL,
                                        `EXCLUSIVE_` tinyint(1) DEFAULT NULL,
                                        `EXECUTION_ID_` varchar(64) COLLATE utf8_bin DEFAULT NULL,
                                        `PROCESS_INSTANCE_ID_` varchar(64) COLLATE utf8_bin DEFAULT NULL,
                                        `PROC_DEF_ID_` varchar(64) COLLATE utf8_bin DEFAULT NULL,
                                        `RETRIES_` int(11) DEFAULT NULL,
                                        `EXCEPTION_STACK_ID_` varchar(64) COLLATE utf8_bin DEFAULT NULL,
                                        `EXCEPTION_MSG_` varchar(4000) COLLATE utf8_bin DEFAULT NULL,
                                        `DUEDATE_` timestamp(3) NULL DEFAULT NULL,
                                        `REPEAT_` varchar(255) COLLATE utf8_bin DEFAULT NULL,
                                        `HANDLER_TYPE_` varchar(255) COLLATE utf8_bin DEFAULT NULL,
                                        `HANDLER_CFG_` varchar(4000) COLLATE utf8_bin DEFAULT NULL,
                                        `TENANT_ID_` varchar(255) COLLATE utf8_bin DEFAULT '',
                                        PRIMARY KEY (`ID_`) USING BTREE,
                                        KEY `ACT_FK_SUSPENDED_JOB_EXECUTION` (`EXECUTION_ID_`) USING BTREE,
                                        KEY `ACT_FK_SUSPENDED_JOB_PROCESS_INSTANCE` (`PROCESS_INSTANCE_ID_`) USING BTREE,
                                        KEY `ACT_FK_SUSPENDED_JOB_PROC_DEF` (`PROC_DEF_ID_`) USING BTREE,
                                        KEY `ACT_FK_SUSPENDED_JOB_EXCEPTION` (`EXCEPTION_STACK_ID_`) USING BTREE,
                                        CONSTRAINT `ACT_RU_SUSPENDED_JOB_ibfk_1` FOREIGN KEY (`EXCEPTION_STACK_ID_`) REFERENCES `act_ge_bytearray` (`ID_`),
                                        CONSTRAINT `ACT_RU_SUSPENDED_JOB_ibfk_2` FOREIGN KEY (`EXECUTION_ID_`) REFERENCES `act_ru_execution` (`ID_`),
                                        CONSTRAINT `ACT_RU_SUSPENDED_JOB_ibfk_3` FOREIGN KEY (`PROCESS_INSTANCE_ID_`) REFERENCES `act_ru_execution` (`ID_`),
                                        CONSTRAINT `ACT_RU_SUSPENDED_JOB_ibfk_4` FOREIGN KEY (`PROC_DEF_ID_`) REFERENCES `act_re_procdef` (`ID_`)
) ENGINE=InnoDB DEFAULT CHARSET=utf8 COLLATE=utf8_bin;

-- ----------------------------
-- Records of act_ru_suspended_job
-- ----------------------------

-- ----------------------------
-- Table structure for act_ru_task
-- ----------------------------
DROP TABLE IF EXISTS `act_ru_task`;
CREATE TABLE `act_ru_task` (
                               `ID_` varchar(64) COLLATE utf8_bin NOT NULL DEFAULT '',
                               `REV_` int(11) DEFAULT NULL,
                               `EXECUTION_ID_` varchar(64) COLLATE utf8_bin DEFAULT NULL,
                               `PROC_INST_ID_` varchar(64) COLLATE utf8_bin DEFAULT NULL,
                               `PROC_DEF_ID_` varchar(64) COLLATE utf8_bin DEFAULT NULL,
                               `NAME_` varchar(255) COLLATE utf8_bin DEFAULT NULL,
                               `PARENT_TASK_ID_` varchar(64) COLLATE utf8_bin DEFAULT NULL,
                               `DESCRIPTION_` varchar(4000) COLLATE utf8_bin DEFAULT NULL,
                               `TASK_DEF_KEY_` varchar(255) COLLATE utf8_bin DEFAULT NULL,
                               `OWNER_` varchar(255) COLLATE utf8_bin DEFAULT NULL,
                               `ASSIGNEE_` varchar(255) COLLATE utf8_bin DEFAULT NULL,
                               `DELEGATION_` varchar(64) COLLATE utf8_bin DEFAULT NULL,
                               `PRIORITY_` int(11) DEFAULT NULL,
                               `CREATE_TIME_` timestamp(3) NULL DEFAULT NULL,
                               `DUE_DATE_` datetime(3) DEFAULT NULL,
                               `CATEGORY_` varchar(255) COLLATE utf8_bin DEFAULT NULL,
                               `SUSPENSION_STATE_` int(11) DEFAULT NULL,
                               `TENANT_ID_` varchar(255) COLLATE utf8_bin DEFAULT '',
                               `FORM_KEY_` varchar(255) COLLATE utf8_bin DEFAULT NULL,
                               `CLAIM_TIME_` datetime(3) DEFAULT NULL,
                               PRIMARY KEY (`ID_`) USING BTREE,
                               KEY `ACT_IDX_TASK_CREATE` (`CREATE_TIME_`) USING BTREE,
                               KEY `ACT_FK_TASK_EXE` (`EXECUTION_ID_`) USING BTREE,
                               KEY `ACT_FK_TASK_PROCINST` (`PROC_INST_ID_`) USING BTREE,
                               KEY `ACT_FK_TASK_PROCDEF` (`PROC_DEF_ID_`) USING BTREE,
                               CONSTRAINT `ACT_RU_TASK_ibfk_1` FOREIGN KEY (`EXECUTION_ID_`) REFERENCES `act_ru_execution` (`ID_`),
                               CONSTRAINT `ACT_RU_TASK_ibfk_2` FOREIGN KEY (`PROC_DEF_ID_`) REFERENCES `act_re_procdef` (`ID_`),
                               CONSTRAINT `ACT_RU_TASK_ibfk_3` FOREIGN KEY (`PROC_INST_ID_`) REFERENCES `act_ru_execution` (`ID_`)
) ENGINE=InnoDB DEFAULT CHARSET=utf8 COLLATE=utf8_bin;

-- ----------------------------
-- Records of act_ru_task
-- ----------------------------

-- ----------------------------
-- Table structure for act_ru_timer_job
-- ----------------------------
DROP TABLE IF EXISTS `act_ru_timer_job`;
CREATE TABLE `act_ru_timer_job` (
                                    `ID_` varchar(64) COLLATE utf8_bin NOT NULL,
                                    `REV_` int(11) DEFAULT NULL,
                                    `TYPE_` varchar(255) COLLATE utf8_bin NOT NULL,
                                    `LOCK_EXP_TIME_` timestamp(3) NULL DEFAULT NULL,
                                    `LOCK_OWNER_` varchar(255) COLLATE utf8_bin DEFAULT NULL,
                                    `EXCLUSIVE_` tinyint(1) DEFAULT NULL,
                                    `EXECUTION_ID_` varchar(64) COLLATE utf8_bin DEFAULT NULL,
                                    `PROCESS_INSTANCE_ID_` varchar(64) COLLATE utf8_bin DEFAULT NULL,
                                    `PROC_DEF_ID_` varchar(64) COLLATE utf8_bin DEFAULT NULL,
                                    `RETRIES_` int(11) DEFAULT NULL,
                                    `EXCEPTION_STACK_ID_` varchar(64) COLLATE utf8_bin DEFAULT NULL,
                                    `EXCEPTION_MSG_` varchar(4000) COLLATE utf8_bin DEFAULT NULL,
                                    `DUEDATE_` timestamp(3) NULL DEFAULT NULL,
                                    `REPEAT_` varchar(255) COLLATE utf8_bin DEFAULT NULL,
                                    `HANDLER_TYPE_` varchar(255) COLLATE utf8_bin DEFAULT NULL,
                                    `HANDLER_CFG_` varchar(4000) COLLATE utf8_bin DEFAULT NULL,
                                    `TENANT_ID_` varchar(255) COLLATE utf8_bin DEFAULT '',
                                    PRIMARY KEY (`ID_`) USING BTREE,
                                    KEY `ACT_FK_TIMER_JOB_EXECUTION` (`EXECUTION_ID_`) USING BTREE,
                                    KEY `ACT_FK_TIMER_JOB_PROCESS_INSTANCE` (`PROCESS_INSTANCE_ID_`) USING BTREE,
                                    KEY `ACT_FK_TIMER_JOB_PROC_DEF` (`PROC_DEF_ID_`) USING BTREE,
                                    KEY `ACT_FK_TIMER_JOB_EXCEPTION` (`EXCEPTION_STACK_ID_`) USING BTREE,
                                    CONSTRAINT `ACT_RU_TIMER_JOB_ibfk_1` FOREIGN KEY (`EXCEPTION_STACK_ID_`) REFERENCES `act_ge_bytearray` (`ID_`),
                                    CONSTRAINT `ACT_RU_TIMER_JOB_ibfk_2` FOREIGN KEY (`EXECUTION_ID_`) REFERENCES `act_ru_execution` (`ID_`),
                                    CONSTRAINT `ACT_RU_TIMER_JOB_ibfk_3` FOREIGN KEY (`PROCESS_INSTANCE_ID_`) REFERENCES `act_ru_execution` (`ID_`),
                                    CONSTRAINT `ACT_RU_TIMER_JOB_ibfk_4` FOREIGN KEY (`PROC_DEF_ID_`) REFERENCES `act_re_procdef` (`ID_`)
) ENGINE=InnoDB DEFAULT CHARSET=utf8 COLLATE=utf8_bin;

-- ----------------------------
-- Records of act_ru_timer_job
-- ----------------------------

-- ----------------------------
-- Table structure for act_ru_variable
-- ----------------------------
DROP TABLE IF EXISTS `act_ru_variable`;
CREATE TABLE `act_ru_variable` (
                                   `ID_` varchar(64) COLLATE utf8_bin NOT NULL,
                                   `REV_` int(11) DEFAULT NULL,
                                   `TYPE_` varchar(255) COLLATE utf8_bin NOT NULL,
                                   `NAME_` varchar(255) COLLATE utf8_bin NOT NULL,
                                   `EXECUTION_ID_` varchar(64) COLLATE utf8_bin DEFAULT NULL,
                                   `PROC_INST_ID_` varchar(64) COLLATE utf8_bin DEFAULT NULL,
                                   `TASK_ID_` varchar(64) COLLATE utf8_bin DEFAULT NULL,
                                   `BYTEARRAY_ID_` varchar(64) COLLATE utf8_bin DEFAULT NULL,
                                   `DOUBLE_` double DEFAULT NULL,
                                   `LONG_` bigint(20) DEFAULT NULL,
                                   `TEXT_` varchar(4000) COLLATE utf8_bin DEFAULT NULL,
                                   `TEXT2_` varchar(4000) COLLATE utf8_bin DEFAULT NULL,
                                   PRIMARY KEY (`ID_`) USING BTREE,
                                   KEY `ACT_IDX_VARIABLE_TASK_ID` (`TASK_ID_`) USING BTREE,
                                   KEY `ACT_FK_VAR_EXE` (`EXECUTION_ID_`) USING BTREE,
                                   KEY `ACT_FK_VAR_PROCINST` (`PROC_INST_ID_`) USING BTREE,
                                   KEY `ACT_FK_VAR_BYTEARRAY` (`BYTEARRAY_ID_`) USING BTREE,
                                   CONSTRAINT `ACT_RU_VARIABLE_ibfk_1` FOREIGN KEY (`BYTEARRAY_ID_`) REFERENCES `act_ge_bytearray` (`ID_`),
                                   CONSTRAINT `ACT_RU_VARIABLE_ibfk_2` FOREIGN KEY (`EXECUTION_ID_`) REFERENCES `act_ru_execution` (`ID_`),
                                   CONSTRAINT `ACT_RU_VARIABLE_ibfk_3` FOREIGN KEY (`PROC_INST_ID_`) REFERENCES `act_ru_execution` (`ID_`)
) ENGINE=InnoDB DEFAULT CHARSET=utf8 COLLATE=utf8_bin;

-- ----------------------------
-- Records of act_ru_variable
-- ----------------------------

-- ----------------------------
-- Table structure for bus_appointment
-- ----------------------------
DROP TABLE IF EXISTS `bus_appointment`;
CREATE TABLE `bus_appointment` (
                                   `id` bigint(20) NOT NULL AUTO_INCREMENT,
                                   `customer_name` varchar(50) DEFAULT NULL COMMENT '',
                                   `customer_phone` varchar(50) DEFAULT NULL COMMENT '',
                                   `appointment_time` datetime DEFAULT NULL COMMENT '',
                                   `actual_arrival_time` datetime DEFAULT NULL COMMENT '',
                                   `license_plate` varchar(20) DEFAULT NULL COMMENT '',
                                   `car_series` varchar(20) DEFAULT NULL COMMENT '',
                                   `service_type` int(1) DEFAULT NULL COMMENT '0/1',
                                   `create_time` datetime DEFAULT CURRENT_TIMESTAMP COMMENT '',
                                   `info` varchar(255) DEFAULT NULL COMMENT '',
                                   `status` int(1) DEFAULT '0' COMMENT '0/1/2/3',
                                   PRIMARY KEY (`id`) USING BTREE
) ENGINE=InnoDB AUTO_INCREMENT=37 DEFAULT CHARSET=utf8 COMMENT='';

-- ----------------------------
-- Records of bus_appointment
-- ----------------------------
INSERT INTO `bus_appointment` VALUES ('1', '', '13088889999', '2021-05-19 15:45:00', '2021-05-19 11:49:24', 'A66688', 'X5', '1', '2021-05-19 11:49:17', 'hello', '5');
INSERT INTO `bus_appointment` VALUES ('3', '', '13088886666', '2021-05-28 10:00:00', null, 'A55588', 'Model3', '1', '2021-05-28 10:27:32', '', '2');
INSERT INTO `bus_appointment` VALUES ('4', '', '13033335555', '2021-05-28 10:10:00', '2021-05-28 10:28:48', 'G88888', '', '0', '2021-05-28 10:28:45', '', '5');
INSERT INTO `bus_appointment` VALUES ('5', '', '13055558888', '2021-06-15 18:25:00', '2021-06-15 18:26:57', 'B88899', '', '1', '2021-06-15 18:26:42', '', '5');
INSERT INTO `bus_appointment` VALUES ('7', '', '13066668888', '2021-10-28 06:30:00', null, 'AB8899', '', '1', null, 'ddd', '2');
INSERT INTO `bus_appointment` VALUES ('9', '', '13099996666', '2021-10-28 16:05:00', '2021-10-27 16:06:17', 'A88888', '', '0', null, '', '4');
INSERT INTO `bus_appointment` VALUES ('11', '', '13088889999', '2021-12-14 18:25:00', '2021-12-13 16:30:41', 'A98888', '', '1', '2021-12-13 16:26:38', '111', '4');
INSERT INTO `bus_appointment` VALUES ('12', '', '13088889999', '2021-12-15 16:35:00', '2021-12-13 16:39:54', 'A98888', '', '0', '2021-12-13 16:39:48', '1111', '5');
INSERT INTO `bus_appointment` VALUES ('13', '', '13088889999', '2021-12-14 09:45:00', '2021-12-13 16:50:01', 'A98888', '', '0', '2021-12-13 16:49:55', '444', '1');
INSERT INTO `bus_appointment` VALUES ('14', '', '15545678987', '2022-08-19 17:10:00', '2022-08-12 16:11:41', 'A1233', '', '0', '2022-08-12 16:10:45', '', '5');
INSERT INTO `bus_appointment` VALUES ('15', '', '15545678987', '2022-08-12 14:50:00', null, 'A1233', '', '1', '2022-08-12 16:12:38', '', '2');
INSERT INTO `bus_appointment` VALUES ('17', '', '15545678987', '2022-08-19 17:10:00', null, 'A1233', '', '0', '2022-08-12 16:20:25', '', '2');
INSERT INTO `bus_appointment` VALUES ('18', '', '15545678987', '2022-08-12 14:50:00', '2022-08-12 17:39:17', 'A1233', '', '1', '2022-08-12 17:27:51', '', '5');
INSERT INTO `bus_appointment` VALUES ('19', '', '15545678987', '2022-08-12 14:50:00', '2022-08-14 17:17:54', 'A1233', '', '1', '2022-08-13 09:23:06', '7777', '5');
INSERT INTO `bus_appointment` VALUES ('20', '', '15545678987', '2022-08-19 17:10:00', '2022-08-14 16:11:17', 'ffsfdsfsd', '', '0', '2022-08-13 09:53:15', '', '5');
INSERT INTO `bus_appointment` VALUES ('21', '', '15545678987', '2022-08-19 17:10:00', '2022-08-17 10:33:01', 'A1233', '', '0', '2022-08-17 10:32:54', '', '5');
INSERT INTO `bus_appointment` VALUES ('22', '88', '15545678987', '2022-08-12 14:50:00', '2022-08-17 18:06:23', 'A1233', '', '1', '2022-08-17 18:06:13', '1111122', '5');
INSERT INTO `bus_appointment` VALUES ('23', '8899', '15545678987', '2022-08-12 14:50:00', '2022-08-17 18:35:17', 'A1233', '', '1', '2022-08-17 18:35:13', '', '5');
INSERT INTO `bus_appointment` VALUES ('24', '889977', '15545678987', '2022-08-12 14:50:00', '2022-08-17 19:22:26', 'A1233', '', '0', '2022-08-17 19:22:20', '', '5');
INSERT INTO `bus_appointment` VALUES ('25', '888888', '15545678987', '2022-08-19 17:10:00', '2022-08-18 10:22:25', 'A1233', '', '0', '2022-08-18 10:22:20', '1112', '5');
INSERT INTO `bus_appointment` VALUES ('26', '888811', '15545678987', '2022-08-12 14:50:00', '2022-08-23 09:36:15', 'A1233', '', '0', '2022-08-23 09:36:07', '', '5');
INSERT INTO `bus_appointment` VALUES ('27', '', '13088889999', '2022-08-31 16:01:00', '2022-08-29 17:46:02', 'A88887', '', '0', '2022-08-29 17:45:43', '123456', '5');
INSERT INTO `bus_appointment` VALUES ('28', 'aaaqa', '15555555555', '2022-08-31 17:50:26', '2022-09-01 09:49:22', 'A44445', '', '0', '2022-08-31 17:50:47', null, '1');
INSERT INTO `bus_appointment` VALUES ('29', '', '15522222222', '2022-09-01 09:45:55', null, 'D12345', '', '0', '2022-09-01 09:46:13', null, '2');
INSERT INTO `bus_appointment` VALUES ('30', '', '14444444444', '2022-09-01 09:49:48', null, 'S52520', 'AAA', '0', '2022-09-01 09:50:05', null, '2');
INSERT INTO `bus_appointment` VALUES ('33', '', '15522222111', '2022-09-01 16:49:39', '2022-09-01 16:52:15', 'B12345', '', '0', '2022-09-01 16:50:00', null, '5');
INSERT INTO `bus_appointment` VALUES ('34', '666666', '13005100647', '2022-09-09 11:10:00', null, null, null, '0', '2022-09-03 11:15:31', '', '0');
INSERT INTO `bus_appointment` VALUES ('35', 'D', '13005100648', '2022-09-08 14:10:00', null, null, null, '0', '2022-09-03 12:07:18', '', '0');
INSERT INTO `bus_appointment` VALUES ('36', 'E', '13005100648', '2022-09-06 10:10:00', null, null, null, '0', '2022-09-03 12:10:27', '123', '0');

-- ----------------------------
-- Table structure for bus_bpmn_auditor
-- ----------------------------
DROP TABLE IF EXISTS `bus_bpmn_auditor`;
CREATE TABLE `bus_bpmn_auditor` (
                                    `user_id` bigint(20) DEFAULT NULL COMMENT 'id',
                                    `node_id` bigint(20) DEFAULT NULL COMMENT 'id'
) ENGINE=InnoDB DEFAULT CHARSET=utf8;

-- ----------------------------
-- Records of bus_bpmn_auditor
-- ----------------------------
INSERT INTO `bus_bpmn_auditor` VALUES ('1001', '3');
INSERT INTO `bus_bpmn_auditor` VALUES ('1002', '3');
INSERT INTO `bus_bpmn_auditor` VALUES ('1', '4');
INSERT INTO `bus_bpmn_auditor` VALUES ('100', '4');
INSERT INTO `bus_bpmn_auditor` VALUES ('1002', '5');
INSERT INTO `bus_bpmn_auditor` VALUES ('1003', '5');
INSERT INTO `bus_bpmn_auditor` VALUES ('1004', '6');
INSERT INTO `bus_bpmn_auditor` VALUES ('1005', '6');
INSERT INTO `bus_bpmn_auditor` VALUES ('1', '7');
INSERT INTO `bus_bpmn_auditor` VALUES ('100', '7');
INSERT INTO `bus_bpmn_auditor` VALUES ('1001', '8');
INSERT INTO `bus_bpmn_auditor` VALUES ('1002', '8');
INSERT INTO `bus_bpmn_auditor` VALUES ('1003', '9');
INSERT INTO `bus_bpmn_auditor` VALUES ('1004', '9');
INSERT INTO `bus_bpmn_auditor` VALUES ('1', '10');
INSERT INTO `bus_bpmn_auditor` VALUES ('2', '10');
INSERT INTO `bus_bpmn_auditor` VALUES ('100', '11');
INSERT INTO `bus_bpmn_auditor` VALUES ('1001', '11');
INSERT INTO `bus_bpmn_auditor` VALUES ('1002', '12');
INSERT INTO `bus_bpmn_auditor` VALUES ('1003', '12');

-- ----------------------------
-- Table structure for bus_bpmn_info
-- ----------------------------
DROP TABLE IF EXISTS `bus_bpmn_info`;
CREATE TABLE `bus_bpmn_info` (
                                 `id` bigint(20) NOT NULL AUTO_INCREMENT COMMENT '',
                                 `bpmn_label` varchar(255) DEFAULT NULL COMMENT '-label',
                                 `bpmn_type` varchar(255) DEFAULT NULL COMMENT '-value',
                                 `process_definition_key` varchar(255) DEFAULT NULL COMMENT 'activitykey',
                                 `deployment_id` varchar(64) DEFAULT NULL,
                                 `deploy_time` datetime DEFAULT CURRENT_TIMESTAMP COMMENT '',
                                 `version` int(11) DEFAULT NULL COMMENT '',
                                 `info` varchar(255) DEFAULT NULL COMMENT '',
                                 PRIMARY KEY (`id`) USING BTREE
) ENGINE=InnoDB AUTO_INCREMENT=18 DEFAULT CHARSET=utf8 COMMENT='';

-- ----------------------------
-- Records of bus_bpmn_info
-- ----------------------------
INSERT INTO `bus_bpmn_info` VALUES ('15', '', 'casual-leave', 'casual-leave', '5', '2022-11-16 16:28:14', '1', '');
INSERT INTO `bus_bpmn_info` VALUES ('17', '', 'car_package', 'car_package', '10010', '2022-11-17 19:02:31', '1', '');

-- ----------------------------
-- Table structure for bus_bpmn_node
-- ----------------------------
DROP TABLE IF EXISTS `bus_bpmn_node`;
CREATE TABLE `bus_bpmn_node` (
                                 `id` bigint(20) NOT NULL AUTO_INCREMENT COMMENT 'id',
                                 `bpmn_info_id` bigint(20) DEFAULT NULL COMMENT 'id',
                                 `node_key` varchar(64) DEFAULT NULL COMMENT 'id',
                                 `node_desc` varchar(64) DEFAULT NULL COMMENT '',
                                 PRIMARY KEY (`id`)
) ENGINE=InnoDB AUTO_INCREMENT=13 DEFAULT CHARSET=utf8;

-- ----------------------------
-- Records of bus_bpmn_node
-- ----------------------------
INSERT INTO `bus_bpmn_node` VALUES ('10', '17', 'shopOwnerAudit', '');
INSERT INTO `bus_bpmn_node` VALUES ('11', '17', 'financialAudit', '');
INSERT INTO `bus_bpmn_node` VALUES ('12', '17', 'presidentAudit', '');

-- ----------------------------
-- Table structure for bus_car_package_audit
-- ----------------------------
DROP TABLE IF EXISTS `bus_car_package_audit`;
CREATE TABLE `bus_car_package_audit` (
                                         `id` bigint(20) NOT NULL AUTO_INCREMENT COMMENT '',
                                         `service_item_id` bigint(20) DEFAULT NULL COMMENT 'id',
                                         `service_item_name` varchar(255) DEFAULT NULL,
                                         `service_item_info` varchar(255) DEFAULT NULL COMMENT '',
                                         `service_item_price` decimal(10,2) DEFAULT NULL COMMENT '',
                                         `instance_id` varchar(255) DEFAULT NULL COMMENT 'id',
                                         `creator_id` varchar(255) DEFAULT NULL COMMENT '',
                                         `info` varchar(255) DEFAULT NULL COMMENT '',
                                         `status` int(10) DEFAULT NULL COMMENT '0/1/2/3',
                                         `create_time` datetime DEFAULT NULL COMMENT '',
                                         PRIMARY KEY (`id`) USING BTREE
) ENGINE=InnoDB AUTO_INCREMENT=14 DEFAULT CHARSET=utf8;

-- ----------------------------
-- Records of bus_car_package_audit
-- ----------------------------

-- ----------------------------
-- Table structure for bus_customer
-- ----------------------------
DROP TABLE IF EXISTS `bus_customer`;
CREATE TABLE `bus_customer` (
                                `id` int(255) NOT NULL AUTO_INCREMENT COMMENT 'id',
                                `name` varchar(60) COLLATE utf8_bin DEFAULT NULL COMMENT '',
                                `phone` varchar(40) COLLATE utf8_bin DEFAULT NULL COMMENT '',
                                `sex` varchar(255) COLLATE utf8_bin DEFAULT NULL COMMENT '(/)',
                                `entry_clerk` varchar(255) COLLATE utf8_bin DEFAULT NULL COMMENT '',
                                `entry_time` datetime DEFAULT NULL COMMENT '',
                                PRIMARY KEY (`id`) USING BTREE
) ENGINE=InnoDB AUTO_INCREMENT=4 DEFAULT CHARSET=utf8 COLLATE=utf8_bin;

-- ----------------------------
-- Records of bus_customer
-- ----------------------------
INSERT INTO `bus_customer` VALUES ('2', '', '18000000001', '0', '', '2022-08-26 00:00:00');
INSERT INTO `bus_customer` VALUES ('3', '2', '2', '1', '3234', '2022-08-10 00:00:00');

-- ----------------------------
-- Table structure for bus_customer_visit
-- ----------------------------
DROP TABLE IF EXISTS `bus_customer_visit`;
CREATE TABLE `bus_customer_visit` (
                                      `id` int(11) NOT NULL AUTO_INCREMENT COMMENT 'id',
                                      `visit_customer` varchar(255) COLLATE utf8_bin DEFAULT NULL COMMENT '',
                                      `visit_method` varchar(255) COLLATE utf8_bin DEFAULT NULL COMMENT 'QQ',
                                      `visit_cause` varchar(100) COLLATE utf8_bin DEFAULT NULL COMMENT '',
                                      `visit_result` varchar(255) COLLATE utf8_bin DEFAULT NULL COMMENT '',
                                      `visit_date` datetime DEFAULT NULL COMMENT '',
                                      `entry_clerk` varchar(255) COLLATE utf8_bin DEFAULT NULL COMMENT '',
                                      `entry_time` datetime DEFAULT NULL COMMENT '',
                                      PRIMARY KEY (`id`) USING BTREE
) ENGINE=InnoDB AUTO_INCREMENT=2 DEFAULT CHARSET=utf8 COLLATE=utf8_bin;

-- ----------------------------
-- Records of bus_customer_visit
-- ----------------------------
INSERT INTO `bus_customer_visit` VALUES ('1', '1', '', '23', '12', '2022-08-09 00:00:00', '123123', '2022-08-25 00:00:00');

-- ----------------------------
-- Table structure for bus_service_item
-- ----------------------------
DROP TABLE IF EXISTS `bus_service_item`;
CREATE TABLE `bus_service_item` (
                                    `id` bigint(20) NOT NULL AUTO_INCREMENT,
                                    `name` varchar(255) DEFAULT NULL COMMENT '',
                                    `original_price` decimal(10,2) DEFAULT NULL COMMENT '',
                                    `discount_price` decimal(10,2) DEFAULT NULL COMMENT '',
                                    `car_package` int(1) DEFAULT NULL COMMENT '/',
                                    `info` varchar(255) DEFAULT NULL COMMENT '',
                                    `create_time` datetime DEFAULT CURRENT_TIMESTAMP COMMENT '',
                                    `service_catalog` int(1) DEFAULT NULL COMMENT '//',
                                    `audit_status` int(1) DEFAULT '4' COMMENT '////',
                                    `sale_status` int(1) DEFAULT '0' COMMENT '/',
                                    PRIMARY KEY (`id`) USING BTREE
) ENGINE=InnoDB AUTO_INCREMENT=23 DEFAULT CHARSET=utf8;

-- ----------------------------
-- Records of bus_service_item
-- ----------------------------
INSERT INTO `bus_service_item` VALUES ('1', '()', '188.00', '188.00', '0', '', '2021-05-14 10:09:36', '2', '4', '1');
INSERT INTO `bus_service_item` VALUES ('2', '', '88.00', '88.00', '0', '', '2021-05-14 10:32:30', '0', '4', '1');
INSERT INTO `bus_service_item` VALUES ('3', '', '6100.00', '3001.00', '1', '11', '2021-05-14 10:33:24', '1', '0', '0');
INSERT INTO `bus_service_item` VALUES ('4', '', '2990.00', '5000.00', '1', '', '2021-05-18 10:31:13', '1', '0', '0');
INSERT INTO `bus_service_item` VALUES ('5', '', '99.00', '68.00', '0', '', '2021-05-18 10:32:48', '1', '4', '0');
INSERT INTO `bus_service_item` VALUES ('6', '', '500.00', '399.00', '0', '', '2021-05-18 10:33:18', '0', '4', '1');
INSERT INTO `bus_service_item` VALUES ('7', '', '88.00', '68.00', '0', '', '2021-05-18 10:33:48', '0', '4', '1');
INSERT INTO `bus_service_item` VALUES ('8', '', '6000.00', '1501.00', '1', '', '2021-05-27 11:21:53', '1', '0', '0');
INSERT INTO `bus_service_item` VALUES ('9', '', '288.00', '198.00', '0', '', '2021-05-28 10:41:49', '1', '4', '0');
INSERT INTO `bus_service_item` VALUES ('10', '', '199.00', '129.00', '0', '', '2021-06-15 15:47:54', '1', '4', '1');
INSERT INTO `bus_service_item` VALUES ('11', '', '99.00', '69.00', '0', '', '2021-06-15 15:48:37', '1', '4', '0');
INSERT INTO `bus_service_item` VALUES ('14', 'test', '1000.00', '800.00', '1', '666', '2021-12-10 14:59:21', '1', '0', '0');
INSERT INTO `bus_service_item` VALUES ('15', '', '200.00', '100.00', '0', '', '2022-08-13 11:32:23', '0', '4', '0');
INSERT INTO `bus_service_item` VALUES ('16', '', '280.00', '200.00', '1', '', '2022-08-13 11:33:18', '1', '0', '0');
INSERT INTO `bus_service_item` VALUES ('17', '', '6000.00', '5000.00', '1', '', '2022-08-14 09:50:08', '0', '0', '0');
INSERT INTO `bus_service_item` VALUES ('18', '', '6000.00', '5000.00', '0', '', '2022-08-14 09:50:33', '1', '4', '0');
INSERT INTO `bus_service_item` VALUES ('19', '', '6000.00', '5800.00', '1', '', '2022-08-14 17:58:23', '0', '0', '0');
INSERT INTO `bus_service_item` VALUES ('20', '', '3888.00', '3599.00', '1', '', '2022-08-17 11:31:43', '2', '0', '0');
INSERT INTO `bus_service_item` VALUES ('21', '', '100.00', '90.00', '0', '', '2022-08-17 11:32:39', '2', '4', '0');
INSERT INTO `bus_service_item` VALUES ('22', '', '5000.00', '3001.00', '1', '', '2022-09-01 16:53:53', '1', '0', '0');

-- ----------------------------
-- Table structure for bus_statement
-- ----------------------------
DROP TABLE IF EXISTS `bus_statement`;
CREATE TABLE `bus_statement` (
                                 `id` bigint(11) NOT NULL AUTO_INCREMENT,
                                 `customer_name` varchar(255) DEFAULT NULL COMMENT '',
                                 `customer_phone` varchar(255) DEFAULT NULL COMMENT '',
                                 `actual_arrival_time` datetime DEFAULT NULL COMMENT '',
                                 `license_plate` varchar(255) DEFAULT NULL COMMENT '',
                                 `car_series` varchar(255) DEFAULT NULL COMMENT '',
                                 `service_type` bigint(20) DEFAULT NULL COMMENT '/',
                                 `appointment_id` bigint(20) DEFAULT NULL COMMENT 'ID,',
                                 `status` int(1) DEFAULT '0' COMMENT '0/1',
                                 `pay_time` datetime DEFAULT NULL COMMENT '',
                                 `payee_id` bigint(11) DEFAULT NULL COMMENT 'id',
                                 `total_amount` decimal(10,2) DEFAULT '0.00' COMMENT '',
                                 `total_quantity` decimal(10,2) DEFAULT '0.00' COMMENT '',
                                 `discount_amount` decimal(10,2) DEFAULT '0.00' COMMENT '',
                                 `create_time` datetime DEFAULT CURRENT_TIMESTAMP COMMENT '',
                                 `info` varchar(255) DEFAULT NULL COMMENT '',
                                 `is_delete` int(1) DEFAULT '0',
                                 PRIMARY KEY (`id`) USING BTREE,
                                 UNIQUE KEY `maintenance_id` (`appointment_id`) USING BTREE
) ENGINE=InnoDB AUTO_INCREMENT=37 DEFAULT CHARSET=utf8 COMMENT='';

-- ----------------------------
-- Records of bus_statement
-- ----------------------------
INSERT INTO `bus_statement` VALUES ('1', '', '13099996666', '2021-10-27 16:06:17', 'A88888', '', '0', '9', '1', '2021-10-27 16:24:10', '1', '256.00', '2.00', '0.00', '2021-10-27 16:23:57', null, '0');
INSERT INTO `bus_statement` VALUES ('2', '', '13033336666', '2021-10-28 18:30:00', 'X9999', '', '0', null, '1', '2021-10-27 17:00:50', '1', '675.00', '3.00', '20.00', null, '', '0');
INSERT INTO `bus_statement` VALUES ('4', '', '13088889999', '2021-12-16 10:30:00', 'A98888', '', '0', null, '0', null, null, '0.00', '0.00', '0.00', '2021-12-13 14:15:04', '888', '1');
INSERT INTO `bus_statement` VALUES ('5', '', '13088889999', '2021-12-13 14:20:00', 'A98888', '', '0', null, '1', '2021-12-13 15:29:02', '1', '628.00', '6.00', '0.00', '2021-12-13 14:24:06', '111', '0');
INSERT INTO `bus_statement` VALUES ('6', '', '13077778888', '2021-12-14 15:35:00', 'A98888', '', '0', null, '1', '2021-12-15 11:48:38', '1', '276.00', '2.00', '0.00', '2021-12-13 15:37:35', '66', '0');
INSERT INTO `bus_statement` VALUES ('8', '', '13088889999', '2021-12-13 16:30:41', 'A98888', '', '1', '11', '1', '2021-12-13 16:31:58', '1', '532.00', '4.00', '0.00', '2021-12-13 16:30:47', '111', '0');
INSERT INTO `bus_statement` VALUES ('9', '', '13088889999', '2021-12-13 16:39:54', 'A98888', '', '0', '12', '1', '2021-12-13 16:40:06', '1', '464.00', '3.00', '0.00', '2021-12-13 16:39:58', '1111', '0');
INSERT INTO `bus_statement` VALUES ('10', '', '13088889999', '2021-12-13 16:50:01', 'A98888', '', '0', '13', '0', null, null, '0.00', '0.00', '0.00', '2021-12-13 16:50:06', '444', '1');
INSERT INTO `bus_statement` VALUES ('11', '1', '13088889999', '2021-12-13 09:45:00', 'A98888', '', '0', null, '1', '2021-12-15 10:54:15', '1', '0.00', '0.00', '0.00', '2021-12-13 20:44:55', '111', '0');
INSERT INTO `bus_statement` VALUES ('12', '', '13088889999', '2021-05-19 11:49:24', 'A66688', 'X5', '1', '1', '1', '2021-12-15 17:14:32', '1', '276.00', '2.00', '0.00', '2021-12-13 22:18:51', 'hello', '0');
INSERT INTO `bus_statement` VALUES ('13', '', '13033335555', '2021-05-28 10:28:48', 'G88888', '', '0', '4', '1', '2022-08-26 11:08:55', '1', '963.00', '5.00', '0.00', '2021-12-17 01:07:16', '', '0');
INSERT INTO `bus_statement` VALUES ('14', '', '', null, '', '', '0', null, '0', null, null, '0.00', '0.00', '0.00', '2022-08-14 14:27:23', '', '1');
INSERT INTO `bus_statement` VALUES ('15', '', '15545678987', '2022-08-12 16:11:41', 'A1233', '', '0', '14', '1', '2022-08-14 16:10:42', '1', '0.00', '0.00', '0.00', '2022-08-14 16:10:10', '', '0');
INSERT INTO `bus_statement` VALUES ('16', '', '15545678987', '2022-08-14 16:11:17', 'ffsfdsfsd', '', '0', '20', '1', '2022-08-14 16:11:24', '1', '0.00', '0.00', '0.00', '2022-08-14 16:11:22', '', '0');
INSERT INTO `bus_statement` VALUES ('17', '', '15545678987', '2022-08-12 17:39:17', 'A1233', '', '1', '18', '1', '2022-08-14 17:41:42', '1', '276.00', '2.00', '0.00', '2022-08-14 16:33:17', '', '0');
INSERT INTO `bus_statement` VALUES ('20', '', '15545678987', '2022-08-14 17:17:54', 'A1233', '', '1', '19', '1', '2022-08-14 17:23:43', '1', '0.00', '0.00', '0.00', '2022-08-14 17:17:56', '7777', '0');
INSERT INTO `bus_statement` VALUES ('21', '', '13055558888', '2021-06-15 18:26:57', 'B88899', '', '1', '5', '1', '2022-08-18 11:35:11', '1', '564.00', '3.00', '0.00', '2022-08-17 10:28:18', '', '0');
INSERT INTO `bus_statement` VALUES ('23', '', '15545678987', '2022-08-17 10:33:01', 'A1233', '', '0', '21', '1', '2022-08-18 10:21:29', '1', '188.00', '1.00', '0.00', '2022-08-17 10:33:03', '', '0');
INSERT INTO `bus_statement` VALUES ('24', '88', '15545678987', '2022-08-17 18:06:23', 'A1233', '', '1', '22', '1', '2022-08-17 18:31:25', '1', '999.00', '6.00', '0.00', '2022-08-17 18:06:27', '1111122', '0');
INSERT INTO `bus_statement` VALUES ('25', '8899', '15545678987', '2022-08-17 18:35:17', 'A1233', '', '1', '23', '1', '2022-08-17 18:35:59', '1', '188.00', '1.00', '0.00', '2022-08-17 18:35:22', '', '0');
INSERT INTO `bus_statement` VALUES ('26', '889977', '15545678987', '2022-08-17 19:22:26', 'A1233', '', '0', '24', '1', '2022-08-18 10:20:53', '1', '0.00', '0.00', '0.00', '2022-08-17 19:22:30', '', '0');
INSERT INTO `bus_statement` VALUES ('28', '888888', '15545678987', '2022-08-18 10:22:25', 'A1233', '', '0', '25', '1', '2022-08-18 10:22:32', '1', '0.00', '0.00', '0.00', '2022-08-18 10:22:28', '1112', '0');
INSERT INTO `bus_statement` VALUES ('30', '888811', '15545678987', '2022-08-23 09:36:15', 'A1233', '', '0', '26', '1', '2022-09-01 16:44:03', '1065', '276.00', '2.00', '20.00', '2022-08-23 09:36:18', '', '0');
INSERT INTO `bus_statement` VALUES ('31', '', '13088889999', '2022-08-29 17:46:02', 'A88887', '', '0', '27', '1', '2022-08-29 17:49:31', '1', '563.00', '4.00', '50.00', '2022-08-29 17:47:11', '123456', '0');
INSERT INTO `bus_statement` VALUES ('32', 'aaaqa', '15555555555', '2022-09-01 09:49:22', 'A44445', '', '0', '28', '0', null, null, '787.00', '3.00', '200.00', '2022-09-01 10:38:45', null, '1');
INSERT INTO `bus_statement` VALUES ('33', '', '15522222111', '2022-09-01 16:52:15', 'B12345', '', '0', '33', '1', '2022-09-01 16:52:55', '1', '287.00', '2.00', '50.00', '2022-09-01 16:52:25', null, '0');
INSERT INTO `bus_statement` VALUES ('34', null, null, null, null, null, null, null, '0', null, null, '0.00', '0.00', '0.00', '2022-09-01 17:15:06', null, '1');
INSERT INTO `bus_statement` VALUES ('35', null, null, null, null, null, null, null, '0', null, null, '0.00', '0.00', '0.00', '2022-09-01 17:16:31', null, '1');
INSERT INTO `bus_statement` VALUES ('36', '', '133333333111', '2022-09-01 17:19:00', 'C12345', '', '1', null, '1', '2022-09-01 17:20:52', '1', '776.00', '3.00', '100.00', '2022-09-01 17:19:58', null, '0');

-- ----------------------------
-- Table structure for bus_statement_item
-- ----------------------------
DROP TABLE IF EXISTS `bus_statement_item`;
CREATE TABLE `bus_statement_item` (
                                      `id` bigint(20) NOT NULL AUTO_INCREMENT,
                                      `statement_id` bigint(20) DEFAULT NULL COMMENT 'ID',
                                      `item_id` bigint(20) DEFAULT NULL COMMENT 'ID',
                                      `item_name` varchar(255) DEFAULT NULL COMMENT '',
                                      `item_price` decimal(10,2) DEFAULT NULL COMMENT '',
                                      `item_quantity` decimal(10,0) DEFAULT NULL COMMENT '',
                                      PRIMARY KEY (`id`) USING BTREE
) ENGINE=InnoDB AUTO_INCREMENT=84 DEFAULT CHARSET=utf8 COMMENT='';

-- ----------------------------
-- Records of bus_statement_item
-- ----------------------------
INSERT INTO `bus_statement_item` VALUES ('1', '1', '1', '()', '188.00', '1');
INSERT INTO `bus_statement_item` VALUES ('2', '1', '5', '', '68.00', '1');
INSERT INTO `bus_statement_item` VALUES ('3', '2', '1', '()', '188.00', '1');
INSERT INTO `bus_statement_item` VALUES ('4', '2', '2', '', '88.00', '1');
INSERT INTO `bus_statement_item` VALUES ('5', '2', '6', '', '399.00', '1');
INSERT INTO `bus_statement_item` VALUES ('22', '5', '1', '()', '188.00', '1');
INSERT INTO `bus_statement_item` VALUES ('23', '5', '2', '', '88.00', '5');
INSERT INTO `bus_statement_item` VALUES ('24', '8', '1', '()', '188.00', '2');
INSERT INTO `bus_statement_item` VALUES ('25', '8', '2', '', '88.00', '1');
INSERT INTO `bus_statement_item` VALUES ('26', '8', '5', '', '68.00', '1');
INSERT INTO `bus_statement_item` VALUES ('27', '9', '1', '()', '188.00', '2');
INSERT INTO `bus_statement_item` VALUES ('28', '9', '2', '', '88.00', '1');
INSERT INTO `bus_statement_item` VALUES ('29', '6', '1', '()', '188.00', '1');
INSERT INTO `bus_statement_item` VALUES ('30', '6', '2', '', '88.00', '1');
INSERT INTO `bus_statement_item` VALUES ('31', '12', '1', '()', '188.00', '1');
INSERT INTO `bus_statement_item` VALUES ('32', '12', '2', '', '88.00', '1');
INSERT INTO `bus_statement_item` VALUES ('33', '17', '2', '', '88.00', '1');
INSERT INTO `bus_statement_item` VALUES ('34', '17', '1', '()', '188.00', '1');
INSERT INTO `bus_statement_item` VALUES ('35', '24', '1', '()', '188.00', '2');
INSERT INTO `bus_statement_item` VALUES ('36', '24', '2', '', '88.00', '1');
INSERT INTO `bus_statement_item` VALUES ('37', '24', '5', '', '68.00', '1');
INSERT INTO `bus_statement_item` VALUES ('38', '24', '6', '', '399.00', '1');
INSERT INTO `bus_statement_item` VALUES ('39', '24', '7', '', '68.00', '1');
INSERT INTO `bus_statement_item` VALUES ('40', '25', '1', '()', '188.00', '1');
INSERT INTO `bus_statement_item` VALUES ('41', '23', '1', '()', '188.00', '1');
INSERT INTO `bus_statement_item` VALUES ('42', '21', '1', '()', '188.00', '3');
INSERT INTO `bus_statement_item` VALUES ('43', '13', '1', '()', '188.00', '1');
INSERT INTO `bus_statement_item` VALUES ('44', '13', '2', '', '88.00', '1');
INSERT INTO `bus_statement_item` VALUES ('45', '13', '5', '', '99.00', '1');
INSERT INTO `bus_statement_item` VALUES ('46', '13', '6', '', '500.00', '1');
INSERT INTO `bus_statement_item` VALUES ('47', '13', '7', '', '88.00', '1');
INSERT INTO `bus_statement_item` VALUES ('50', '31', '1', '()', '188.00', '2');
INSERT INTO `bus_statement_item` VALUES ('51', '31', '2', '', '88.00', '1');
INSERT INTO `bus_statement_item` VALUES ('52', '31', '5', '', '99.00', '1');
INSERT INTO `bus_statement_item` VALUES ('77', '30', '1', '()', '188.00', '1');
INSERT INTO `bus_statement_item` VALUES ('78', '30', '2', '', '88.00', '1');
INSERT INTO `bus_statement_item` VALUES ('79', '33', '10', '', '199.00', '1');
INSERT INTO `bus_statement_item` VALUES ('80', '33', '7', '', '88.00', '1');
INSERT INTO `bus_statement_item` VALUES ('81', '36', '1', '()', '188.00', '1');
INSERT INTO `bus_statement_item` VALUES ('82', '36', '2', '', '88.00', '1');
INSERT INTO `bus_statement_item` VALUES ('83', '36', '6', '', '500.00', '1');

-- ----------------------------
-- Table structure for car_type
-- ----------------------------
DROP TABLE IF EXISTS `car_type`;
CREATE TABLE `car_type` (
                            `id` int(200) NOT NULL AUTO_INCREMENT COMMENT 'id',
                            `car_name` varchar(255) COLLATE utf8_bin DEFAULT NULL COMMENT '',
                            `car_series` varchar(255) COLLATE utf8_bin DEFAULT NULL COMMENT '',
                            `image` varchar(255) COLLATE utf8_bin DEFAULT NULL COMMENT '',
                            `price` decimal(10,2) DEFAULT NULL COMMENT '',
                            PRIMARY KEY (`id`) USING BTREE
) ENGINE=InnoDB AUTO_INCREMENT=16 DEFAULT CHARSET=utf8 COLLATE=utf8_bin;

-- ----------------------------
-- Records of car_type
-- ----------------------------
INSERT INTO `car_type` VALUES ('7', '', 'E1', '/profile/upload/2022/08/27/car-model_20220827143602A002.png', '88.87');
INSERT INTO `car_type` VALUES ('8', '', 'E2', '/profile/upload/2022/08/27/car-model_20220827143610A003.png', '88.88');
INSERT INTO `car_type` VALUES ('9', '', 'E3', '/profile/upload/2022/08/27/car-model_20220827143617A004.png', '88.89');
INSERT INTO `car_type` VALUES ('10', 'SUV', 'ESUV1', '/profile/upload/2022/08/27/car-model_20220827143624A005.png', '88.88');
INSERT INTO `car_type` VALUES ('11', 'SUV', 'ESUV2', '/profile/upload/2022/08/27/car-model_20220827143632A006.png', '88.88');
INSERT INTO `car_type` VALUES ('12', '&', '1', '/profile/upload/2022/08/27/car-model_20220827143638A007.png', '88.88');
INSERT INTO `car_type` VALUES ('13', 'MPV', 'EMPV1', '/profile/upload/2022/08/27/car-model_20220827143644A008.png', '88.88');
INSERT INTO `car_type` VALUES ('14', '', '1', '/profile/upload/2022/08/27/car-model_20220827143651A009.png', '88.88');
INSERT INTO `car_type` VALUES ('15', '', '1', '/profile/upload/2022/08/27/car-model_20220827143657A010.png', '88.88');

-- ----------------------------
-- Table structure for department
-- ----------------------------
DROP TABLE IF EXISTS `department`;
CREATE TABLE `department` (
                              `id` bigint(20) NOT NULL AUTO_INCREMENT,
                              `name` varchar(255) DEFAULT NULL,
                              `sn` varchar(255) DEFAULT NULL,
                              PRIMARY KEY (`id`)
) ENGINE=InnoDB AUTO_INCREMENT=77 DEFAULT CHARSET=utf8;

-- ----------------------------
-- Records of department
-- ----------------------------
INSERT INTO `department` VALUES ('17', '', 'HR');
INSERT INTO `department` VALUES ('20', '', 'XMB');
INSERT INTO `department` VALUES ('21', '', 'DMB');
INSERT INTO `department` VALUES ('25', '', 'CSB');
INSERT INTO `department` VALUES ('26', '', 'YYB');
INSERT INTO `department` VALUES ('27', '', 'TXB');
INSERT INTO `department` VALUES ('28', '', 'KFB');
INSERT INTO `department` VALUES ('29', '', 'SHB');
INSERT INTO `department` VALUES ('38', '22', 'DEPT_SN_22');
INSERT INTO `department` VALUES ('39', '3', 'DEPT_SN_3');
INSERT INTO `department` VALUES ('40', '4', 'DEPT_SN_4');
INSERT INTO `department` VALUES ('41', '5', 'DEPT_SN_5');
INSERT INTO `department` VALUES ('42', '6', 'DEPT_SN_6');
INSERT INTO `department` VALUES ('43', '7', 'DEPT_SN_7');
INSERT INTO `department` VALUES ('44', '8', 'DEPT_SN_8');
INSERT INTO `department` VALUES ('45', '9', 'DEPT_SN_9');
INSERT INTO `department` VALUES ('64', 'POI1', 'POI_DEPT_1');
INSERT INTO `department` VALUES ('65', 'POI2', 'POI_DEPT_2');
INSERT INTO `department` VALUES ('66', 'POI3', 'POI_DEPT_3');
INSERT INTO `department` VALUES ('67', 'POI4', 'POI_DEPT_4');
INSERT INTO `department` VALUES ('68', 'POI5', 'POI_DEPT_5');
INSERT INTO `department` VALUES ('69', 'POI6', 'POI_DEPT_6');
INSERT INTO `department` VALUES ('70', 'POI7', 'POI_DEPT_7');
INSERT INTO `department` VALUES ('71', 'POI8', 'POI_DEPT_8');
INSERT INTO `department` VALUES ('72', 'POI9', 'POI_DEPT_9');
INSERT INTO `department` VALUES ('73', '111', '111');
INSERT INTO `department` VALUES ('74', '111', '111');
INSERT INTO `department` VALUES ('75', '111', '111');
INSERT INTO `department` VALUES ('76', '222', '222');

-- ----------------------------
-- Table structure for employee
-- ----------------------------
DROP TABLE IF EXISTS `employee`;
CREATE TABLE `employee` (
                            `id` bigint(20) NOT NULL AUTO_INCREMENT,
                            `username` varchar(255) DEFAULT NULL,
                            `name` varchar(255) DEFAULT NULL,
                            `password` varchar(255) DEFAULT NULL,
                            `email` varchar(255) DEFAULT NULL,
                            `age` int(11) DEFAULT NULL,
                            `admin` bit(1) DEFAULT NULL,
                            `dept_id` bigint(20) DEFAULT NULL,
                            PRIMARY KEY (`id`)
) ENGINE=InnoDB AUTO_INCREMENT=1592153222833963011 DEFAULT CHARSET=utf8;

-- ----------------------------
-- Records of employee
-- ----------------------------
INSERT INTO `employee` VALUES ('1', 'admin', '', '$2a$10$rlz7W040TIYoJiu6D9WJRuXd/Qoja/44KpqAOLoCBhwxzuA.O18sC', '123@qq.com', '32', '', '21');
INSERT INTO `employee` VALUES ('2', 'test123', '', '$2a$10$85i0Gr1ZQH5lZ91Pl6J2leysepQZZ60dnG9T.2RFPBS6b9XiRlc0e', '250', '250', '\0', '20');
INSERT INTO `employee` VALUES ('1592153222833963010', '11', '11', null, '11', '11', '', '11');

-- ----------------------------
-- Table structure for gen_table
-- ----------------------------
DROP TABLE IF EXISTS `gen_table`;
CREATE TABLE `gen_table` (
                             `table_id` bigint(20) NOT NULL AUTO_INCREMENT COMMENT '',
                             `table_name` varchar(200) DEFAULT '' COMMENT '',
                             `table_comment` varchar(500) DEFAULT '' COMMENT '',
                             `sub_table_name` varchar(64) DEFAULT NULL COMMENT '',
                             `sub_table_fk_name` varchar(64) DEFAULT NULL COMMENT '',
                             `class_name` varchar(100) DEFAULT '' COMMENT '',
                             `tpl_category` varchar(200) DEFAULT 'crud' COMMENT 'crud tree',
                             `package_name` varchar(100) DEFAULT NULL COMMENT '',
                             `module_name` varchar(30) DEFAULT NULL COMMENT '',
                             `business_name` varchar(30) DEFAULT NULL COMMENT '',
                             `function_name` varchar(50) DEFAULT NULL COMMENT '',
                             `function_author` varchar(50) DEFAULT NULL COMMENT '',
                             `code_temp` char(1) DEFAULT '0' COMMENT '0MyBatisPlus 1MyBatis',
                             `gen_type` char(1) DEFAULT '0' COMMENT '0zip 1',
                             `gen_path` varchar(200) DEFAULT '/' COMMENT '',
                             `options` varchar(1000) DEFAULT NULL COMMENT '',
                             `create_by` varchar(64) DEFAULT '' COMMENT '',
                             `create_time` datetime DEFAULT NULL COMMENT '',
                             `update_by` varchar(64) DEFAULT '' COMMENT '',
                             `update_time` datetime DEFAULT NULL COMMENT '',
                             `remark` varchar(500) DEFAULT NULL COMMENT '',
                             PRIMARY KEY (`table_id`)
) ENGINE=InnoDB AUTO_INCREMENT=6 DEFAULT CHARSET=utf8 COMMENT='';

-- ----------------------------
-- Records of gen_table
-- ----------------------------
INSERT INTO `gen_table` VALUES ('1', 'bus_cus_record', '', null, null, 'BusCusRecord', 'crud', 'com.ruoyi.system', 'system', 'record', '', 'ruoyi', '0', '0', '/', '{}', 'admin', '2022-08-27 15:11:24', '', '2022-08-27 15:14:03', null);
INSERT INTO `gen_table` VALUES ('2', 'employee', '', null, null, 'Employee', 'crud', 'com.ruoyi.system', 'system', 'employee', '', 'wang', '0', '0', 'D:\\projects\\caro2o\\caro2o-admin-backend\\ruoyi-system\\src', '{\"parentMenuId\":\"1\"}', 'admin', '2022-11-13 17:31:21', '', '2022-11-13 17:41:57', null);
INSERT INTO `gen_table` VALUES ('3', 'bus_bpmn_info', '', null, null, 'BpmnInfo', 'crud', 'com.ruoyi.workflow', 'workflow', 'bpmnInfo', '', 'wang', '0', '0', '/', '{\"parentMenuId\":\"2065\"}', 'admin', '2022-11-14 15:12:06', '', '2022-11-14 15:18:37', null);
INSERT INTO `gen_table` VALUES ('4', 'bus_bpmn_node', '', null, null, 'BpmnNode', 'crud', 'com.ruoyi.workflow', 'workflow', 'bpmnNode', '', 'wang', '0', '0', '/', '{\"parentMenuId\":2066}', 'admin', '2022-11-17 09:58:18', '', '2022-11-17 10:01:12', null);
INSERT INTO `gen_table` VALUES ('5', 'bus_car_package_audit', '', null, null, 'CarPackageAudit', 'crud', 'com.ruoyi.workflow', 'workflow', 'audit', '', 'wang', '0', '0', '/', '{\"parentMenuId\":2057}', 'admin', '2022-11-17 16:56:52', '', '2022-11-17 17:00:02', null);

-- ----------------------------
-- Table structure for gen_table_column
-- ----------------------------
DROP TABLE IF EXISTS `gen_table_column`;
CREATE TABLE `gen_table_column` (
                                    `column_id` bigint(20) NOT NULL AUTO_INCREMENT COMMENT '',
                                    `table_id` varchar(64) DEFAULT NULL COMMENT '',
                                    `column_name` varchar(200) DEFAULT NULL COMMENT '',
                                    `column_comment` varchar(500) DEFAULT NULL COMMENT '',
                                    `column_type` varchar(100) DEFAULT NULL COMMENT '',
                                    `java_type` varchar(500) DEFAULT NULL COMMENT 'JAVA',
                                    `java_field` varchar(200) DEFAULT NULL COMMENT 'JAVA',
                                    `is_pk` char(1) DEFAULT NULL COMMENT '1',
                                    `is_increment` char(1) DEFAULT NULL COMMENT '1',
                                    `is_required` char(1) DEFAULT NULL COMMENT '1',
                                    `is_insert` char(1) DEFAULT NULL COMMENT '1',
                                    `is_edit` char(1) DEFAULT NULL COMMENT '1',
                                    `is_list` char(1) DEFAULT NULL COMMENT '1',
                                    `is_query` char(1) DEFAULT NULL COMMENT '1',
                                    `query_type` varchar(200) DEFAULT 'EQ' COMMENT '',
                                    `html_type` varchar(200) DEFAULT NULL COMMENT '',
                                    `dict_type` varchar(200) DEFAULT '' COMMENT '',
                                    `sort` int(11) DEFAULT NULL COMMENT '',
                                    `create_by` varchar(64) DEFAULT '' COMMENT '',
                                    `create_time` datetime DEFAULT NULL COMMENT '',
                                    `update_by` varchar(64) DEFAULT '' COMMENT '',
                                    `update_time` datetime DEFAULT NULL COMMENT '',
                                    PRIMARY KEY (`column_id`)
) ENGINE=InnoDB AUTO_INCREMENT=36 DEFAULT CHARSET=utf8 COMMENT='';

-- ----------------------------
-- Records of gen_table_column
-- ----------------------------
INSERT INTO `gen_table_column` VALUES ('1', '1', 'id', 'id', 'int(255)', 'Long', 'id', '1', '1', null, '1', null, null, null, 'EQ', 'input', '', '1', 'admin', '2022-08-27 15:11:24', '', '2022-08-27 15:14:03');
INSERT INTO `gen_table_column` VALUES ('2', '1', 'name', '', 'varchar(60)', 'String', 'name', '0', '0', '1', '1', '1', '1', '1', 'LIKE', 'input', '', '2', 'admin', '2022-08-27 15:11:24', '', '2022-08-27 15:14:03');
INSERT INTO `gen_table_column` VALUES ('3', '1', 'phone', '', 'varchar(40)', 'String', 'phone', '0', '0', null, '1', '1', '1', '1', 'EQ', 'input', '', '3', 'admin', '2022-08-27 15:11:24', '', '2022-08-27 15:14:03');
INSERT INTO `gen_table_column` VALUES ('4', '1', 'sex', '(/)', 'varchar(255)', 'String', 'sex', '0', '0', null, '1', '1', '1', '1', 'EQ', 'select', 'sys_user_sex', '4', 'admin', '2022-08-27 15:11:24', '', '2022-08-27 15:14:03');
INSERT INTO `gen_table_column` VALUES ('5', '1', 'entry_clerk', '', 'varchar(255)', 'String', 'entryClerk', '0', '0', null, '1', '1', '1', '1', 'EQ', 'input', '', '5', 'admin', '2022-08-27 15:11:24', '', '2022-08-27 15:14:03');
INSERT INTO `gen_table_column` VALUES ('6', '1', 'entry_time', '', 'datetime', 'Date', 'entryTime', '0', '0', null, '1', '1', '1', '1', 'EQ', 'datetime', '', '6', 'admin', '2022-08-27 15:11:24', '', '2022-08-27 15:14:03');
INSERT INTO `gen_table_column` VALUES ('7', '2', 'id', 'ID', 'bigint(20)', 'Long', 'id', '1', '1', null, null, null, null, null, 'EQ', 'input', '', '1', 'admin', '2022-11-13 17:31:21', '', '2022-11-13 17:41:57');
INSERT INTO `gen_table_column` VALUES ('8', '2', 'username', '', 'varchar(255)', 'String', 'username', '0', '0', null, '1', '1', '1', '1', 'LIKE', 'input', '', '2', 'admin', '2022-11-13 17:31:21', '', '2022-11-13 17:41:57');
INSERT INTO `gen_table_column` VALUES ('9', '2', 'name', '', 'varchar(255)', 'String', 'name', '0', '0', null, '1', '1', '1', '1', 'LIKE', 'input', '', '3', 'admin', '2022-11-13 17:31:21', '', '2022-11-13 17:41:57');
INSERT INTO `gen_table_column` VALUES ('10', '2', 'password', '', 'varchar(255)', 'String', 'password', '0', '0', null, null, null, null, null, 'EQ', 'input', '', '4', 'admin', '2022-11-13 17:31:21', '', '2022-11-13 17:41:57');
INSERT INTO `gen_table_column` VALUES ('11', '2', 'email', '', 'varchar(255)', 'String', 'email', '0', '0', null, '1', '1', '1', null, 'EQ', 'input', '', '5', 'admin', '2022-11-13 17:31:21', '', '2022-11-13 17:41:57');
INSERT INTO `gen_table_column` VALUES ('12', '2', 'age', '', 'int(11)', 'Long', 'age', '0', '0', null, '1', '1', '1', '1', 'BETWEEN', 'input', '', '6', 'admin', '2022-11-13 17:31:21', '', '2022-11-13 17:41:57');
INSERT INTO `gen_table_column` VALUES ('13', '2', 'admin', '', 'bit(1)', 'Integer', 'admin', '0', '0', null, '1', '1', '1', '1', 'EQ', 'select', 'sys_employee_admin', '7', 'admin', '2022-11-13 17:31:21', '', '2022-11-13 17:41:57');
INSERT INTO `gen_table_column` VALUES ('14', '2', 'dept_id', '', 'bigint(20)', 'Long', 'deptId', '0', '0', null, '1', '1', '1', null, 'EQ', 'input', '', '8', 'admin', '2022-11-13 17:31:21', '', '2022-11-13 17:41:57');
INSERT INTO `gen_table_column` VALUES ('15', '3', 'id', '', 'bigint(20)', 'Long', 'id', '1', '1', null, null, null, null, null, 'EQ', 'input', '', '1', 'admin', '2022-11-14 15:12:07', '', '2022-11-14 15:18:37');
INSERT INTO `gen_table_column` VALUES ('16', '3', 'bpmn_label', '', 'varchar(255)', 'String', 'bpmnLabel', '0', '0', null, null, null, '1', null, 'EQ', 'input', '', '2', 'admin', '2022-11-14 15:12:07', '', '2022-11-14 15:18:37');
INSERT INTO `gen_table_column` VALUES ('17', '3', 'bpmn_type', '', 'varchar(255)', 'String', 'bpmnType', '0', '0', null, null, null, null, '1', 'EQ', 'select', 'sys_audit_type', '3', 'admin', '2022-11-14 15:12:07', '', '2022-11-14 15:18:37');
INSERT INTO `gen_table_column` VALUES ('18', '3', 'process_definition_key', ' Key', 'varchar(255)', 'String', 'processDefinitionKey', '0', '0', null, null, null, '1', null, 'EQ', 'input', '', '4', 'admin', '2022-11-14 15:12:07', '', '2022-11-14 15:18:37');
INSERT INTO `gen_table_column` VALUES ('19', '3', 'deploy_time', '', 'datetime', 'Date', 'deployTime', '0', '0', null, null, null, '1', '1', 'BETWEEN', 'datetime', '', '5', 'admin', '2022-11-14 15:12:07', '', '2022-11-14 15:18:37');
INSERT INTO `gen_table_column` VALUES ('20', '3', 'version', '', 'int(11)', 'Long', 'version', '0', '0', null, null, null, '1', null, 'EQ', 'input', '', '6', 'admin', '2022-11-14 15:12:07', '', '2022-11-14 15:18:37');
INSERT INTO `gen_table_column` VALUES ('21', '3', 'info', '', 'varchar(255)', 'String', 'info', '0', '0', null, null, null, '1', null, 'EQ', 'input', '', '7', 'admin', '2022-11-14 15:12:07', '', '2022-11-14 15:18:37');
INSERT INTO `gen_table_column` VALUES ('22', '4', 'id', '', 'bigint(20)', 'Long', 'id', '1', '1', null, null, null, '1', null, 'EQ', 'input', '', '1', 'admin', '2022-11-17 09:58:18', '', '2022-11-17 10:01:12');
INSERT INTO `gen_table_column` VALUES ('23', '4', 'bpmn_info_id', '', 'bigint(20)', 'Long', 'bpmnInfoId', '0', '0', null, '1', '1', '1', null, 'EQ', 'input', '', '2', 'admin', '2022-11-17 09:58:18', '', '2022-11-17 10:01:12');
INSERT INTO `gen_table_column` VALUES ('24', '4', 'node_key', '', 'varchar(64)', 'String', 'nodeKey', '0', '0', null, '1', '1', '1', '1', 'LIKE', 'input', '', '3', 'admin', '2022-11-17 09:58:18', '', '2022-11-17 10:01:12');
INSERT INTO `gen_table_column` VALUES ('25', '4', 'node_desc', '', 'varchar(64)', 'String', 'nodeDesc', '0', '0', null, '1', '1', '1', null, 'EQ', 'input', '', '4', 'admin', '2022-11-17 09:58:18', '', '2022-11-17 10:01:12');
INSERT INTO `gen_table_column` VALUES ('26', '5', 'id', '', 'bigint(20)', 'Long', 'id', '1', '1', null, null, null, null, null, 'EQ', 'input', '', '1', 'admin', '2022-11-17 16:56:52', '', '2022-11-17 17:00:02');
INSERT INTO `gen_table_column` VALUES ('27', '5', 'service_item_id', 'id', 'bigint(20)', 'Long', 'serviceItemId', '0', '0', null, null, null, '1', null, 'EQ', 'input', '', '2', 'admin', '2022-11-17 16:56:52', '', '2022-11-17 17:00:02');
INSERT INTO `gen_table_column` VALUES ('28', '5', 'service_item_name', '', 'varchar(255)', 'String', 'serviceItemName', '0', '0', null, null, null, '1', null, 'LIKE', 'input', '', '3', 'admin', '2022-11-17 16:56:52', '', '2022-11-17 17:00:02');
INSERT INTO `gen_table_column` VALUES ('29', '5', 'service_item_info', '', 'varchar(255)', 'String', 'serviceItemInfo', '0', '0', null, null, null, '1', null, 'EQ', 'input', '', '4', 'admin', '2022-11-17 16:56:53', '', '2022-11-17 17:00:02');
INSERT INTO `gen_table_column` VALUES ('30', '5', 'service_item_price', '', 'decimal(10,2)', 'BigDecimal', 'serviceItemPrice', '0', '0', null, null, null, '1', null, 'EQ', 'input', '', '5', 'admin', '2022-11-17 16:56:53', '', '2022-11-17 17:00:02');
INSERT INTO `gen_table_column` VALUES ('31', '5', 'instance_id', 'id', 'varchar(255)', 'String', 'instanceId', '0', '0', null, null, null, '1', null, 'EQ', 'input', '', '6', 'admin', '2022-11-17 16:56:53', '', '2022-11-17 17:00:02');
INSERT INTO `gen_table_column` VALUES ('32', '5', 'creator_id', '', 'varchar(255)', 'String', 'creatorId', '0', '0', null, null, null, '1', null, 'EQ', 'input', '', '7', 'admin', '2022-11-17 16:56:53', '', '2022-11-17 17:00:02');
INSERT INTO `gen_table_column` VALUES ('33', '5', 'info', '', 'varchar(255)', 'String', 'info', '0', '0', null, null, null, '1', null, 'EQ', 'input', '', '8', 'admin', '2022-11-17 16:56:53', '', '2022-11-17 17:00:02');
INSERT INTO `gen_table_column` VALUES ('34', '5', 'status', '', 'int(10)', 'Integer', 'status', '0', '0', null, null, null, '1', null, 'EQ', 'radio', '', '9', 'admin', '2022-11-17 16:56:53', '', '2022-11-17 17:00:02');
INSERT INTO `gen_table_column` VALUES ('35', '5', 'create_time', '', 'datetime', 'Date', 'createTime', '0', '0', null, null, null, null, '1', 'BETWEEN', 'datetime', '', '10', 'admin', '2022-11-17 16:56:53', '', '2022-11-17 17:00:02');

-- ----------------------------
-- Table structure for sys_config
-- ----------------------------
DROP TABLE IF EXISTS `sys_config`;
CREATE TABLE `sys_config` (
                              `config_id` int(5) NOT NULL AUTO_INCREMENT COMMENT '',
                              `config_name` varchar(100) DEFAULT '' COMMENT '',
                              `config_key` varchar(100) DEFAULT '' COMMENT '',
                              `config_value` varchar(500) DEFAULT '' COMMENT '',
                              `config_type` char(1) DEFAULT 'N' COMMENT 'Y N',
                              `create_by` varchar(64) DEFAULT '' COMMENT '',
                              `create_time` datetime DEFAULT NULL COMMENT '',
                              `update_by` varchar(64) DEFAULT '' COMMENT '',
                              `update_time` datetime DEFAULT NULL COMMENT '',
                              `remark` varchar(500) DEFAULT NULL COMMENT '',
                              PRIMARY KEY (`config_id`)
) ENGINE=InnoDB AUTO_INCREMENT=6 DEFAULT CHARSET=utf8 COMMENT='';

-- ----------------------------
-- Records of sys_config
-- ----------------------------
INSERT INTO `sys_config` VALUES ('1', '-', 'sys.index.skinName', 'skin-blue', 'Y', 'admin', '2022-08-25 17:40:52', 'admin', '2022-08-26 10:52:26', ' skin-blue skin-green skin-purple skin-red skin-yellow');
INSERT INTO `sys_config` VALUES ('2', '-', 'sys.user.initPassword', '123456', 'Y', 'admin', '2022-08-25 17:40:52', '', null, ' 123456');
INSERT INTO `sys_config` VALUES ('3', '-', 'sys.index.sideTheme', 'theme-dark', 'Y', 'admin', '2022-08-25 17:40:52', '', null, 'theme-darktheme-light');
INSERT INTO `sys_config` VALUES ('4', '-', 'sys.account.captchaEnabled', 'true', 'Y', 'admin', '2022-08-25 17:40:52', '', null, 'truefalse');
INSERT INTO `sys_config` VALUES ('5', '-', 'sys.account.registerUser', 'false', 'Y', 'admin', '2022-08-25 17:40:52', '', null, 'truefalse');

-- ----------------------------
-- Table structure for sys_dept
-- ----------------------------
DROP TABLE IF EXISTS `sys_dept`;
CREATE TABLE `sys_dept` (
                            `dept_id` bigint(20) NOT NULL AUTO_INCREMENT COMMENT 'id',
                            `parent_id` bigint(20) DEFAULT '0' COMMENT 'id',
                            `ancestors` varchar(50) DEFAULT '' COMMENT '',
                            `dept_name` varchar(30) DEFAULT '' COMMENT '',
                            `order_num` int(4) DEFAULT '0' COMMENT '',
                            `leader` varchar(20) DEFAULT NULL COMMENT '',
                            `phone` varchar(11) DEFAULT NULL COMMENT '',
                            `email` varchar(50) DEFAULT NULL COMMENT '',
                            `status` char(1) DEFAULT '0' COMMENT '0 1',
                            `del_flag` char(1) DEFAULT '0' COMMENT '0 2',
                            `create_by` varchar(64) DEFAULT '' COMMENT '',
                            `create_time` datetime DEFAULT NULL COMMENT '',
                            `update_by` varchar(64) DEFAULT '' COMMENT '',
                            `update_time` datetime DEFAULT NULL COMMENT '',
                            PRIMARY KEY (`dept_id`)
) ENGINE=InnoDB AUTO_INCREMENT=205 DEFAULT CHARSET=utf8 COMMENT='';

-- ----------------------------
-- Records of sys_dept
-- ----------------------------
INSERT INTO `sys_dept` VALUES ('100', '0', '0', '', '0', '', '15888888888', 'ry@qq.com', '0', '0', 'admin', '2022-08-25 17:40:52', '', null);
INSERT INTO `sys_dept` VALUES ('101', '100', '0,100', '', '1', '', '15888888888', 'ry@qq.com', '0', '0', 'admin', '2022-08-25 17:40:52', '', null);
INSERT INTO `sys_dept` VALUES ('102', '100', '0,100', '', '2', '', '15888888888', 'ry@qq.com', '0', '0', 'admin', '2022-08-25 17:40:52', '', null);
INSERT INTO `sys_dept` VALUES ('103', '101', '0,100,101', '', '1', '', '15888888888', 'ry@qq.com', '0', '0', 'admin', '2022-08-25 17:40:52', '', null);
INSERT INTO `sys_dept` VALUES ('104', '101', '0,100,101', '', '2', '', '15888888888', 'ry@qq.com', '0', '0', 'admin', '2022-08-25 17:40:52', '', null);
INSERT INTO `sys_dept` VALUES ('105', '101', '0,100,101', '', '3', '', '15888888888', 'ry@qq.com', '1', '0', 'admin', '2022-08-25 17:40:52', 'admin', '2022-08-26 10:31:16');
INSERT INTO `sys_dept` VALUES ('106', '101', '0,100,101', '', '4', '', '15888888888', 'ry@qq.com', '0', '0', 'admin', '2022-08-25 17:40:52', '', null);
INSERT INTO `sys_dept` VALUES ('107', '101', '0,100,101', '', '5', '', '15888888888', 'ry@qq.com', '0', '0', 'admin', '2022-08-25 17:40:52', '', null);
INSERT INTO `sys_dept` VALUES ('108', '102', '0,100,102', '', '1', '', '15888888888', 'ry@qq.com', '0', '0', 'admin', '2022-08-25 17:40:52', '', null);
INSERT INTO `sys_dept` VALUES ('109', '102', '0,100,102', '', '2', '', '15888888888', 'ry@qq.com', '0', '0', 'admin', '2022-08-25 17:40:52', '', null);
INSERT INTO `sys_dept` VALUES ('200', '100', '0,100', '', '3', '', '13888880000', '13888880000@163.com', '0', '0', 'admin', '2022-08-26 10:32:37', '', null);
INSERT INTO `sys_dept` VALUES ('201', '200', '0,100,200', '', '1', '', '13822220002', '13822220000@wolfcode.com', '0', '0', 'admin', '2022-08-26 10:33:35', 'admin', '2022-08-26 10:34:35');
INSERT INTO `sys_dept` VALUES ('202', '200', '0,100,200', '', '2', '', '13822221111', '13822221111@wolfcode.com', '0', '0', 'admin', '2022-08-26 10:34:19', '', null);
INSERT INTO `sys_dept` VALUES ('203', '200', '0,100,200', '', '3', '', '13800002222', '13800002222@wolfcode.com', '1', '0', 'admin', '2022-08-26 10:35:05', 'admin', '2022-08-26 10:35:17');
INSERT INTO `sys_dept` VALUES ('204', '200', '0,100,200', 'test', '4', '11', '15918471333', '15918471333@wolfcode.com', '0', '2', 'admin', '2022-08-26 10:35:53', '', null);

-- ----------------------------
-- Table structure for sys_dict_data
-- ----------------------------
DROP TABLE IF EXISTS `sys_dict_data`;
CREATE TABLE `sys_dict_data` (
                                 `dict_code` bigint(20) NOT NULL AUTO_INCREMENT COMMENT '',
                                 `dict_sort` int(4) DEFAULT '0' COMMENT '',
                                 `dict_label` varchar(100) DEFAULT '' COMMENT '',
                                 `dict_value` varchar(100) DEFAULT '' COMMENT '',
                                 `dict_type` varchar(100) DEFAULT '' COMMENT '',
                                 `css_class` varchar(100) DEFAULT NULL COMMENT '',
                                 `list_class` varchar(100) DEFAULT NULL COMMENT '',
                                 `is_default` char(1) DEFAULT 'N' COMMENT 'Y N',
                                 `status` char(1) DEFAULT '0' COMMENT '0 1',
                                 `create_by` varchar(64) DEFAULT '' COMMENT '',
                                 `create_time` datetime DEFAULT NULL COMMENT '',
                                 `update_by` varchar(64) DEFAULT '' COMMENT '',
                                 `update_time` datetime DEFAULT NULL COMMENT '',
                                 `remark` varchar(500) DEFAULT NULL COMMENT '',
                                 PRIMARY KEY (`dict_code`)
) ENGINE=InnoDB AUTO_INCREMENT=135 DEFAULT CHARSET=utf8 COMMENT='';

-- ----------------------------
-- Records of sys_dict_data
-- ----------------------------
INSERT INTO `sys_dict_data` VALUES ('1', '1', '', '0', 'sys_user_sex', '', '', 'Y', '0', 'admin', '2022-08-25 17:40:52', '', null, '');
INSERT INTO `sys_dict_data` VALUES ('2', '2', '', '1', 'sys_user_sex', '', '', 'N', '0', 'admin', '2022-08-25 17:40:52', '', null, '');
INSERT INTO `sys_dict_data` VALUES ('3', '3', '', '2', 'sys_user_sex', '', '', 'N', '0', 'admin', '2022-08-25 17:40:52', '', null, '');
INSERT INTO `sys_dict_data` VALUES ('4', '1', '', '0', 'sys_show_hide', '', 'primary', 'Y', '0', 'admin', '2022-08-25 17:40:52', '', null, '');
INSERT INTO `sys_dict_data` VALUES ('5', '2', '', '1', 'sys_show_hide', '', 'danger', 'N', '0', 'admin', '2022-08-25 17:40:52', '', null, '');
INSERT INTO `sys_dict_data` VALUES ('6', '1', '', '0', 'sys_normal_disable', '', 'primary', 'Y', '0', 'admin', '2022-08-25 17:40:52', '', null, '');
INSERT INTO `sys_dict_data` VALUES ('7', '2', '', '1', 'sys_normal_disable', '', 'danger', 'N', '0', 'admin', '2022-08-25 17:40:52', '', null, '');
INSERT INTO `sys_dict_data` VALUES ('8', '1', '', '0', 'sys_job_status', '', 'primary', 'Y', '0', 'admin', '2022-08-25 17:40:52', '', null, '');
INSERT INTO `sys_dict_data` VALUES ('9', '2', '', '1', 'sys_job_status', '', 'danger', 'N', '0', 'admin', '2022-08-25 17:40:52', '', null, '');
INSERT INTO `sys_dict_data` VALUES ('10', '1', '', 'DEFAULT', 'sys_job_group', '', '', 'Y', '0', 'admin', '2022-08-25 17:40:52', '', null, '');
INSERT INTO `sys_dict_data` VALUES ('11', '2', '', 'SYSTEM', 'sys_job_group', '', '', 'N', '0', 'admin', '2022-08-25 17:40:52', '', null, '');
INSERT INTO `sys_dict_data` VALUES ('12', '1', '', 'Y', 'sys_yes_no', '', 'primary', 'Y', '0', 'admin', '2022-08-25 17:40:52', '', null, '');
INSERT INTO `sys_dict_data` VALUES ('13', '2', '', 'N', 'sys_yes_no', '', 'danger', 'N', '0', 'admin', '2022-08-25 17:40:52', '', null, '');
INSERT INTO `sys_dict_data` VALUES ('14', '1', '', '1', 'sys_notice_type', '', 'warning', 'Y', '0', 'admin', '2022-08-25 17:40:52', '', null, '');
INSERT INTO `sys_dict_data` VALUES ('15', '2', '', '2', 'sys_notice_type', '', 'success', 'N', '0', 'admin', '2022-08-25 17:40:52', '', null, '');
INSERT INTO `sys_dict_data` VALUES ('16', '1', '', '0', 'sys_notice_status', '', 'primary', 'Y', '0', 'admin', '2022-08-25 17:40:52', '', null, '');
INSERT INTO `sys_dict_data` VALUES ('17', '2', '', '1', 'sys_notice_status', '', 'danger', 'N', '0', 'admin', '2022-08-25 17:40:52', '', null, '');
INSERT INTO `sys_dict_data` VALUES ('18', '1', '', '1', 'sys_oper_type', '', 'info', 'N', '0', 'admin', '2022-08-25 17:40:52', '', null, '');
INSERT INTO `sys_dict_data` VALUES ('19', '2', '', '2', 'sys_oper_type', '', 'info', 'N', '0', 'admin', '2022-08-25 17:40:52', '', null, '');
INSERT INTO `sys_dict_data` VALUES ('20', '3', '', '3', 'sys_oper_type', '', 'danger', 'N', '0', 'admin', '2022-08-25 17:40:52', '', null, '');
INSERT INTO `sys_dict_data` VALUES ('21', '4', '', '4', 'sys_oper_type', '', 'primary', 'N', '0', 'admin', '2022-08-25 17:40:52', '', null, '');
INSERT INTO `sys_dict_data` VALUES ('22', '5', '', '5', 'sys_oper_type', '', 'warning', 'N', '0', 'admin', '2022-08-25 17:40:52', '', null, '');
INSERT INTO `sys_dict_data` VALUES ('23', '6', '', '6', 'sys_oper_type', '', 'warning', 'N', '0', 'admin', '2022-08-25 17:40:52', '', null, '');
INSERT INTO `sys_dict_data` VALUES ('24', '7', '', '7', 'sys_oper_type', '', 'danger', 'N', '0', 'admin', '2022-08-25 17:40:52', '', null, '');
INSERT INTO `sys_dict_data` VALUES ('25', '8', '', '8', 'sys_oper_type', '', 'warning', 'N', '0', 'admin', '2022-08-25 17:40:52', '', null, '');
INSERT INTO `sys_dict_data` VALUES ('26', '9', '', '9', 'sys_oper_type', '', 'danger', 'N', '0', 'admin', '2022-08-25 17:40:52', '', null, '');
INSERT INTO `sys_dict_data` VALUES ('27', '1', '', '0', 'sys_common_status', '', 'primary', 'N', '0', 'admin', '2022-08-25 17:40:52', '', null, '');
INSERT INTO `sys_dict_data` VALUES ('28', '2', '', '1', 'sys_common_status', '', 'danger', 'N', '0', 'admin', '2022-08-25 17:40:52', '', null, '');
INSERT INTO `sys_dict_data` VALUES ('100', '0', '', '', 'sys_cus_care', null, 'default', 'N', '0', 'admin', '2022-08-27 14:40:08', '', null, null);
INSERT INTO `sys_dict_data` VALUES ('101', '1', '', '', 'sys_cus_care', null, 'default', 'N', '0', 'admin', '2022-08-27 14:40:24', '', null, null);
INSERT INTO `sys_dict_data` VALUES ('102', '2', '', '', 'sys_cus_care', null, 'default', 'N', '0', 'admin', '2022-08-27 14:40:36', '', null, null);
INSERT INTO `sys_dict_data` VALUES ('103', '3', 'QQ', 'QQ', 'sys_cus_care', null, 'default', 'N', '0', 'admin', '2022-08-27 14:40:46', '', null, null);
INSERT INTO `sys_dict_data` VALUES ('104', '4', '', '', 'sys_cus_care', null, 'default', 'N', '0', 'admin', '2022-08-27 14:41:00', '', null, null);
INSERT INTO `sys_dict_data` VALUES ('108', '1', '', '0', 'si_car_package', null, 'default', 'N', '0', 'admin', '2022-09-01 10:17:14', '', null, null);
INSERT INTO `sys_dict_data` VALUES ('109', '1', '', '1', 'si_car_package', null, 'default', 'N', '0', 'admin', '2022-09-01 10:17:27', '', null, null);
INSERT INTO `sys_dict_data` VALUES ('110', '0', '', '0', 'si_service_catalog', null, 'default', 'N', '0', 'admin', '2022-09-01 10:20:56', '', null, null);
INSERT INTO `sys_dict_data` VALUES ('111', '1', '', '1', 'si_service_catalog', null, 'default', 'N', '0', 'admin', '2022-09-01 10:21:08', '', null, null);
INSERT INTO `sys_dict_data` VALUES ('112', '2', '', '2', 'si_service_catalog', null, 'default', 'N', '0', 'admin', '2022-09-01 10:21:30', '', null, null);
INSERT INTO `sys_dict_data` VALUES ('113', '0', '', '0', 'si_audit_status', null, 'default', 'N', '0', 'admin', '2022-09-01 10:24:14', '', null, null);
INSERT INTO `sys_dict_data` VALUES ('114', '1', '', '1', 'si_audit_status', null, 'default', 'N', '0', 'admin', '2022-09-01 10:24:28', '', null, null);
INSERT INTO `sys_dict_data` VALUES ('115', '2', '', '2', 'si_audit_status', null, 'default', 'N', '0', 'admin', '2022-09-01 10:24:41', '', null, null);
INSERT INTO `sys_dict_data` VALUES ('116', '3', '', '3', 'si_audit_status', null, 'default', 'N', '0', 'admin', '2022-09-01 10:24:53', '', null, null);
INSERT INTO `sys_dict_data` VALUES ('117', '4', '', '4', 'si_audit_status', null, 'default', 'N', '0', 'admin', '2022-09-01 10:25:08', '', null, null);
INSERT INTO `sys_dict_data` VALUES ('118', '0', '', '1', 'si_sale_status', null, 'default', 'N', '0', 'admin', '2022-09-01 10:26:13', 'zzq', '2022-09-01 16:36:07', null);
INSERT INTO `sys_dict_data` VALUES ('119', '1', '', '0', 'si_sale_status', null, 'default', 'N', '0', 'admin', '2022-09-01 10:26:32', 'zzq', '2022-09-01 16:36:23', null);
INSERT INTO `sys_dict_data` VALUES ('120', '0', '', '0', 'appointment_status', null, 'default', 'N', '0', 'admin', '2022-09-01 10:31:42', '', null, null);
INSERT INTO `sys_dict_data` VALUES ('121', '1', '', '1', 'appointment_status', null, 'default', 'N', '0', 'admin', '2022-09-01 10:31:51', '', null, null);
INSERT INTO `sys_dict_data` VALUES ('122', '0', '', '0', 'statement_status', null, 'default', 'N', '0', 'admin', '2022-09-01 10:33:11', '', null, null);
INSERT INTO `sys_dict_data` VALUES ('123', '1', '', '1', 'statement_status', null, 'default', 'N', '0', 'admin', '2022-09-01 10:33:27', '', null, null);
INSERT INTO `sys_dict_data` VALUES ('124', '0', '', '0', 'cmi_service_type', null, 'default', 'N', '0', 'admin', '2022-09-01 10:35:57', '', null, null);
INSERT INTO `sys_dict_data` VALUES ('125', '1', '', '1', 'cmi_service_type', null, 'default', 'N', '0', 'admin', '2022-09-01 10:36:09', '', null, null);
INSERT INTO `sys_dict_data` VALUES ('126', '0', '', '0', 'cmi_status', null, 'default', 'N', '0', 'admin', '2022-09-01 10:37:11', '', null, null);
INSERT INTO `sys_dict_data` VALUES ('127', '1', '', '1', 'cmi_status', null, 'default', 'N', '0', 'admin', '2022-09-01 10:37:25', '', null, null);
INSERT INTO `sys_dict_data` VALUES ('128', '2', '', '2', 'cmi_status', null, 'default', 'N', '0', 'admin', '2022-09-01 10:37:36', '', null, null);
INSERT INTO `sys_dict_data` VALUES ('129', '3', '', '4', 'cmi_status', null, 'default', 'N', '0', 'admin', '2022-09-01 10:37:51', '', null, null);
INSERT INTO `sys_dict_data` VALUES ('130', '5', '', '5', 'cmi_status', null, 'default', 'N', '0', 'admin', '2022-09-01 10:38:04', '', null, null);
INSERT INTO `sys_dict_data` VALUES ('131', '0', '', '1', 'sys_employee_admin', null, 'success', 'N', '0', 'admin', '2022-11-13 17:34:53', '', null, null);
INSERT INTO `sys_dict_data` VALUES ('132', '1', '', '0', 'sys_employee_admin', null, 'info', 'N', '0', 'admin', '2022-11-13 17:35:14', '', null, null);
INSERT INTO `sys_dict_data` VALUES ('133', '0', '', 'car_package', 'sys_audit_type', null, 'default', 'N', '0', 'admin', '2022-11-17 16:46:30', '', null, null);
INSERT INTO `sys_dict_data` VALUES ('134', '1', '', 'leave', 'sys_audit_type', null, 'default', 'N', '0', 'admin', '2022-11-17 16:46:51', '', null, null);

-- ----------------------------
-- Table structure for sys_dict_type
-- ----------------------------
DROP TABLE IF EXISTS `sys_dict_type`;
CREATE TABLE `sys_dict_type` (
                                 `dict_id` bigint(20) NOT NULL AUTO_INCREMENT COMMENT '',
                                 `dict_name` varchar(100) DEFAULT '' COMMENT '',
                                 `dict_type` varchar(100) DEFAULT '' COMMENT '',
                                 `status` char(1) DEFAULT '0' COMMENT '0 1',
                                 `create_by` varchar(64) DEFAULT '' COMMENT '',
                                 `create_time` datetime DEFAULT NULL COMMENT '',
                                 `update_by` varchar(64) DEFAULT '' COMMENT '',
                                 `update_time` datetime DEFAULT NULL COMMENT '',
                                 `remark` varchar(500) DEFAULT NULL COMMENT '',
                                 PRIMARY KEY (`dict_id`),
                                 UNIQUE KEY `dict_type` (`dict_type`)
) ENGINE=InnoDB AUTO_INCREMENT=111 DEFAULT CHARSET=utf8 COMMENT='';

-- ----------------------------
-- Records of sys_dict_type
-- ----------------------------
INSERT INTO `sys_dict_type` VALUES ('1', '', 'sys_user_sex', '0', 'admin', '2022-08-25 17:40:52', '', null, '');
INSERT INTO `sys_dict_type` VALUES ('2', '', 'sys_show_hide', '0', 'admin', '2022-08-25 17:40:52', '', null, '');
INSERT INTO `sys_dict_type` VALUES ('3', '', 'sys_normal_disable', '0', 'admin', '2022-08-25 17:40:52', '', null, '');
INSERT INTO `sys_dict_type` VALUES ('4', '', 'sys_job_status', '0', 'admin', '2022-08-25 17:40:52', '', null, '');
INSERT INTO `sys_dict_type` VALUES ('5', '', 'sys_job_group', '0', 'admin', '2022-08-25 17:40:52', '', null, '');
INSERT INTO `sys_dict_type` VALUES ('6', '', 'sys_yes_no', '0', 'admin', '2022-08-25 17:40:52', '', null, '');
INSERT INTO `sys_dict_type` VALUES ('7', '', 'sys_notice_type', '0', 'admin', '2022-08-25 17:40:52', '', null, '');
INSERT INTO `sys_dict_type` VALUES ('8', '', 'sys_notice_status', '0', 'admin', '2022-08-25 17:40:52', '', null, '');
INSERT INTO `sys_dict_type` VALUES ('9', '', 'sys_oper_type', '0', 'admin', '2022-08-25 17:40:52', '', null, '');
INSERT INTO `sys_dict_type` VALUES ('10', '', 'sys_common_status', '0', 'admin', '2022-08-25 17:40:52', '', null, '');
INSERT INTO `sys_dict_type` VALUES ('100', '', 'sys_cus_care', '0', 'admin', '2022-08-27 14:38:52', '', null, null);
INSERT INTO `sys_dict_type` VALUES ('101', '', 'sys_audit_type', '0', 'admin', '2022-08-31 16:12:29', '', null, null);
INSERT INTO `sys_dict_type` VALUES ('102', '-', 'si_car_package', '0', 'admin', '2022-09-01 10:13:49', 'admin', '2022-09-01 10:20:15', null);
INSERT INTO `sys_dict_type` VALUES ('103', '-', 'si_service_catalog', '0', 'admin', '2022-09-01 10:20:07', '', null, null);
INSERT INTO `sys_dict_type` VALUES ('104', '-', 'si_audit_status', '0', 'admin', '2022-09-01 10:23:40', '', null, null);
INSERT INTO `sys_dict_type` VALUES ('105', '-', 'si_sale_status', '0', 'admin', '2022-09-01 10:25:55', '', null, null);
INSERT INTO `sys_dict_type` VALUES ('106', '-', 'appointment_status', '0', 'admin', '2022-09-01 10:29:11', '', null, null);
INSERT INTO `sys_dict_type` VALUES ('107', '-', 'statement_status', '0', 'admin', '2022-09-01 10:32:52', '', null, null);
INSERT INTO `sys_dict_type` VALUES ('108', '-', 'cmi_service_type', '0', 'admin', '2022-09-01 10:35:25', '', null, null);
INSERT INTO `sys_dict_type` VALUES ('109', '-', 'cmi_status', '0', 'admin', '2022-09-01 10:36:54', '', null, null);
INSERT INTO `sys_dict_type` VALUES ('110', '', 'sys_employee_admin', '0', 'admin', '2022-11-13 17:34:10', '', null, null);

-- ----------------------------
-- Table structure for sys_job
-- ----------------------------
DROP TABLE IF EXISTS `sys_job`;
CREATE TABLE `sys_job` (
                           `job_id` bigint(20) NOT NULL AUTO_INCREMENT COMMENT 'ID',
                           `job_name` varchar(64) NOT NULL DEFAULT '' COMMENT '',
                           `job_group` varchar(64) NOT NULL DEFAULT 'DEFAULT' COMMENT '',
                           `invoke_target` varchar(500) NOT NULL COMMENT '',
                           `cron_expression` varchar(255) DEFAULT '' COMMENT 'cron',
                           `misfire_policy` varchar(20) DEFAULT '3' COMMENT '1 2 3',
                           `concurrent` char(1) DEFAULT '1' COMMENT '0 1',
                           `status` char(1) DEFAULT '0' COMMENT '0 1',
                           `create_by` varchar(64) DEFAULT '' COMMENT '',
                           `create_time` datetime DEFAULT NULL COMMENT '',
                           `update_by` varchar(64) DEFAULT '' COMMENT '',
                           `update_time` datetime DEFAULT NULL COMMENT '',
                           `remark` varchar(500) DEFAULT '' COMMENT '',
                           PRIMARY KEY (`job_id`,`job_name`,`job_group`)
) ENGINE=InnoDB AUTO_INCREMENT=4 DEFAULT CHARSET=utf8 COMMENT='';

-- ----------------------------
-- Records of sys_job
-- ----------------------------
INSERT INTO `sys_job` VALUES ('1', '', 'DEFAULT', 'ryTask.ryNoParams', '0/10 * * * * ?', '3', '1', '1', 'admin', '2022-08-25 17:40:52', '', null, '');
INSERT INTO `sys_job` VALUES ('2', '', 'DEFAULT', 'ryTask.ryParams(\'ry\')', '0/15 * * * * ?', '3', '1', '1', 'admin', '2022-08-25 17:40:52', '', null, '');
INSERT INTO `sys_job` VALUES ('3', '', 'DEFAULT', 'ryTask.ryMultipleParams(\'ry\', true, 2000L, 316.50D, 100)', '0/20 * * * * ?', '3', '1', '1', 'admin', '2022-08-25 17:40:52', '', null, '');

-- ----------------------------
-- Table structure for sys_job_log
-- ----------------------------
DROP TABLE IF EXISTS `sys_job_log`;
CREATE TABLE `sys_job_log` (
                               `job_log_id` bigint(20) NOT NULL AUTO_INCREMENT COMMENT 'ID',
                               `job_name` varchar(64) NOT NULL COMMENT '',
                               `job_group` varchar(64) NOT NULL COMMENT '',
                               `invoke_target` varchar(500) NOT NULL COMMENT '',
                               `job_message` varchar(500) DEFAULT NULL COMMENT '',
                               `status` char(1) DEFAULT '0' COMMENT '0 1',
                               `exception_info` varchar(2000) DEFAULT '' COMMENT '',
                               `create_time` datetime DEFAULT NULL COMMENT '',
                               PRIMARY KEY (`job_log_id`)
) ENGINE=InnoDB DEFAULT CHARSET=utf8 COMMENT='';

-- ----------------------------
-- Records of sys_job_log
-- ----------------------------

-- ----------------------------
-- Table structure for sys_logininfor
-- ----------------------------
DROP TABLE IF EXISTS `sys_logininfor`;
CREATE TABLE `sys_logininfor` (
                                  `info_id` bigint(20) NOT NULL AUTO_INCREMENT COMMENT 'ID',
                                  `user_name` varchar(50) DEFAULT '' COMMENT '',
                                  `ipaddr` varchar(128) DEFAULT '' COMMENT 'IP',
                                  `login_location` varchar(255) DEFAULT '' COMMENT '',
                                  `browser` varchar(50) DEFAULT '' COMMENT '',
                                  `os` varchar(50) DEFAULT '' COMMENT '',
                                  `status` char(1) DEFAULT '0' COMMENT '0 1',
                                  `msg` varchar(255) DEFAULT '' COMMENT '',
                                  `login_time` datetime DEFAULT NULL COMMENT '',
                                  PRIMARY KEY (`info_id`)
) ENGINE=InnoDB AUTO_INCREMENT=239 DEFAULT CHARSET=utf8 COMMENT='';

-- ----------------------------
-- Records of sys_logininfor
-- ----------------------------
INSERT INTO `sys_logininfor` VALUES ('100', 'admin', '127.0.0.1', 'IP', 'Chrome 10', 'Mac OS X', '0', '', '2022-08-25 17:55:16');
INSERT INTO `sys_logininfor` VALUES ('101', 'admin', '127.0.0.1', 'IP', 'Chrome 10', 'Mac OS X', '0', '', '2022-08-25 17:55:41');
INSERT INTO `sys_logininfor` VALUES ('102', 'admin', '127.0.0.1', 'IP', 'Chrome 8', 'Windows 10', '0', '', '2022-08-25 18:03:07');
INSERT INTO `sys_logininfor` VALUES ('103', 'admin', '127.0.0.1', 'IP', 'Chrome 9', 'Windows 10', '0', '', '2022-08-25 18:17:03');
INSERT INTO `sys_logininfor` VALUES ('104', 'admin', '127.0.0.1', 'IP', 'Chrome 9', 'Windows 10', '0', '', '2022-08-26 08:53:56');
INSERT INTO `sys_logininfor` VALUES ('105', 'admin', '127.0.0.1', 'IP', 'Chrome 9', 'Windows 10', '0', '', '2022-08-26 08:56:29');
INSERT INTO `sys_logininfor` VALUES ('106', 'admin', '127.0.0.1', 'IP', 'Chrome 9', 'Windows 10', '0', '', '2022-08-26 08:56:34');
INSERT INTO `sys_logininfor` VALUES ('107', 'admin', '127.0.0.1', 'IP', 'Chrome 9', 'Windows 10', '0', '', '2022-08-26 09:12:38');
INSERT INTO `sys_logininfor` VALUES ('108', 'xiaohei', '127.0.0.1', 'IP', 'Chrome 9', 'Windows 10', '0', '', '2022-08-26 09:12:46');
INSERT INTO `sys_logininfor` VALUES ('109', 'xiaohei', '127.0.0.1', 'IP', 'Chrome 9', 'Windows 10', '0', '', '2022-08-26 09:13:46');
INSERT INTO `sys_logininfor` VALUES ('110', 'xiaohei', '127.0.0.1', 'IP', 'Chrome 9', 'Windows 10', '0', '', '2022-08-26 09:13:56');
INSERT INTO `sys_logininfor` VALUES ('111', 'xiaohei', '127.0.0.1', 'IP', 'Chrome 9', 'Windows 10', '0', '', '2022-08-26 09:14:34');
INSERT INTO `sys_logininfor` VALUES ('112', 'xiaohei', '127.0.0.1', 'IP', 'Chrome 9', 'Windows 10', '0', '', '2022-08-26 09:14:53');
INSERT INTO `sys_logininfor` VALUES ('113', 'xiaohei', '127.0.0.1', 'IP', 'Chrome 9', 'Windows 10', '0', '', '2022-08-26 09:15:08');
INSERT INTO `sys_logininfor` VALUES ('114', 'admin', '127.0.0.1', 'IP', 'Chrome 9', 'Windows 10', '1', '1', '2022-08-26 09:15:16');
INSERT INTO `sys_logininfor` VALUES ('115', 'admin', '127.0.0.1', 'IP', 'Chrome 9', 'Windows 10', '1', '/', '2022-08-26 09:15:16');
INSERT INTO `sys_logininfor` VALUES ('116', 'admin', '127.0.0.1', 'IP', 'Chrome 9', 'Windows 10', '1', '2', '2022-08-26 09:15:44');
INSERT INTO `sys_logininfor` VALUES ('117', 'admin', '127.0.0.1', 'IP', 'Chrome 9', 'Windows 10', '1', '/', '2022-08-26 09:15:45');
INSERT INTO `sys_logininfor` VALUES ('118', 'admin', '127.0.0.1', 'IP', 'Chrome 9', 'Windows 10', '1', '3', '2022-08-26 09:15:56');
INSERT INTO `sys_logininfor` VALUES ('119', 'admin', '127.0.0.1', 'IP', 'Chrome 9', 'Windows 10', '1', '/', '2022-08-26 09:15:56');
INSERT INTO `sys_logininfor` VALUES ('120', 'admin', '127.0.0.1', 'IP', 'Chrome 9', 'Windows 10', '1', '', '2022-08-26 09:16:06');
INSERT INTO `sys_logininfor` VALUES ('121', 'admin', '127.0.0.1', 'IP', 'Chrome 9', 'Windows 10', '0', '', '2022-08-26 09:16:11');
INSERT INTO `sys_logininfor` VALUES ('122', 'admin', '127.0.0.1', 'IP', 'Chrome 10', 'Mac OS X', '0', '', '2022-08-26 09:16:15');
INSERT INTO `sys_logininfor` VALUES ('123', 'admin', '127.0.0.1', 'IP', 'Chrome 10', 'Mac OS X', '0', '', '2022-08-26 09:16:36');
INSERT INTO `sys_logininfor` VALUES ('124', 'admin', '127.0.0.1', 'IP', 'Chrome 10', 'Mac OS X', '1', '1', '2022-08-26 09:16:53');
INSERT INTO `sys_logininfor` VALUES ('125', 'admin', '127.0.0.1', 'IP', 'Chrome 10', 'Mac OS X', '1', '/', '2022-08-26 09:16:53');
INSERT INTO `sys_logininfor` VALUES ('126', 'admin', '127.0.0.1', 'IP', 'Chrome 10', 'Mac OS X', '1', '', '2022-08-26 09:16:57');
INSERT INTO `sys_logininfor` VALUES ('127', 'admin', '127.0.0.1', 'IP', 'Chrome 10', 'Mac OS X', '0', '', '2022-08-26 09:17:05');
INSERT INTO `sys_logininfor` VALUES ('128', 'admin', '127.0.0.1', 'IP', 'Chrome 10', 'Mac OS X', '0', '', '2022-08-26 09:17:09');
INSERT INTO `sys_logininfor` VALUES ('129', 'admin', '127.0.0.1', 'IP', 'Chrome 10', 'Mac OS X', '0', '', '2022-08-26 11:08:44');
INSERT INTO `sys_logininfor` VALUES ('130', 'admin', '127.0.0.1', 'IP', 'Chrome 10', 'Mac OS X', '0', '', '2022-08-26 11:14:23');
INSERT INTO `sys_logininfor` VALUES ('131', 'admin', '127.0.0.1', 'IP', 'Chrome 9', 'Windows 10', '0', '', '2022-08-26 15:13:53');
INSERT INTO `sys_logininfor` VALUES ('132', 'admin', '127.0.0.1', 'IP', 'Chrome 9', 'Windows 10', '0', '', '2022-08-26 15:20:50');
INSERT INTO `sys_logininfor` VALUES ('133', 'xiaohei', '127.0.0.1', 'IP', 'Chrome 9', 'Windows 10', '0', '', '2022-08-26 15:21:02');
INSERT INTO `sys_logininfor` VALUES ('134', 'admin', '127.0.0.1', 'IP', 'Chrome 10', 'Mac OS X', '0', '', '2022-08-26 16:01:47');
INSERT INTO `sys_logininfor` VALUES ('135', 'admin', '127.0.0.1', 'IP', 'Chrome 9', 'Windows 10', '0', '', '2022-08-26 16:08:55');
INSERT INTO `sys_logininfor` VALUES ('136', 'admin', '127.0.0.1', 'IP', 'Chrome 10', 'Mac OS X', '0', '', '2022-08-26 16:23:35');
INSERT INTO `sys_logininfor` VALUES ('137', 'admin', '127.0.0.1', 'IP', 'Chrome 10', 'Windows 10', '0', '', '2022-08-26 21:02:00');
INSERT INTO `sys_logininfor` VALUES ('138', 'admin', '127.0.0.1', 'IP', 'Chrome 10', 'Windows 10', '0', '', '2022-08-26 21:27:17');
INSERT INTO `sys_logininfor` VALUES ('139', 'admin', '127.0.0.1', 'IP', 'Chrome 8', 'Windows 10', '0', '', '2022-08-26 23:44:06');
INSERT INTO `sys_logininfor` VALUES ('140', 'admin', '127.0.0.1', 'IP', 'Chrome 9', 'Windows 10', '0', '', '2022-08-26 23:44:38');
INSERT INTO `sys_logininfor` VALUES ('141', 'admin', '127.0.0.1', 'IP', 'Chrome 10', 'Windows 10', '0', '', '2022-08-27 14:26:57');
INSERT INTO `sys_logininfor` VALUES ('142', 'admin', '127.0.0.1', 'IP', 'Chrome 10', 'Windows 10', '0', '', '2022-08-27 14:59:21');
INSERT INTO `sys_logininfor` VALUES ('143', 'admin', '127.0.0.1', 'IP', 'Chrome 10', 'Windows 10', '0', '', '2022-08-27 14:59:25');
INSERT INTO `sys_logininfor` VALUES ('144', 'admin', '127.0.0.1', 'IP', 'Chrome 10', 'Windows 10', '0', '', '2022-08-28 10:29:46');
INSERT INTO `sys_logininfor` VALUES ('145', 'admin', '127.0.0.1', 'IP', 'Chrome 10', 'Windows 10', '0', '', '2022-08-29 15:29:12');
INSERT INTO `sys_logininfor` VALUES ('146', 'admin', '127.0.0.1', 'IP', 'Chrome 10', 'Windows 10', '0', '', '2022-08-29 17:32:48');
INSERT INTO `sys_logininfor` VALUES ('147', 'admin', '127.0.0.1', 'IP', 'Chrome 9', 'Windows 10', '0', '', '2022-08-29 17:34:31');
INSERT INTO `sys_logininfor` VALUES ('148', 'admin', '127.0.0.1', 'IP', 'Chrome 10', 'Windows 10', '0', '', '2022-08-29 17:38:52');
INSERT INTO `sys_logininfor` VALUES ('149', 'admin', '127.0.0.1', 'IP', 'Chrome 10', 'Mac OS X', '0', '', '2022-08-31 14:25:36');
INSERT INTO `sys_logininfor` VALUES ('150', 'admin', '127.0.0.1', 'IP', 'Chrome 10', 'Mac OS X', '0', '', '2022-08-31 15:09:03');
INSERT INTO `sys_logininfor` VALUES ('151', 'admin', '127.0.0.1', 'IP', 'Chrome 10', 'Mac OS X', '0', '', '2022-08-31 15:15:24');
INSERT INTO `sys_logininfor` VALUES ('152', 'admin', '127.0.0.1', 'IP', 'Chrome 10', 'Windows 10', '0', '', '2022-08-31 15:21:53');
INSERT INTO `sys_logininfor` VALUES ('153', 'admin', '127.0.0.1', 'IP', 'Chrome 10', 'Mac OS X', '0', '', '2022-08-31 15:53:36');
INSERT INTO `sys_logininfor` VALUES ('154', 'admin', '127.0.0.1', 'IP', 'Chrome 10', 'Mac OS X', '0', '', '2022-08-31 15:53:40');
INSERT INTO `sys_logininfor` VALUES ('155', 'admin', '127.0.0.1', 'IP', 'Chrome 10', 'Mac OS X', '0', '', '2022-08-31 16:09:17');
INSERT INTO `sys_logininfor` VALUES ('156', 'admin', '127.0.0.1', 'IP', 'Chrome 10', 'Windows 10', '0', '', '2022-08-31 16:19:51');
INSERT INTO `sys_logininfor` VALUES ('157', 'admin', '127.0.0.1', 'IP', 'Chrome 10', 'Mac OS X', '0', '', '2022-08-31 17:46:11');
INSERT INTO `sys_logininfor` VALUES ('158', 'admin', '127.0.0.1', 'IP', 'Chrome 10', 'Mac OS X', '0', '', '2022-08-31 17:48:57');
INSERT INTO `sys_logininfor` VALUES ('159', 'admin', '127.0.0.1', 'IP', 'Chrome 10', 'Windows 10', '0', '', '2022-08-31 18:38:55');
INSERT INTO `sys_logininfor` VALUES ('160', 'admin', '127.0.0.1', 'IP', 'Chrome 10', 'Windows 10', '0', '', '2022-09-01 09:28:23');
INSERT INTO `sys_logininfor` VALUES ('161', 'admin', '127.0.0.1', 'IP', 'Chrome 10', 'Windows 10', '0', '', '2022-09-01 09:39:31');
INSERT INTO `sys_logininfor` VALUES ('162', 'admin', '127.0.0.1', 'IP', 'Chrome 10', 'Windows 10', '0', '', '2022-09-01 14:29:05');
INSERT INTO `sys_logininfor` VALUES ('163', 'admin', '127.0.0.1', 'IP', 'Chrome 10', 'Windows 10', '0', '', '2022-09-01 15:07:31');
INSERT INTO `sys_logininfor` VALUES ('164', 'admin', '127.0.0.1', 'IP', 'Chrome 10', 'Mac OS X', '0', '', '2022-09-01 15:36:18');
INSERT INTO `sys_logininfor` VALUES ('165', 'admin', '127.0.0.1', 'IP', 'Chrome 10', 'Windows 10', '0', '', '2022-09-01 15:59:05');
INSERT INTO `sys_logininfor` VALUES ('166', 'admin', '127.0.0.1', 'IP', 'Chrome 10', 'Windows 10', '0', '', '2022-09-01 16:01:01');
INSERT INTO `sys_logininfor` VALUES ('167', 'admin', '127.0.0.1', 'IP', 'Chrome 10', 'Mac OS X', '0', '', '2022-09-01 16:04:06');
INSERT INTO `sys_logininfor` VALUES ('168', 'admin', '127.0.0.1', 'IP', 'Chrome 10', 'Mac OS X', '1', '', '2022-09-01 16:04:42');
INSERT INTO `sys_logininfor` VALUES ('169', 'admin', '127.0.0.1', 'IP', 'Chrome 10', 'Mac OS X', '0', '', '2022-09-01 16:04:45');
INSERT INTO `sys_logininfor` VALUES ('170', 'admin', '127.0.0.1', 'IP', 'Chrome 10', 'Mac OS X', '0', '', '2022-09-01 16:04:48');
INSERT INTO `sys_logininfor` VALUES ('171', 'admin', '127.0.0.1', 'IP', 'Chrome 10', 'Windows 10', '0', '', '2022-09-01 16:05:06');
INSERT INTO `sys_logininfor` VALUES ('172', 'admin', '127.0.0.1', 'IP', 'Chrome 10', 'Mac OS X', '0', '', '2022-09-01 16:08:50');
INSERT INTO `sys_logininfor` VALUES ('173', 'admin', '127.0.0.1', 'IP', 'Chrome 10', 'Windows 10', '0', '', '2022-09-01 16:29:04');
INSERT INTO `sys_logininfor` VALUES ('174', 'zzq', '127.0.0.1', 'IP', 'Chrome 10', 'Windows 10', '0', '', '2022-09-01 16:29:16');
INSERT INTO `sys_logininfor` VALUES ('175', 'zzq', '127.0.0.1', 'IP', 'Chrome 10', 'Windows 10', '0', '', '2022-09-01 16:51:25');
INSERT INTO `sys_logininfor` VALUES ('176', 'admin', '127.0.0.1', 'IP', 'Chrome 10', 'Windows 10', '1', '1', '2022-09-01 16:51:35');
INSERT INTO `sys_logininfor` VALUES ('177', 'admin', '127.0.0.1', 'IP', 'Chrome 10', 'Windows 10', '1', '/', '2022-09-01 16:51:35');
INSERT INTO `sys_logininfor` VALUES ('178', 'admin', '127.0.0.1', 'IP', 'Chrome 10', 'Windows 10', '0', '', '2022-09-01 16:51:49');
INSERT INTO `sys_logininfor` VALUES ('179', 'admin', '127.0.0.1', 'IP', 'Chrome 10', 'Mac OS X', '0', '', '2022-09-01 17:15:20');
INSERT INTO `sys_logininfor` VALUES ('180', 'admin', '127.0.0.1', 'IP', 'Chrome 10', 'Windows 10', '0', '', '2022-09-01 17:31:25');
INSERT INTO `sys_logininfor` VALUES ('181', 'admin', '127.0.0.1', 'IP', 'Chrome 10', 'Windows 10', '1', '', '2022-09-01 17:31:30');
INSERT INTO `sys_logininfor` VALUES ('182', 'admin', '127.0.0.1', 'IP', 'Chrome 10', 'Windows 10', '0', '', '2022-09-01 17:31:35');
INSERT INTO `sys_logininfor` VALUES ('183', 'admin', '127.0.0.1', 'IP', 'Chrome 10', 'Windows 10', '0', '', '2022-09-01 17:36:22');
INSERT INTO `sys_logininfor` VALUES ('184', 'zzq', '127.0.0.1', 'IP', 'Chrome 10', 'Windows 10', '0', '', '2022-09-01 17:36:35');
INSERT INTO `sys_logininfor` VALUES ('185', 'zzq', '127.0.0.1', 'IP', 'Chrome 10', 'Windows 10', '0', '', '2022-09-01 17:39:27');
INSERT INTO `sys_logininfor` VALUES ('186', 'admin', '127.0.0.1', 'IP', 'Chrome 10', 'Windows 10', '1', '', '2022-09-01 17:48:57');
INSERT INTO `sys_logininfor` VALUES ('187', 'admin', '127.0.0.1', 'IP', 'Chrome 10', 'Windows 10', '0', '', '2022-09-01 17:49:01');
INSERT INTO `sys_logininfor` VALUES ('188', 'admin', '127.0.0.1', 'IP', 'Chrome 10', 'Windows 10', '0', '', '2022-09-01 18:12:55');
INSERT INTO `sys_logininfor` VALUES ('189', 'admin', '127.0.0.1', 'IP', 'Chrome 10', 'Windows 10', '0', '', '2022-09-02 09:14:20');
INSERT INTO `sys_logininfor` VALUES ('190', 'admin', '127.0.0.1', 'IP', 'Chrome 10', 'Windows 10', '0', '', '2022-09-03 10:25:51');
INSERT INTO `sys_logininfor` VALUES ('191', 'admin', '127.0.0.1', 'IP', 'Chrome 10', 'Windows 10', '0', '', '2022-09-03 10:26:14');
INSERT INTO `sys_logininfor` VALUES ('192', 'admin', '127.0.0.1', 'IP', 'Chrome 10', 'Mac OS X', '0', '', '2022-09-03 10:31:36');
INSERT INTO `sys_logininfor` VALUES ('193', 'admin', '127.0.0.1', 'IP', 'Chrome 10', 'Windows 10', '0', '', '2022-09-03 10:37:30');
INSERT INTO `sys_logininfor` VALUES ('194', 'admin', '127.0.0.1', 'IP', 'Chrome 10', 'Mac OS X', '0', '', '2022-09-03 10:43:16');
INSERT INTO `sys_logininfor` VALUES ('195', 'admin', '127.0.0.1', 'IP', 'Chrome 9', 'Windows 10', '0', '', '2022-09-03 10:49:47');
INSERT INTO `sys_logininfor` VALUES ('196', 'admin', '127.0.0.1', 'IP', 'Chrome 10', 'Mac OS X', '1', '', '2022-09-03 11:15:42');
INSERT INTO `sys_logininfor` VALUES ('197', 'admin', '127.0.0.1', 'IP', 'Chrome 10', 'Mac OS X', '0', '', '2022-09-03 11:15:46');
INSERT INTO `sys_logininfor` VALUES ('198', 'admin', '127.0.0.1', 'IP', 'Chrome 10', 'Windows 10', '0', '', '2022-09-03 11:28:50');
INSERT INTO `sys_logininfor` VALUES ('199', 'admin', '127.0.0.1', 'IP', 'Chrome 10', 'Mac OS X', '0', '', '2022-09-03 12:07:32');
INSERT INTO `sys_logininfor` VALUES ('200', 'admin', '127.0.0.1', 'IP', 'Chrome 10', 'Mac OS X', '0', '', '2022-09-03 13:09:38');
INSERT INTO `sys_logininfor` VALUES ('201', 'admin', '127.0.0.1', 'IP', 'Chrome 10', 'Mac OS X', '0', '', '2022-09-03 13:19:18');
INSERT INTO `sys_logininfor` VALUES ('202', 'admin', '127.0.0.1', 'IP', 'Chrome 10', 'Mac OS X', '1', '', '2022-09-03 13:43:08');
INSERT INTO `sys_logininfor` VALUES ('203', 'admin', '127.0.0.1', 'IP', 'Chrome 10', 'Mac OS X', '0', '', '2022-09-03 13:43:11');
INSERT INTO `sys_logininfor` VALUES ('204', 'admin', '127.0.0.1', 'IP', 'Chrome 10', 'Mac OS X', '0', '', '2022-09-03 13:52:38');
INSERT INTO `sys_logininfor` VALUES ('205', 'admin', '127.0.0.1', 'IP', 'Chrome 10', 'Mac OS X', '0', '', '2022-09-03 13:52:48');
INSERT INTO `sys_logininfor` VALUES ('206', 'admin', '127.0.0.1', 'IP', 'Chrome 10', 'Mac OS X', '0', '', '2022-09-03 13:53:13');
INSERT INTO `sys_logininfor` VALUES ('207', 'admin', '127.0.0.1', 'IP', 'Chrome 10', 'Windows 10', '0', '', '2022-11-13 15:20:52');
INSERT INTO `sys_logininfor` VALUES ('208', 'admin', '127.0.0.1', 'IP', 'Chrome 10', 'Windows 10', '0', '', '2022-11-13 16:26:15');
INSERT INTO `sys_logininfor` VALUES ('209', 'admin', '127.0.0.1', 'IP', 'Chrome 10', 'Windows 10', '1', '', '2022-11-13 17:17:53');
INSERT INTO `sys_logininfor` VALUES ('210', 'admin', '127.0.0.1', 'IP', 'Chrome 10', 'Windows 10', '0', '', '2022-11-13 17:17:58');
INSERT INTO `sys_logininfor` VALUES ('211', 'admin', '127.0.0.1', 'IP', 'Chrome 10', 'Windows 10', '0', '', '2022-11-13 17:27:34');
INSERT INTO `sys_logininfor` VALUES ('212', 'xiaohei', '127.0.0.1', 'IP', 'Chrome 10', 'Windows 10', '0', '', '2022-11-13 17:27:44');
INSERT INTO `sys_logininfor` VALUES ('213', 'xiaohei', '127.0.0.1', 'IP', 'Chrome 10', 'Windows 10', '0', '', '2022-11-13 17:27:53');
INSERT INTO `sys_logininfor` VALUES ('214', 'admin', '127.0.0.1', 'IP', 'Chrome 10', 'Windows 10', '0', '', '2022-11-13 17:27:59');
INSERT INTO `sys_logininfor` VALUES ('215', 'admin', '127.0.0.1', 'IP', 'Chrome 10', 'Windows 10', '1', '', '2022-11-13 20:01:55');
INSERT INTO `sys_logininfor` VALUES ('216', 'admin', '127.0.0.1', 'IP', 'Chrome 10', 'Windows 10', '0', '', '2022-11-13 20:02:05');
INSERT INTO `sys_logininfor` VALUES ('217', 'admin', '127.0.0.1', 'IP', 'Chrome 10', 'Windows 10', '0', '', '2022-11-14 10:49:57');
INSERT INTO `sys_logininfor` VALUES ('218', 'admin', '127.0.0.1', 'IP', 'Chrome 10', 'Windows 10', '0', '', '2022-11-14 11:42:04');
INSERT INTO `sys_logininfor` VALUES ('219', 'admin', '127.0.0.1', 'IP', 'Chrome 10', 'Windows 10', '0', '', '2022-11-14 15:11:25');
INSERT INTO `sys_logininfor` VALUES ('220', 'admin', '127.0.0.1', 'IP', 'Chrome 10', 'Windows 10', '0', '', '2022-11-14 16:10:30');
INSERT INTO `sys_logininfor` VALUES ('221', 'admin', '127.0.0.1', 'IP', 'Chrome 10', 'Windows 10', '0', '', '2022-11-14 19:59:14');
INSERT INTO `sys_logininfor` VALUES ('222', 'admin', '127.0.0.1', 'IP', 'Chrome 10', 'Windows 10', '0', '', '2022-11-14 20:11:45');
INSERT INTO `sys_logininfor` VALUES ('223', 'admin', '127.0.0.1', 'IP', 'Chrome 10', 'Windows 10', '0', '', '2022-11-14 20:11:57');
INSERT INTO `sys_logininfor` VALUES ('224', 'admin', '127.0.0.1', 'IP', 'Chrome 10', 'Windows 10', '0', '', '2022-11-14 21:26:56');
INSERT INTO `sys_logininfor` VALUES ('225', 'admin', '127.0.0.1', 'IP', 'Chrome 10', 'Windows 10', '0', '', '2022-11-16 09:50:37');
INSERT INTO `sys_logininfor` VALUES ('226', 'admin', '127.0.0.1', 'IP', 'Chrome 10', 'Windows 10', '0', '', '2022-11-16 10:24:45');
INSERT INTO `sys_logininfor` VALUES ('227', 'admin', '127.0.0.1', 'IP', 'Chrome 10', 'Windows 10', '0', '', '2022-11-16 11:14:59');
INSERT INTO `sys_logininfor` VALUES ('228', 'admin', '127.0.0.1', 'IP', 'Chrome 10', 'Windows 10', '0', '', '2022-11-16 12:04:14');
INSERT INTO `sys_logininfor` VALUES ('229', 'admin', '127.0.0.1', 'IP', 'Chrome 10', 'Windows 10', '0', '', '2022-11-16 15:13:41');
INSERT INTO `sys_logininfor` VALUES ('230', 'admin', '127.0.0.1', 'IP', 'Chrome 10', 'Windows 10', '0', '', '2022-11-16 16:07:49');
INSERT INTO `sys_logininfor` VALUES ('231', 'admin', '127.0.0.1', 'IP', 'Chrome 10', 'Windows 10', '0', '', '2022-11-17 09:49:38');
INSERT INTO `sys_logininfor` VALUES ('232', 'admin', '127.0.0.1', 'IP', 'Chrome 10', 'Windows 10', '0', '', '2022-11-17 10:09:35');
INSERT INTO `sys_logininfor` VALUES ('233', 'admin', '127.0.0.1', 'IP', 'Chrome 10', 'Windows 10', '0', '', '2022-11-17 10:09:39');
INSERT INTO `sys_logininfor` VALUES ('234', 'admin', '127.0.0.1', 'IP', 'Chrome 10', 'Windows 10', '0', '', '2022-11-17 11:51:22');
INSERT INTO `sys_logininfor` VALUES ('235', 'admin', '127.0.0.1', 'IP', 'Chrome 10', 'Windows 10', '0', '', '2022-11-17 14:17:26');
INSERT INTO `sys_logininfor` VALUES ('236', 'admin', '127.0.0.1', 'IP', 'Chrome 10', 'Windows 10', '0', '', '2022-11-17 15:03:55');
INSERT INTO `sys_logininfor` VALUES ('237', 'admin', '127.0.0.1', 'IP', 'Chrome 10', 'Windows 10', '0', '', '2022-11-17 17:27:39');
INSERT INTO `sys_logininfor` VALUES ('238', 'admin', '127.0.0.1', 'IP', 'Chrome 10', 'Windows 10', '0', '', '2022-11-17 18:41:12');

-- ----------------------------
-- Table structure for sys_menu
-- ----------------------------
DROP TABLE IF EXISTS `sys_menu`;
CREATE TABLE `sys_menu` (
                            `menu_id` bigint(20) NOT NULL AUTO_INCREMENT COMMENT 'ID',
                            `menu_name` varchar(50) NOT NULL COMMENT '',
                            `parent_id` bigint(20) DEFAULT '0' COMMENT 'ID',
                            `order_num` int(4) DEFAULT '0' COMMENT '',
                            `path` varchar(200) DEFAULT '' COMMENT '',
                            `component` varchar(255) DEFAULT NULL COMMENT '',
                            `query` varchar(255) DEFAULT NULL COMMENT '',
                            `is_frame` int(1) DEFAULT '1' COMMENT '0 1',
                            `is_cache` int(1) DEFAULT '0' COMMENT '0 1',
                            `menu_type` char(1) DEFAULT '' COMMENT 'M C F',
                            `visible` char(1) DEFAULT '0' COMMENT '0 1',
                            `status` char(1) DEFAULT '0' COMMENT '0 1',
                            `perms` varchar(100) DEFAULT NULL COMMENT '',
                            `icon` varchar(100) DEFAULT '#' COMMENT '',
                            `create_by` varchar(64) DEFAULT '' COMMENT '',
                            `create_time` datetime DEFAULT NULL COMMENT '',
                            `update_by` varchar(64) DEFAULT '' COMMENT '',
                            `update_time` datetime DEFAULT NULL COMMENT '',
                            `remark` varchar(500) DEFAULT '' COMMENT '',
                            PRIMARY KEY (`menu_id`)
) ENGINE=InnoDB AUTO_INCREMENT=2104 DEFAULT CHARSET=utf8 COMMENT='';

-- ----------------------------
-- Records of sys_menu
-- ----------------------------
INSERT INTO `sys_menu` VALUES ('1', '', '0', '7', 'system', null, '', '1', '0', 'M', '0', '0', '', 'system', 'admin', '2022-08-25 17:40:52', 'admin', '2022-11-17 14:22:55', '');
INSERT INTO `sys_menu` VALUES ('2', '', '0', '6', 'monitor', null, '', '1', '0', 'M', '0', '0', '', 'monitor', 'admin', '2022-08-25 17:40:52', 'admin', '2022-11-17 14:22:49', '');
INSERT INTO `sys_menu` VALUES ('3', '', '0', '5', 'tool', null, '', '1', '0', 'M', '0', '0', '', 'tool', 'admin', '2022-08-25 17:40:52', 'admin', '2022-11-17 14:22:42', '');
INSERT INTO `sys_menu` VALUES ('4', 'E', '0', '100', 'http://xue.cnkdl.cn:23683/frontend/home.html', null, '', '0', '0', 'M', '0', '0', '', 'guide', 'admin', '2022-08-25 17:40:52', 'admin', '2022-09-03 14:04:26', '');
INSERT INTO `sys_menu` VALUES ('100', '', '1', '1', 'user', 'system/user/index', '', '1', '0', 'C', '0', '0', 'system:user:list', 'user', 'admin', '2022-08-25 17:40:52', '', null, '');
INSERT INTO `sys_menu` VALUES ('101', '', '1', '2', 'role', 'system/role/index', '', '1', '0', 'C', '0', '0', 'system:role:list', 'peoples', 'admin', '2022-08-25 17:40:52', '', null, '');
INSERT INTO `sys_menu` VALUES ('102', '', '1', '3', 'menu', 'system/menu/index', '', '1', '0', 'C', '0', '0', 'system:menu:list', 'tree-table', 'admin', '2022-08-25 17:40:52', '', null, '');
INSERT INTO `sys_menu` VALUES ('103', '', '1', '4', 'dept', 'system/dept/index', '', '1', '0', 'C', '0', '0', 'system:dept:list', 'tree', 'admin', '2022-08-25 17:40:52', '', null, '');
INSERT INTO `sys_menu` VALUES ('104', '', '1', '5', 'post', 'system/post/index', '', '1', '0', 'C', '0', '0', 'system:post:list', 'post', 'admin', '2022-08-25 17:40:52', '', null, '');
INSERT INTO `sys_menu` VALUES ('105', '', '1', '6', 'dict', 'system/dict/index', '', '1', '0', 'C', '0', '0', 'system:dict:list', 'dict', 'admin', '2022-08-25 17:40:52', '', null, '');
INSERT INTO `sys_menu` VALUES ('106', '', '1', '7', 'config', 'system/config/index', '', '1', '0', 'C', '0', '0', 'system:config:list', 'edit', 'admin', '2022-08-25 17:40:52', '', null, '');
INSERT INTO `sys_menu` VALUES ('107', '', '1', '8', 'notice', 'system/notice/index', '', '1', '0', 'C', '0', '0', 'system:notice:list', 'message', 'admin', '2022-08-25 17:40:52', '', null, '');
INSERT INTO `sys_menu` VALUES ('108', '', '1', '9', 'log', '', '', '1', '0', 'M', '0', '0', '', 'log', 'admin', '2022-08-25 17:40:52', '', null, '');
INSERT INTO `sys_menu` VALUES ('109', '', '2', '1', 'online', 'monitor/online/index', '', '1', '0', 'C', '0', '0', 'monitor:online:list', 'online', 'admin', '2022-08-25 17:40:52', '', null, '');
INSERT INTO `sys_menu` VALUES ('110', '', '2', '2', 'job', 'monitor/job/index', '', '1', '0', 'C', '0', '0', 'monitor:job:list', 'job', 'admin', '2022-08-25 17:40:52', '', null, '');
INSERT INTO `sys_menu` VALUES ('111', '', '2', '3', 'druid', 'monitor/druid/index', '', '1', '0', 'C', '0', '0', 'monitor:druid:list', 'druid', 'admin', '2022-08-25 17:40:52', '', null, '');
INSERT INTO `sys_menu` VALUES ('112', '', '2', '4', 'server', 'monitor/server/index', '', '1', '0', 'C', '0', '0', 'monitor:server:list', 'server', 'admin', '2022-08-25 17:40:52', '', null, '');
INSERT INTO `sys_menu` VALUES ('113', '', '2', '5', 'cache', 'monitor/cache/index', '', '1', '0', 'C', '0', '0', 'monitor:cache:list', 'redis', 'admin', '2022-08-25 17:40:52', '', null, '');
INSERT INTO `sys_menu` VALUES ('114', '', '2', '6', 'cacheList', 'monitor/cache/list', '', '1', '0', 'C', '0', '0', 'monitor:cache:list', 'redis-list', 'admin', '2022-08-25 17:40:52', '', null, '');
INSERT INTO `sys_menu` VALUES ('115', '', '3', '1', 'build', 'tool/build/index', '', '1', '0', 'C', '0', '0', 'tool:build:list', 'build', 'admin', '2022-08-25 17:40:52', '', null, '');
INSERT INTO `sys_menu` VALUES ('116', '', '3', '2', 'gen', 'tool/gen/index', '', '1', '0', 'C', '0', '0', 'tool:gen:list', 'code', 'admin', '2022-08-25 17:40:52', '', null, '');
INSERT INTO `sys_menu` VALUES ('117', '', '3', '3', 'swagger', 'tool/swagger/index', '', '1', '0', 'C', '0', '0', 'tool:swagger:list', 'swagger', 'admin', '2022-08-25 17:40:52', '', null, '');
INSERT INTO `sys_menu` VALUES ('500', '', '108', '1', 'operlog', 'monitor/operlog/index', '', '1', '0', 'C', '0', '0', 'monitor:operlog:list', 'form', 'admin', '2022-08-25 17:40:52', '', null, '');
INSERT INTO `sys_menu` VALUES ('501', '', '108', '2', 'logininfor', 'monitor/logininfor/index', '', '1', '0', 'C', '0', '0', 'monitor:logininfor:list', 'logininfor', 'admin', '2022-08-25 17:40:52', '', null, '');
INSERT INTO `sys_menu` VALUES ('1000', '', '100', '1', '', '', '', '1', '0', 'F', '0', '0', 'system:user:query', '#', 'admin', '2022-08-25 17:40:52', '', null, '');
INSERT INTO `sys_menu` VALUES ('1001', '', '100', '2', '', '', '', '1', '0', 'F', '0', '0', 'system:user:add', '#', 'admin', '2022-08-25 17:40:52', '', null, '');
INSERT INTO `sys_menu` VALUES ('1002', '', '100', '3', '', '', '', '1', '0', 'F', '0', '0', 'system:user:edit', '#', 'admin', '2022-08-25 17:40:52', '', null, '');
INSERT INTO `sys_menu` VALUES ('1003', '', '100', '4', '', '', '', '1', '0', 'F', '0', '0', 'system:user:remove', '#', 'admin', '2022-08-25 17:40:52', '', null, '');
INSERT INTO `sys_menu` VALUES ('1004', '', '100', '5', '', '', '', '1', '0', 'F', '0', '0', 'system:user:export', '#', 'admin', '2022-08-25 17:40:52', '', null, '');
INSERT INTO `sys_menu` VALUES ('1005', '', '100', '6', '', '', '', '1', '0', 'F', '0', '0', 'system:user:import', '#', 'admin', '2022-08-25 17:40:52', '', null, '');
INSERT INTO `sys_menu` VALUES ('1006', '', '100', '7', '', '', '', '1', '0', 'F', '0', '0', 'system:user:resetPwd', '#', 'admin', '2022-08-25 17:40:52', '', null, '');
INSERT INTO `sys_menu` VALUES ('1007', '', '101', '1', '', '', '', '1', '0', 'F', '0', '0', 'system:role:query', '#', 'admin', '2022-08-25 17:40:52', '', null, '');
INSERT INTO `sys_menu` VALUES ('1008', '', '101', '2', '', '', '', '1', '0', 'F', '0', '0', 'system:role:add', '#', 'admin', '2022-08-25 17:40:52', '', null, '');
INSERT INTO `sys_menu` VALUES ('1009', '', '101', '3', '', '', '', '1', '0', 'F', '0', '0', 'system:role:edit', '#', 'admin', '2022-08-25 17:40:52', '', null, '');
INSERT INTO `sys_menu` VALUES ('1010', '', '101', '4', '', '', '', '1', '0', 'F', '0', '0', 'system:role:remove', '#', 'admin', '2022-08-25 17:40:52', '', null, '');
INSERT INTO `sys_menu` VALUES ('1011', '', '101', '5', '', '', '', '1', '0', 'F', '0', '0', 'system:role:export', '#', 'admin', '2022-08-25 17:40:52', '', null, '');
INSERT INTO `sys_menu` VALUES ('1012', '', '102', '1', '', '', '', '1', '0', 'F', '0', '0', 'system:menu:query', '#', 'admin', '2022-08-25 17:40:52', '', null, '');
INSERT INTO `sys_menu` VALUES ('1013', '', '102', '2', '', '', '', '1', '0', 'F', '0', '0', 'system:menu:add', '#', 'admin', '2022-08-25 17:40:52', '', null, '');
INSERT INTO `sys_menu` VALUES ('1014', '', '102', '3', '', '', '', '1', '0', 'F', '0', '0', 'system:menu:edit', '#', 'admin', '2022-08-25 17:40:52', '', null, '');
INSERT INTO `sys_menu` VALUES ('1015', '', '102', '4', '', '', '', '1', '0', 'F', '0', '0', 'system:menu:remove', '#', 'admin', '2022-08-25 17:40:52', '', null, '');
INSERT INTO `sys_menu` VALUES ('1016', '', '103', '1', '', '', '', '1', '0', 'F', '0', '0', 'system:dept:query', '#', 'admin', '2022-08-25 17:40:52', '', null, '');
INSERT INTO `sys_menu` VALUES ('1017', '', '103', '2', '', '', '', '1', '0', 'F', '0', '0', 'system:dept:add', '#', 'admin', '2022-08-25 17:40:52', '', null, '');
INSERT INTO `sys_menu` VALUES ('1018', '', '103', '3', '', '', '', '1', '0', 'F', '0', '0', 'system:dept:edit', '#', 'admin', '2022-08-25 17:40:52', '', null, '');
INSERT INTO `sys_menu` VALUES ('1019', '', '103', '4', '', '', '', '1', '0', 'F', '0', '0', 'system:dept:remove', '#', 'admin', '2022-08-25 17:40:52', '', null, '');
INSERT INTO `sys_menu` VALUES ('1020', '', '104', '1', '', '', '', '1', '0', 'F', '0', '0', 'system:post:query', '#', 'admin', '2022-08-25 17:40:52', '', null, '');
INSERT INTO `sys_menu` VALUES ('1021', '', '104', '2', '', '', '', '1', '0', 'F', '0', '0', 'system:post:add', '#', 'admin', '2022-08-25 17:40:52', '', null, '');
INSERT INTO `sys_menu` VALUES ('1022', '', '104', '3', '', '', '', '1', '0', 'F', '0', '0', 'system:post:edit', '#', 'admin', '2022-08-25 17:40:52', '', null, '');
INSERT INTO `sys_menu` VALUES ('1023', '', '104', '4', '', '', '', '1', '0', 'F', '0', '0', 'system:post:remove', '#', 'admin', '2022-08-25 17:40:52', '', null, '');
INSERT INTO `sys_menu` VALUES ('1024', '', '104', '5', '', '', '', '1', '0', 'F', '0', '0', 'system:post:export', '#', 'admin', '2022-08-25 17:40:52', '', null, '');
INSERT INTO `sys_menu` VALUES ('1025', '', '105', '1', '#', '', '', '1', '0', 'F', '0', '0', 'system:dict:query', '#', 'admin', '2022-08-25 17:40:52', '', null, '');
INSERT INTO `sys_menu` VALUES ('1026', '', '105', '2', '#', '', '', '1', '0', 'F', '0', '0', 'system:dict:add', '#', 'admin', '2022-08-25 17:40:52', '', null, '');
INSERT INTO `sys_menu` VALUES ('1027', '', '105', '3', '#', '', '', '1', '0', 'F', '0', '0', 'system:dict:edit', '#', 'admin', '2022-08-25 17:40:52', '', null, '');
INSERT INTO `sys_menu` VALUES ('1028', '', '105', '4', '#', '', '', '1', '0', 'F', '0', '0', 'system:dict:remove', '#', 'admin', '2022-08-25 17:40:52', '', null, '');
INSERT INTO `sys_menu` VALUES ('1029', '', '105', '5', '#', '', '', '1', '0', 'F', '0', '0', 'system:dict:export', '#', 'admin', '2022-08-25 17:40:52', '', null, '');
INSERT INTO `sys_menu` VALUES ('1030', '', '106', '1', '#', '', '', '1', '0', 'F', '0', '0', 'system:config:query', '#', 'admin', '2022-08-25 17:40:52', '', null, '');
INSERT INTO `sys_menu` VALUES ('1031', '', '106', '2', '#', '', '', '1', '0', 'F', '0', '0', 'system:config:add', '#', 'admin', '2022-08-25 17:40:52', '', null, '');
INSERT INTO `sys_menu` VALUES ('1032', '', '106', '3', '#', '', '', '1', '0', 'F', '0', '0', 'system:config:edit', '#', 'admin', '2022-08-25 17:40:52', '', null, '');
INSERT INTO `sys_menu` VALUES ('1033', '', '106', '4', '#', '', '', '1', '0', 'F', '0', '0', 'system:config:remove', '#', 'admin', '2022-08-25 17:40:52', '', null, '');
INSERT INTO `sys_menu` VALUES ('1034', '', '106', '5', '#', '', '', '1', '0', 'F', '0', '0', 'system:config:export', '#', 'admin', '2022-08-25 17:40:52', '', null, '');
INSERT INTO `sys_menu` VALUES ('1035', '', '107', '1', '#', '', '', '1', '0', 'F', '0', '0', 'system:notice:query', '#', 'admin', '2022-08-25 17:40:52', '', null, '');
INSERT INTO `sys_menu` VALUES ('1036', '', '107', '2', '#', '', '', '1', '0', 'F', '0', '0', 'system:notice:add', '#', 'admin', '2022-08-25 17:40:52', '', null, '');
INSERT INTO `sys_menu` VALUES ('1037', '', '107', '3', '#', '', '', '1', '0', 'F', '0', '0', 'system:notice:edit', '#', 'admin', '2022-08-25 17:40:52', '', null, '');
INSERT INTO `sys_menu` VALUES ('1038', '', '107', '4', '#', '', '', '1', '0', 'F', '0', '0', 'system:notice:remove', '#', 'admin', '2022-08-25 17:40:52', '', null, '');
INSERT INTO `sys_menu` VALUES ('1039', '', '500', '1', '#', '', '', '1', '0', 'F', '0', '0', 'monitor:operlog:query', '#', 'admin', '2022-08-25 17:40:52', '', null, '');
INSERT INTO `sys_menu` VALUES ('1040', '', '500', '2', '#', '', '', '1', '0', 'F', '0', '0', 'monitor:operlog:remove', '#', 'admin', '2022-08-25 17:40:52', '', null, '');
INSERT INTO `sys_menu` VALUES ('1041', '', '500', '4', '#', '', '', '1', '0', 'F', '0', '0', 'monitor:operlog:export', '#', 'admin', '2022-08-25 17:40:52', '', null, '');
INSERT INTO `sys_menu` VALUES ('1042', '', '501', '1', '#', '', '', '1', '0', 'F', '0', '0', 'monitor:logininfor:query', '#', 'admin', '2022-08-25 17:40:52', '', null, '');
INSERT INTO `sys_menu` VALUES ('1043', '', '501', '2', '#', '', '', '1', '0', 'F', '0', '0', 'monitor:logininfor:remove', '#', 'admin', '2022-08-25 17:40:52', '', null, '');
INSERT INTO `sys_menu` VALUES ('1044', '', '501', '3', '#', '', '', '1', '0', 'F', '0', '0', 'monitor:logininfor:export', '#', 'admin', '2022-08-25 17:40:52', '', null, '');
INSERT INTO `sys_menu` VALUES ('1045', '', '109', '1', '#', '', '', '1', '0', 'F', '0', '0', 'monitor:online:query', '#', 'admin', '2022-08-25 17:40:52', '', null, '');
INSERT INTO `sys_menu` VALUES ('1046', '', '109', '2', '#', '', '', '1', '0', 'F', '0', '0', 'monitor:online:batchLogout', '#', 'admin', '2022-08-25 17:40:52', '', null, '');
INSERT INTO `sys_menu` VALUES ('1047', '', '109', '3', '#', '', '', '1', '0', 'F', '0', '0', 'monitor:online:forceLogout', '#', 'admin', '2022-08-25 17:40:52', '', null, '');
INSERT INTO `sys_menu` VALUES ('1048', '', '110', '1', '#', '', '', '1', '0', 'F', '0', '0', 'monitor:job:query', '#', 'admin', '2022-08-25 17:40:52', '', null, '');
INSERT INTO `sys_menu` VALUES ('1049', '', '110', '2', '#', '', '', '1', '0', 'F', '0', '0', 'monitor:job:add', '#', 'admin', '2022-08-25 17:40:52', '', null, '');
INSERT INTO `sys_menu` VALUES ('1050', '', '110', '3', '#', '', '', '1', '0', 'F', '0', '0', 'monitor:job:edit', '#', 'admin', '2022-08-25 17:40:52', '', null, '');
INSERT INTO `sys_menu` VALUES ('1051', '', '110', '4', '#', '', '', '1', '0', 'F', '0', '0', 'monitor:job:remove', '#', 'admin', '2022-08-25 17:40:52', '', null, '');
INSERT INTO `sys_menu` VALUES ('1052', '', '110', '5', '#', '', '', '1', '0', 'F', '0', '0', 'monitor:job:changeStatus', '#', 'admin', '2022-08-25 17:40:52', '', null, '');
INSERT INTO `sys_menu` VALUES ('1053', '', '110', '7', '#', '', '', '1', '0', 'F', '0', '0', 'monitor:job:export', '#', 'admin', '2022-08-25 17:40:52', '', null, '');
INSERT INTO `sys_menu` VALUES ('1054', '', '115', '1', '#', '', '', '1', '0', 'F', '0', '0', 'tool:gen:query', '#', 'admin', '2022-08-25 17:40:52', '', null, '');
INSERT INTO `sys_menu` VALUES ('1055', '', '115', '2', '#', '', '', '1', '0', 'F', '0', '0', 'tool:gen:edit', '#', 'admin', '2022-08-25 17:40:52', '', null, '');
INSERT INTO `sys_menu` VALUES ('1056', '', '115', '3', '#', '', '', '1', '0', 'F', '0', '0', 'tool:gen:remove', '#', 'admin', '2022-08-25 17:40:52', '', null, '');
INSERT INTO `sys_menu` VALUES ('1057', '', '115', '2', '#', '', '', '1', '0', 'F', '0', '0', 'tool:gen:import', '#', 'admin', '2022-08-25 17:40:52', '', null, '');
INSERT INTO `sys_menu` VALUES ('1058', '', '115', '4', '#', '', '', '1', '0', 'F', '0', '0', 'tool:gen:preview', '#', 'admin', '2022-08-25 17:40:52', '', null, '');
INSERT INTO `sys_menu` VALUES ('1059', '', '115', '5', '#', '', '', '1', '0', 'F', '0', '0', 'tool:gen:code', '#', 'admin', '2022-08-25 17:40:52', '', null, '');
INSERT INTO `sys_menu` VALUES ('2031', '', '0', '3', 'business', null, null, '1', '0', 'M', '0', '0', '', 'online', 'admin', '2022-08-31 15:18:17', 'admin', '2022-11-17 14:22:25', '');
INSERT INTO `sys_menu` VALUES ('2032', '', '2031', '1', 'appointment', 'business/appointment/index', null, '1', '0', 'C', '0', '0', 'business:appointment:list', 'message', 'admin', '2022-08-31 15:23:07', 'admin', '2022-11-17 14:26:14', '');
INSERT INTO `sys_menu` VALUES ('2033', '', '2031', '2', 'service', 'business/service/index', null, '1', '0', 'C', '0', '0', 'business:serviceItem:list', 'cascader', 'admin', '2022-08-31 15:23:59', 'admin', '2022-11-17 14:26:33', '');
INSERT INTO `sys_menu` VALUES ('2034', '', '2031', '3', 'statement', 'business/statement/index', null, '1', '0', 'C', '0', '0', 'business:statement:list', 'money', 'admin', '2022-08-31 15:24:55', 'admin', '2022-11-17 14:26:44', '');
INSERT INTO `sys_menu` VALUES ('2035', '', '2034', '1', 'item', 'business/statement/item/index', null, '1', '0', 'C', '1', '0', 'business:statementItem:list', '#', 'admin', '2022-08-31 15:26:10', '', null, '');
INSERT INTO `sys_menu` VALUES ('2036', '', '2032', '2', '', null, null, '1', '0', 'F', '0', '0', 'business:appointment:add', '#', 'admin', '2022-08-31 15:28:00', 'admin', '2022-08-31 15:28:33', '');
INSERT INTO `sys_menu` VALUES ('2037', '', '2032', '1', '', null, null, '1', '0', 'F', '0', '0', 'business:appointment:query', '#', 'admin', '2022-08-31 15:28:21', '', null, '');
INSERT INTO `sys_menu` VALUES ('2038', '', '2032', '3', '', null, null, '1', '0', 'F', '0', '0', 'business:appointment:update', '#', 'admin', '2022-08-31 15:29:02', '', null, '');
INSERT INTO `sys_menu` VALUES ('2039', '', '2032', '4', '', null, null, '1', '0', 'F', '0', '0', 'business:appointment:remove', '#', 'admin', '2022-08-31 15:29:16', '', null, '');
INSERT INTO `sys_menu` VALUES ('2040', '', '2032', '5', '', null, null, '1', '0', 'F', '0', '0', 'business:appointment:cancel', '#', 'admin', '2022-08-31 15:29:37', '', null, '');
INSERT INTO `sys_menu` VALUES ('2041', '', '2032', '6', '', null, null, '1', '0', 'F', '0', '0', 'business:appointment:generateStatement', '#', 'admin', '2022-08-31 15:29:52', '', null, '');
INSERT INTO `sys_menu` VALUES ('2042', '', '2032', '5', '', null, null, '1', '0', 'F', '0', '0', 'business:appointment:arrival', '#', 'admin', '2022-08-31 15:30:23', '', null, '');
INSERT INTO `sys_menu` VALUES ('2043', '', '2033', '1', '', null, null, '1', '0', 'F', '0', '0', 'business:serviceItem:queryAudit', '#', 'admin', '2022-08-31 15:31:40', '', null, '');
INSERT INTO `sys_menu` VALUES ('2044', '', '2033', '2', '', null, null, '1', '0', 'F', '0', '0', 'business:serviceItem:query', '#', 'admin', '2022-08-31 15:32:01', '', null, '');
INSERT INTO `sys_menu` VALUES ('2045', '', '2033', '3', '', null, null, '1', '0', 'F', '0', '0', 'business:serviceItem:add', '#', 'admin', '2022-08-31 15:32:23', '', null, '');
INSERT INTO `sys_menu` VALUES ('2046', '', '2033', '4', '', null, null, '1', '0', 'F', '0', '0', 'business:serviceItem:update', '#', 'admin', '2022-08-31 15:32:40', '', null, '');
INSERT INTO `sys_menu` VALUES ('2047', '', '2033', '5', '', null, null, '1', '0', 'F', '0', '0', 'business:serviceItem:remove', '#', 'admin', '2022-08-31 15:33:18', '', null, '');
INSERT INTO `sys_menu` VALUES ('2048', '', '2033', '6', '', null, null, '1', '0', 'F', '0', '0', 'business:serviceItem:saleOn', '#', 'admin', '2022-08-31 15:33:34', '', null, '');
INSERT INTO `sys_menu` VALUES ('2049', '', '2033', '7', '', null, null, '1', '0', 'F', '0', '0', 'business:serviceItem:saleOff', '#', 'admin', '2022-08-31 15:33:47', '', null, '');
INSERT INTO `sys_menu` VALUES ('2050', '', '2033', '8', '', null, null, '1', '0', 'F', '0', '0', 'business:serviceItem:startAudit', '#', 'admin', '2022-08-31 15:34:02', '', null, '');
INSERT INTO `sys_menu` VALUES ('2051', '', '2034', '5', '', null, null, '1', '0', 'F', '0', '0', 'business:statement:add', '#', 'admin', '2022-08-31 15:34:45', 'admin', '2022-08-31 15:36:04', '');
INSERT INTO `sys_menu` VALUES ('2052', '', '2034', '4', '', null, null, '1', '0', 'F', '0', '0', 'business:statement:query', '#', 'admin', '2022-08-31 15:34:56', 'admin', '2022-08-31 15:35:55', '');
INSERT INTO `sys_menu` VALUES ('2053', '', '2034', '2', '', null, null, '1', '0', 'F', '0', '0', 'business:statement:update', '#', 'admin', '2022-08-31 15:35:11', '', null, '');
INSERT INTO `sys_menu` VALUES ('2054', '', '2034', '3', '', null, null, '1', '0', 'F', '0', '0', 'business:statement:remove', '#', 'admin', '2022-08-31 15:35:29', '', null, '');
INSERT INTO `sys_menu` VALUES ('2055', '', '2034', '6', '', null, null, '1', '0', 'F', '0', '0', 'business:statementItem:pay', '#', 'admin', '2022-08-31 15:36:30', '', null, '');
INSERT INTO `sys_menu` VALUES ('2056', '', '2035', '1', '', null, null, '1', '0', 'F', '0', '0', 'business:statementItem:save', '#', 'admin', '2022-08-31 15:36:53', '', null, '');
INSERT INTO `sys_menu` VALUES ('2057', '', '0', '2', 'setmeal', null, null, '1', '0', 'M', '0', '0', '', 'dashboard', 'admin', '2022-08-31 15:37:54', 'admin', '2022-11-17 14:22:20', '');
INSERT INTO `sys_menu` VALUES ('2058', '', '2057', '1', 'audit', 'workflow/audit/index', null, '1', '0', 'C', '0', '0', 'business:carPackageAudit:list', 'message', 'admin', '2022-08-31 15:39:30', 'admin', '2022-11-17 17:35:40', '');
INSERT INTO `sys_menu` VALUES ('2059', '', '2058', '1', '', null, null, '1', '0', 'F', '0', '0', 'business:carPackageAudit:cancel', '#', 'admin', '2022-08-31 15:44:17', '', null, '');
INSERT INTO `sys_menu` VALUES ('2060', '', '2058', '2', '', null, null, '1', '0', 'F', '0', '0', 'business:carPackageAudit:history', '#', 'admin', '2022-08-31 15:45:40', '', null, '');
INSERT INTO `sys_menu` VALUES ('2061', '', '2058', '3', '', null, null, '1', '0', 'F', '0', '0', 'business:carPackageAudit:processImg', '#', 'admin', '2022-08-31 15:46:10', '', null, '');
INSERT INTO `sys_menu` VALUES ('2062', '', '2057', '2', 'todo', 'business/setmeal/todo/index', null, '1', '0', 'C', '0', '0', 'business:carPackageAudit:todo', 'eye-open', 'admin', '2022-08-31 15:47:06', 'admin', '2022-11-17 14:25:36', '');
INSERT INTO `sys_menu` VALUES ('2063', '', '2062', '1', '', null, null, '1', '0', 'F', '0', '0', 'business:carPackageAudit:audit', '#', 'admin', '2022-08-31 15:47:27', '', null, '');
INSERT INTO `sys_menu` VALUES ('2064', '', '2057', '3', 'done', 'business/setmeal/done/index', null, '1', '0', 'C', '0', '0', 'business:carPackageAudit:done', 'eye', 'admin', '2022-08-31 15:48:07', 'admin', '2022-11-17 14:25:43', '');
INSERT INTO `sys_menu` VALUES ('2065', '', '0', '1', 'flow', null, null, '1', '0', 'M', '0', '0', '', 'list', 'admin', '2022-08-31 15:49:15', 'admin', '2022-11-17 14:22:13', '');
INSERT INTO `sys_menu` VALUES ('2066', '', '2065', '1', 'definition', 'workflow/bpmnInfo/index', null, '1', '0', 'C', '0', '0', 'business:bpmnInfo:list', 'education', 'admin', '2022-08-31 15:50:01', 'admin', '2022-11-17 14:23:33', '');
INSERT INTO `sys_menu` VALUES ('2067', '', '2066', '1', '', null, null, '1', '0', 'F', '0', '0', 'business:bpmnInfo:deploy', '#', 'admin', '2022-08-31 15:50:20', '', null, '');
INSERT INTO `sys_menu` VALUES ('2068', '', '2066', '2', '', null, null, '1', '0', 'F', '0', '0', 'business:bpmnInfo:readResource', '#', 'admin', '2022-08-31 15:51:03', '', null, '');
INSERT INTO `sys_menu` VALUES ('2069', '', '2066', '3', '', null, null, '1', '0', 'F', '0', '0', 'business:bpmnInfo:remove', '#', 'admin', '2022-08-31 15:51:23', '', null, '');
INSERT INTO `sys_menu` VALUES ('2071', '', '1', '1', 'car', 'system/type/index', null, '1', '0', 'C', '0', '0', 'system:type:list', 'shopping', 'admin', '2022-09-03 13:24:16', 'admin', '2022-11-17 14:19:52', '');
INSERT INTO `sys_menu` VALUES ('2072', '', '2071', '1', '', null, null, '1', '0', 'F', '0', '0', 'system:type:export', '#', 'admin', '2022-09-03 13:27:40', '', null, '');
INSERT INTO `sys_menu` VALUES ('2073', '', '2071', '2', '', null, null, '1', '0', 'F', '0', '0', 'system:type:query', '#', 'admin', '2022-09-03 13:27:53', '', null, '');
INSERT INTO `sys_menu` VALUES ('2074', '', '2071', '3', '', null, null, '1', '0', 'F', '0', '0', 'system:type:add', '#', 'admin', '2022-09-03 13:28:06', '', null, '');
INSERT INTO `sys_menu` VALUES ('2075', '', '2071', '4', '', null, null, '1', '0', 'F', '0', '0', 'system:type:edit', '#', 'admin', '2022-09-03 13:28:19', '', null, '');
INSERT INTO `sys_menu` VALUES ('2076', '', '2071', '5', '', null, null, '1', '0', 'F', '0', '0', 'system:type:remove', '#', 'admin', '2022-09-03 13:28:34', '', null, '');
INSERT INTO `sys_menu` VALUES ('2077', '', '0', '4', 'customer', null, null, '1', '0', 'M', '1', '0', '', 'peoples', 'admin', '2022-09-03 13:30:04', 'admin', '2022-11-17 14:22:33', '');
INSERT INTO `sys_menu` VALUES ('2078', '', '2077', '1', 'customer', 'customer/index', null, '1', '0', 'C', '0', '0', 'customer:list', '#', 'admin', '2022-09-03 13:30:55', 'admin', '2022-09-03 13:31:20', '');
INSERT INTO `sys_menu` VALUES ('2079', '', '2078', '1', '', null, null, '1', '0', 'F', '0', '0', 'customer:export', '#', 'admin', '2022-09-03 13:31:28', '', null, '');
INSERT INTO `sys_menu` VALUES ('2080', '', '2078', '2', '', null, null, '1', '0', 'F', '0', '0', 'customer:query', '#', 'admin', '2022-09-03 13:31:41', 'admin', '2022-09-03 13:31:54', '');
INSERT INTO `sys_menu` VALUES ('2081', '', '2078', '3', '', null, null, '1', '0', 'F', '0', '0', 'customer:add', '#', 'admin', '2022-09-03 13:32:06', '', null, '');
INSERT INTO `sys_menu` VALUES ('2082', '', '2078', '4', '', null, null, '1', '0', 'F', '0', '0', 'customer:edit', '#', 'admin', '2022-09-03 13:32:17', '', null, '');
INSERT INTO `sys_menu` VALUES ('2083', '', '2078', '5', '', null, null, '1', '0', 'F', '0', '0', 'customer:remove', '#', 'admin', '2022-09-03 13:32:31', '', null, '');
INSERT INTO `sys_menu` VALUES ('2084', '', '2077', '2', 'visit', 'customer/visit/index', null, '1', '0', 'C', '0', '0', 'customer:visit:list', '#', 'admin', '2022-09-03 13:33:15', '', null, '');
INSERT INTO `sys_menu` VALUES ('2085', '', '2084', '1', '', null, null, '1', '0', 'F', '0', '0', 'customer:visit:export', '#', 'admin', '2022-09-03 13:33:30', '', null, '');
INSERT INTO `sys_menu` VALUES ('2086', '', '2084', '2', '', null, null, '1', '0', 'F', '0', '0', 'customer:visit:query', '#', 'admin', '2022-09-03 13:33:41', '', null, '');
INSERT INTO `sys_menu` VALUES ('2087', '', '2084', '3', '', null, null, '1', '0', 'F', '0', '0', 'customer:visit:add', '#', 'admin', '2022-09-03 13:33:57', '', null, '');
INSERT INTO `sys_menu` VALUES ('2088', '', '2084', '4', '', null, null, '1', '0', 'F', '0', '0', 'customer:visit:edit', '#', 'admin', '2022-09-03 13:34:11', '', null, '');
INSERT INTO `sys_menu` VALUES ('2089', '', '2084', '5', '', null, null, '1', '0', 'F', '0', '0', 'customer:visit:remove', '#', 'admin', '2022-09-03 13:34:22', '', null, '');
INSERT INTO `sys_menu` VALUES ('2098', '', '2065', '1', 'bpmnNode', 'workflow/bpmnNode/index', null, '1', '0', 'C', '1', '0', 'workflow:bpmnNode:list', '#', 'admin', '2022-11-17 10:02:09', 'admin', '2022-11-17 10:30:55', '');
INSERT INTO `sys_menu` VALUES ('2099', '', '2098', '1', '#', '', null, '1', '0', 'F', '0', '0', 'workflow:bpmnNode:query', '#', 'admin', '2022-11-17 10:02:09', '', null, '');
INSERT INTO `sys_menu` VALUES ('2100', '', '2098', '2', '#', '', null, '1', '0', 'F', '0', '0', 'workflow:bpmnNode:add', '#', 'admin', '2022-11-17 10:02:09', '', null, '');
INSERT INTO `sys_menu` VALUES ('2101', '', '2098', '3', '#', '', null, '1', '0', 'F', '0', '0', 'workflow:bpmnNode:edit', '#', 'admin', '2022-11-17 10:02:09', '', null, '');
INSERT INTO `sys_menu` VALUES ('2102', '', '2098', '4', '#', '', null, '1', '0', 'F', '0', '0', 'workflow:bpmnNode:remove', '#', 'admin', '2022-11-17 10:02:09', '', null, '');
INSERT INTO `sys_menu` VALUES ('2103', '', '2098', '5', '#', '', null, '1', '0', 'F', '0', '0', 'workflow:bpmnNode:export', '#', 'admin', '2022-11-17 10:02:09', '', null, '');

-- ----------------------------
-- Table structure for sys_notice
-- ----------------------------
DROP TABLE IF EXISTS `sys_notice`;
CREATE TABLE `sys_notice` (
                              `notice_id` int(4) NOT NULL AUTO_INCREMENT COMMENT 'ID',
                              `notice_title` varchar(50) NOT NULL COMMENT '',
                              `notice_type` char(1) NOT NULL COMMENT '1 2',
                              `notice_content` longblob COMMENT '',
                              `status` char(1) DEFAULT '0' COMMENT '0 1',
                              `create_by` varchar(64) DEFAULT '' COMMENT '',
                              `create_time` datetime DEFAULT NULL COMMENT '',
                              `update_by` varchar(64) DEFAULT '' COMMENT '',
                              `update_time` datetime DEFAULT NULL COMMENT '',
                              `remark` varchar(255) DEFAULT NULL COMMENT '',
                              PRIMARY KEY (`notice_id`)
) ENGINE=InnoDB AUTO_INCREMENT=3 DEFAULT CHARSET=utf8 COMMENT='';

-- ----------------------------
-- Records of sys_notice
-- ----------------------------
INSERT INTO `sys_notice` VALUES ('1', '2018-07-01 ', '2', 0xE696B0E78988E69CACE58685E5AEB9, '0', 'admin', '2022-08-25 17:40:52', '', null, '');
INSERT INTO `sys_notice` VALUES ('2', '2018-07-01 ', '1', 0xE7BBB4E68AA4E58685E5AEB9, '0', 'admin', '2022-08-25 17:40:52', '', null, '');

-- ----------------------------
-- Table structure for sys_oper_log
-- ----------------------------
DROP TABLE IF EXISTS `sys_oper_log`;
CREATE TABLE `sys_oper_log` (
                                `oper_id` bigint(20) NOT NULL AUTO_INCREMENT COMMENT '',
                                `title` varchar(50) DEFAULT '' COMMENT '',
                                `business_type` int(2) DEFAULT '0' COMMENT '0 1 2 3',
                                `method` varchar(100) DEFAULT '' COMMENT '',
                                `request_method` varchar(10) DEFAULT '' COMMENT '',
                                `operator_type` int(1) DEFAULT '0' COMMENT '0 1 2',
                                `oper_name` varchar(50) DEFAULT '' COMMENT '',
                                `dept_name` varchar(50) DEFAULT '' COMMENT '',
                                `oper_url` varchar(255) DEFAULT '' COMMENT 'URL',
                                `oper_ip` varchar(128) DEFAULT '' COMMENT '',
                                `oper_location` varchar(255) DEFAULT '' COMMENT '',
                                `oper_param` varchar(2000) DEFAULT '' COMMENT '',
                                `json_result` varchar(2000) DEFAULT '' COMMENT '',
                                `status` int(1) DEFAULT '0' COMMENT '0 1',
                                `error_msg` varchar(2000) DEFAULT '' COMMENT '',
                                `oper_time` datetime DEFAULT NULL COMMENT '',
                                PRIMARY KEY (`oper_id`)
) ENGINE=InnoDB AUTO_INCREMENT=495 DEFAULT CHARSET=utf8 COMMENT='';

-- ----------------------------
-- Records of sys_oper_log
-- ----------------------------
INSERT INTO `sys_oper_log` VALUES ('100', '', '1', 'com.ruoyi.web.controller.system.SysUserController.add()', 'POST', '1', 'admin', null, '/system/user', '127.0.0.1', 'IP', '{\"admin\":false,\"createBy\":\"admin\",\"deptId\":103,\"email\":\"13800000000@qq.com\",\"nickName\":\"\",\"params\":{},\"password\":\"$2a$10$np5bT7lPGmX5iCTL4NHu5.YrMKeys0Fyhr/Ua24CPCIGUCTubQDvu\",\"phonenumber\":\"13800000000\",\"postIds\":[4],\"remark\":\"\",\"roleIds\":[2],\"sex\":\"0\",\"status\":\"0\",\"userId\":100,\"userName\":\"xiaohei\"}', '{\"msg\":\"\",\"code\":200}', '0', null, '2022-08-26 09:09:19');
INSERT INTO `sys_oper_log` VALUES ('101', '', '2', 'com.ruoyi.web.controller.system.SysUserController.resetPwd()', 'PUT', '1', 'admin', null, '/system/user/resetPwd', '127.0.0.1', 'IP', '{\"admin\":false,\"params\":{},\"password\":\"$2a$10$P8.ooowLxIwn5IyDnOu1P.xZxKKLWdglwUbEHMOQ3DKJjYRjuprn.\",\"updateBy\":\"admin\",\"userId\":100}', '{\"msg\":\"\",\"code\":200}', '0', null, '2022-08-26 09:10:47');
INSERT INTO `sys_oper_log` VALUES ('102', '', '4', 'com.ruoyi.web.controller.system.SysUserController.insertAuthRole()', 'PUT', '1', 'admin', null, '/system/user/authRole', '127.0.0.1', 'IP', '100 []', '{\"msg\":\"\",\"code\":200}', '0', null, '2022-08-26 09:10:58');
INSERT INTO `sys_oper_log` VALUES ('103', '', '1', 'com.ruoyi.web.controller.system.SysUserController.add()', 'POST', '1', 'admin', null, '/system/user', '127.0.0.1', 'IP', '{\"admin\":false,\"deptId\":104,\"email\":\"13800000000@qq.com\",\"nickName\":\"\",\"params\":{},\"password\":\"123456\",\"phonenumber\":\"13800000000\",\"postIds\":[2],\"remark\":\"\",\"roleIds\":[2],\"sex\":\"0\",\"status\":\"0\",\"userName\":\"xiaobai\"}', '{\"msg\":\"\'xiaobai\'\",\"code\":500}', '0', null, '2022-08-26 09:12:14');
INSERT INTO `sys_oper_log` VALUES ('104', '', '1', 'com.ruoyi.web.controller.system.SysUserController.add()', 'POST', '1', 'admin', null, '/system/user', '127.0.0.1', 'IP', '{\"admin\":false,\"deptId\":104,\"email\":\"13800000000@qq.com\",\"nickName\":\"\",\"params\":{},\"password\":\"123456\",\"phonenumber\":\"13800000001\",\"postIds\":[2],\"remark\":\"\",\"roleIds\":[2],\"sex\":\"0\",\"status\":\"0\",\"userName\":\"xiaobai\"}', '{\"msg\":\"\'xiaobai\'\",\"code\":500}', '0', null, '2022-08-26 09:12:19');
INSERT INTO `sys_oper_log` VALUES ('105', '', '1', 'com.ruoyi.web.controller.system.SysUserController.add()', 'POST', '1', 'admin', null, '/system/user', '127.0.0.1', 'IP', '{\"admin\":false,\"createBy\":\"admin\",\"deptId\":104,\"email\":\"13800000001@qq.com\",\"nickName\":\"\",\"params\":{},\"password\":\"$2a$10$Bl95mhYBMoUk7OJ0OlmQsOluF.FNBCElRGCQ8I1JnTuB1Cylfunkq\",\"phonenumber\":\"13800000001\",\"postIds\":[2],\"remark\":\"\",\"roleIds\":[2],\"sex\":\"0\",\"status\":\"0\",\"userId\":101,\"userName\":\"xiaobai\"}', '{\"msg\":\"\",\"code\":200}', '0', null, '2022-08-26 09:12:24');
INSERT INTO `sys_oper_log` VALUES ('106', '', '3', 'com.ruoyi.web.controller.system.SysUserController.remove()', 'DELETE', '1', 'admin', null, '/system/user/101', '127.0.0.1', 'IP', '{userIds=101}', '{\"msg\":\"\",\"code\":200}', '0', null, '2022-08-26 09:19:39');
INSERT INTO `sys_oper_log` VALUES ('107', '', '2', 'com.ruoyi.web.controller.system.SysUserController.edit()', 'PUT', '1', 'admin', null, '/system/user', '127.0.0.1', 'IP', '{\"admin\":false,\"avatar\":\"\",\"createBy\":\"admin\",\"createTime\":\"2022-08-26 09:09:19\",\"delFlag\":\"0\",\"dept\":{\"ancestors\":\"0,100,101\",\"children\":[],\"deptId\":103,\"deptName\":\"\",\"leader\":\"\",\"orderNum\":1,\"params\":{},\"parentId\":101,\"status\":\"0\"},\"deptId\":103,\"email\":\"13800000000@qq.com\",\"loginDate\":\"2022-08-26 09:14:54\",\"loginIp\":\"127.0.0.1\",\"nickName\":\"\",\"params\":{},\"password\":\"\",\"phonenumber\":\"13800000000\",\"postIds\":[4],\"remark\":\"\",\"roleIds\":[],\"roles\":[],\"sex\":\"1\",\"status\":\"0\",\"updateBy\":\"admin\",\"userId\":100,\"userName\":\"xiaohei\"}', '{\"msg\":\"\",\"code\":200}', '0', null, '2022-08-26 09:19:59');
INSERT INTO `sys_oper_log` VALUES ('108', '', '2', 'com.ruoyi.web.controller.system.SysUserController.edit()', 'PUT', '1', 'admin', null, '/system/user', '127.0.0.1', 'IP', '{\"admin\":false,\"avatar\":\"\",\"createBy\":\"admin\",\"createTime\":\"2022-08-26 09:09:19\",\"delFlag\":\"0\",\"dept\":{\"ancestors\":\"0,100,101\",\"children\":[],\"deptId\":103,\"deptName\":\"\",\"leader\":\"\",\"orderNum\":1,\"params\":{},\"parentId\":101,\"status\":\"0\"},\"deptId\":103,\"email\":\"13800000000@qq.com\",\"loginDate\":\"2022-08-26 09:14:54\",\"loginIp\":\"127.0.0.1\",\"nickName\":\"\",\"params\":{},\"password\":\"\",\"phonenumber\":\"13800000000\",\"postIds\":[4,2],\"remark\":\"\",\"roleIds\":[],\"roles\":[],\"sex\":\"1\",\"status\":\"0\",\"updateBy\":\"admin\",\"userId\":100,\"userName\":\"xiaohei\"}', '{\"msg\":\"\",\"code\":200}', '0', null, '2022-08-26 09:20:35');
INSERT INTO `sys_oper_log` VALUES ('109', '', '5', 'com.ruoyi.web.controller.system.SysUserController.export()', 'POST', '1', 'admin', null, '/system/user/export', '127.0.0.1', 'IP', '{\"admin\":false,\"params\":{\"dataScope\":\"\"}}', null, '0', null, '2022-08-26 09:27:00');
INSERT INTO `sys_oper_log` VALUES ('110', '', '6', 'com.ruoyi.web.controller.system.SysUserController.importData()', 'POST', '1', 'admin', null, '/system/user/importData', '127.0.0.1', 'IP', 'false', '{\"msg\":\" 2 <br/>1 zhansan <br/>2 lisi \",\"code\":200}', '0', null, '2022-08-26 09:28:37');
INSERT INTO `sys_oper_log` VALUES ('111', '', '6', 'com.ruoyi.web.controller.system.SysUserController.importData()', 'POST', '1', 'admin', null, '/system/user/importData', '127.0.0.1', 'IP', 'false', null, '1', ' 2 <br/>1 zhansan <br/>2 lisi ', '2022-08-26 09:29:55');
INSERT INTO `sys_oper_log` VALUES ('112', '', '2', 'com.ruoyi.web.controller.system.SysUserController.edit()', 'PUT', '1', 'admin', null, '/system/user', '127.0.0.1', 'IP', '{\"admin\":false,\"avatar\":\"\",\"createBy\":\"admin\",\"createTime\":\"2022-08-26 09:29:55\",\"delFlag\":\"0\",\"dept\":{\"children\":[],\"deptId\":222,\"params\":{}},\"deptId\":222,\"email\":\"wangwu@qq.com\",\"loginIp\":\"\",\"nickName\":\"wangwu\",\"params\":{},\"password\":\"\",\"phonenumber\":\"13800000013\",\"postIds\":[4],\"roleIds\":[2],\"roles\":[],\"sex\":\"0\",\"status\":\"0\",\"updateBy\":\"admin\",\"userId\":1003,\"userName\":\"wangwu\"}', '{\"msg\":\"\",\"code\":200}', '0', null, '2022-08-26 09:30:39');
INSERT INTO `sys_oper_log` VALUES ('113', '', '6', 'com.ruoyi.web.controller.system.SysUserController.importData()', 'POST', '1', 'admin', null, '/system/user/importData', '127.0.0.1', 'IP', 'false', null, '1', ' 3 <br/>1 zhansan <br/>2 lisi <br/>3 wangwu ', '2022-08-26 09:39:08');
INSERT INTO `sys_oper_log` VALUES ('114', '', '2', 'com.ruoyi.web.controller.system.SysRoleController.changeStatus()', 'PUT', '1', 'admin', null, '/system/role/changeStatus', '127.0.0.1', 'IP', '{\"admin\":false,\"deptCheckStrictly\":false,\"flag\":false,\"menuCheckStrictly\":false,\"params\":{},\"roleId\":2,\"status\":\"1\",\"updateBy\":\"admin\"}', '{\"msg\":\"\",\"code\":200}', '0', null, '2022-08-26 09:43:32');
INSERT INTO `sys_oper_log` VALUES ('115', '', '2', 'com.ruoyi.web.controller.system.SysRoleController.changeStatus()', 'PUT', '1', 'admin', null, '/system/role/changeStatus', '127.0.0.1', 'IP', '{\"admin\":false,\"deptCheckStrictly\":false,\"flag\":false,\"menuCheckStrictly\":false,\"params\":{},\"roleId\":2,\"status\":\"0\",\"updateBy\":\"admin\"}', '{\"msg\":\"\",\"code\":200}', '0', null, '2022-08-26 09:43:34');
INSERT INTO `sys_oper_log` VALUES ('116', '', '5', 'com.ruoyi.web.controller.system.SysRoleController.export()', 'POST', '1', 'admin', null, '/system/role/export', '127.0.0.1', 'IP', '{\"admin\":false,\"deptCheckStrictly\":false,\"flag\":false,\"menuCheckStrictly\":false,\"params\":{\"dataScope\":\"\"}}', null, '0', null, '2022-08-26 09:43:53');
INSERT INTO `sys_oper_log` VALUES ('117', '', '5', 'com.ruoyi.web.controller.system.SysRoleController.export()', 'POST', '1', 'admin', null, '/system/role/export', '127.0.0.1', 'IP', '{\"admin\":false,\"deptCheckStrictly\":false,\"flag\":false,\"menuCheckStrictly\":false,\"params\":{\"dataScope\":\"\"}}', null, '0', null, '2022-08-26 09:43:54');
INSERT INTO `sys_oper_log` VALUES ('118', '', '5', 'com.ruoyi.web.controller.system.SysRoleController.export()', 'POST', '1', 'admin', null, '/system/role/export', '127.0.0.1', 'IP', '{\"admin\":false,\"deptCheckStrictly\":false,\"flag\":false,\"menuCheckStrictly\":false,\"params\":{\"dataScope\":\"\"}}', null, '0', null, '2022-08-26 09:44:06');
INSERT INTO `sys_oper_log` VALUES ('119', '', '4', 'com.ruoyi.web.controller.system.SysUserController.insertAuthRole()', 'PUT', '1', 'admin', null, '/system/user/authRole', '127.0.0.1', 'IP', '1007 [2]', '{\"msg\":\"\",\"code\":200}', '0', null, '2022-08-26 10:06:59');
INSERT INTO `sys_oper_log` VALUES ('120', '', '1', 'com.ruoyi.web.controller.system.SysRoleController.add()', 'POST', '1', 'admin', null, '/system/role', '127.0.0.1', 'IP', '{\"admin\":false,\"createBy\":\"admin\",\"deptCheckStrictly\":true,\"deptIds\":[],\"flag\":false,\"menuCheckStrictly\":true,\"menuIds\":[1,100,1000,1001,1002,1003,1004,1005,1006,101,1007,1008,1009,1010,1011,102,1012,1013,1014,1015,103,1016,1017,1018,1019,104,1020,1021,1022,1023,1024,105,1025,1026,1027,1028,1029,106,1030,1031,1032,1033,1034,107,1035,1036,1037,1038,108,500,1039,1040,1041,501,1042,1043,1044],\"params\":{},\"remark\":\"001\",\"roleId\":100,\"roleKey\":\"pm\",\"roleName\":\"\",\"roleSort\":\"3\",\"status\":\"0\"}', '{\"msg\":\"\",\"code\":200}', '0', null, '2022-08-26 10:09:31');
INSERT INTO `sys_oper_log` VALUES ('121', '', '1', 'com.ruoyi.web.controller.system.SysRoleController.add()', 'POST', '1', 'admin', null, '/system/role', '127.0.0.1', 'IP', '{\"admin\":false,\"createBy\":\"admin\",\"deptCheckStrictly\":true,\"deptIds\":[],\"flag\":false,\"menuCheckStrictly\":true,\"menuIds\":[1,100,1000,1001,1002,1003,1004,1005,1006,101,1007,1008,1009,1010,1011,102,1012,1013,1014,1015,103,1016,1017,1018,1019,104,1020,1021,1022,1023,1024,105,1025,1026,1027,1028,1029,106,1030,1031,1032,1033,1034,107,1035,1036,1037,1038,108,500,1039,1040,1041,501,1042,1043,1044,2,109,1045,1046,1047,110,1048,1049,1050,1051,1052,1053,111,112,113,114,3,115,1054,1055,1057,1056,1058,1059,116,117,4],\"params\":{},\"remark\":\"002\",\"roleId\":101,\"roleKey\":\"dev\",\"roleName\":\"dev\",\"roleSort\":\"4\",\"status\":\"0\"}', '{\"msg\":\"\",\"code\":200}', '0', null, '2022-08-26 10:10:17');
INSERT INTO `sys_oper_log` VALUES ('122', '', '3', 'com.ruoyi.web.controller.system.SysRoleController.remove()', 'DELETE', '1', 'admin', null, '/system/role/101', '127.0.0.1', 'IP', '{roleIds=101}', '{\"msg\":\"\",\"code\":200}', '0', null, '2022-08-26 10:10:27');
INSERT INTO `sys_oper_log` VALUES ('123', '', '2', 'com.ruoyi.web.controller.system.SysRoleController.edit()', 'PUT', '1', 'admin', null, '/system/role', '127.0.0.1', 'IP', '{\"admin\":false,\"createTime\":\"2022-08-26 10:09:31\",\"dataScope\":\"1\",\"delFlag\":\"0\",\"deptCheckStrictly\":true,\"flag\":false,\"menuCheckStrictly\":true,\"menuIds\":[1,100,1000,1001,1002,1003,1004,1005,1006,101,1007,1008,1009,1010,1011,102,1012,1013,1014,1015,104,1020,1021,1022,1023,1024,105,1025,1026,1027,1028,1029,106,1030,1031,1032,1033,1034,107,1035,1036,1037,1038,108,500,1039,1040,1041,501,1042,1043,1044],\"params\":{},\"remark\":\"001\",\"roleId\":100,\"roleKey\":\"pm\",\"roleName\":\"\",\"roleSort\":\"3\",\"status\":\"0\",\"updateBy\":\"admin\"}', '{\"msg\":\"\",\"code\":200}', '0', null, '2022-08-26 10:10:45');
INSERT INTO `sys_oper_log` VALUES ('124', '', '1', 'com.ruoyi.web.controller.system.SysMenuController.add()', 'POST', '1', 'admin', null, '/system/menu', '127.0.0.1', 'IP', '{\"children\":[],\"createBy\":\"admin\",\"icon\":\"guide\",\"isCache\":\"0\",\"isFrame\":\"1\",\"menuName\":\"005\",\"menuType\":\"M\",\"orderNum\":10,\"params\":{},\"parentId\":1,\"path\":\"test001\",\"status\":\"0\",\"visible\":\"0\"}', '{\"msg\":\"\",\"code\":200}', '0', null, '2022-08-26 10:21:00');
INSERT INTO `sys_oper_log` VALUES ('125', '', '1', 'com.ruoyi.web.controller.system.SysMenuController.add()', 'POST', '1', 'admin', null, '/system/menu', '127.0.0.1', 'IP', '{\"children\":[],\"createBy\":\"admin\",\"icon\":\"form\",\"isCache\":\"0\",\"isFrame\":\"1\",\"menuName\":\"002\",\"menuType\":\"M\",\"orderNum\":2,\"params\":{},\"parentId\":1,\"path\":\"test002\",\"status\":\"0\",\"visible\":\"0\"}', '{\"msg\":\"\",\"code\":200}', '0', null, '2022-08-26 10:21:43');
INSERT INTO `sys_oper_log` VALUES ('126', '', '1', 'com.ruoyi.web.controller.system.SysMenuController.add()', 'POST', '1', 'admin', null, '/system/menu', '127.0.0.1', 'IP', '{\"children\":[],\"createBy\":\"admin\",\"icon\":\"color\",\"isCache\":\"0\",\"isFrame\":\"1\",\"menuName\":\"\",\"menuType\":\"M\",\"orderNum\":1,\"params\":{},\"parentId\":2001,\"path\":\"test002/test\",\"status\":\"0\",\"visible\":\"0\"}', '{\"msg\":\"\",\"code\":200}', '0', null, '2022-08-26 10:22:32');
INSERT INTO `sys_oper_log` VALUES ('127', '', '1', 'com.ruoyi.web.controller.system.SysMenuController.add()', 'POST', '1', 'admin', null, '/system/menu', '127.0.0.1', 'IP', '{\"children\":[],\"component\":\"test005/user\",\"createBy\":\"admin\",\"icon\":\"button\",\"isCache\":\"0\",\"isFrame\":\"1\",\"menuName\":\"\",\"menuType\":\"C\",\"orderNum\":1,\"params\":{},\"parentId\":2000,\"path\":\"test005/user\",\"perms\":\"test005:user\",\"status\":\"0\",\"visible\":\"0\"}', '{\"msg\":\"\",\"code\":200}', '0', null, '2022-08-26 10:23:41');
INSERT INTO `sys_oper_log` VALUES ('128', '', '2', 'com.ruoyi.web.controller.system.SysMenuController.edit()', 'PUT', '1', 'admin', null, '/system/menu', '127.0.0.1', 'IP', '{\"children\":[],\"component\":\"test005/user\",\"createTime\":\"2022-08-26 10:23:41\",\"icon\":\"button\",\"isCache\":\"0\",\"isFrame\":\"1\",\"menuId\":2003,\"menuName\":\"\",\"menuType\":\"C\",\"orderNum\":1,\"params\":{},\"parentId\":2000,\"path\":\"test005/user\",\"perms\":\"test005:user\",\"status\":\"1\",\"updateBy\":\"admin\",\"visible\":\"0\"}', '{\"msg\":\"\",\"code\":200}', '0', null, '2022-08-26 10:23:54');
INSERT INTO `sys_oper_log` VALUES ('129', '', '3', 'com.ruoyi.web.controller.system.SysMenuController.remove()', 'DELETE', '1', 'admin', null, '/system/menu/2003', '127.0.0.1', 'IP', '{menuId=2003}', '{\"msg\":\"\",\"code\":200}', '0', null, '2022-08-26 10:23:57');
INSERT INTO `sys_oper_log` VALUES ('130', '', '3', 'com.ruoyi.web.controller.system.SysMenuController.remove()', 'DELETE', '1', 'admin', null, '/system/menu/2000', '127.0.0.1', 'IP', '{menuId=2000}', '{\"msg\":\"\",\"code\":200}', '0', null, '2022-08-26 10:24:00');
INSERT INTO `sys_oper_log` VALUES ('131', '', '1', 'com.ruoyi.web.controller.system.SysMenuController.add()', 'POST', '1', 'admin', null, '/system/menu', '127.0.0.1', 'IP', '{\"children\":[],\"createBy\":\"admin\",\"icon\":\"button\",\"isCache\":\"0\",\"isFrame\":\"1\",\"menuName\":\"\",\"menuType\":\"F\",\"orderNum\":1,\"params\":{},\"parentId\":2002,\"perms\":\"user:add\",\"status\":\"0\",\"visible\":\"0\"}', '{\"msg\":\"\",\"code\":200}', '0', null, '2022-08-26 10:24:40');
INSERT INTO `sys_oper_log` VALUES ('132', '', '1', 'com.ruoyi.web.controller.system.SysMenuController.add()', 'POST', '1', 'admin', null, '/system/menu', '127.0.0.1', 'IP', '{\"children\":[],\"component\":\"user/update\",\"createBy\":\"admin\",\"icon\":\"cascader\",\"isCache\":\"0\",\"isFrame\":\"1\",\"menuName\":\"\",\"menuType\":\"C\",\"orderNum\":1,\"params\":{},\"parentId\":2002,\"path\":\"test005/update\",\"perms\":\"user:update\",\"status\":\"0\",\"visible\":\"0\"}', '{\"msg\":\"\",\"code\":200}', '0', null, '2022-08-26 10:25:46');
INSERT INTO `sys_oper_log` VALUES ('133', '', '2', 'com.ruoyi.web.controller.system.SysMenuController.edit()', 'PUT', '1', 'admin', null, '/system/menu', '127.0.0.1', 'IP', '{\"children\":[],\"component\":\"user/update\",\"createTime\":\"2022-08-26 10:25:46\",\"icon\":\"cascader\",\"isCache\":\"0\",\"isFrame\":\"1\",\"menuId\":2005,\"menuName\":\"\",\"menuType\":\"C\",\"orderNum\":1,\"params\":{},\"parentId\":2002,\"path\":\"test005/update\",\"perms\":\"user:update\",\"status\":\"1\",\"updateBy\":\"admin\",\"visible\":\"0\"}', '{\"msg\":\"\",\"code\":200}', '0', null, '2022-08-26 10:26:00');
INSERT INTO `sys_oper_log` VALUES ('134', '', '2', 'com.ruoyi.web.controller.system.SysMenuController.edit()', 'PUT', '1', 'admin', null, '/system/menu', '127.0.0.1', 'IP', '{\"children\":[],\"createTime\":\"2022-08-26 10:22:32\",\"icon\":\"color\",\"isCache\":\"0\",\"isFrame\":\"1\",\"menuId\":2002,\"menuName\":\"\",\"menuType\":\"M\",\"orderNum\":1,\"params\":{},\"parentId\":2001,\"path\":\"test002/test\",\"perms\":\"\",\"status\":\"0\",\"updateBy\":\"admin\",\"visible\":\"1\"}', '{\"msg\":\"\",\"code\":200}', '0', null, '2022-08-26 10:26:19');
INSERT INTO `sys_oper_log` VALUES ('135', '', '2', 'com.ruoyi.web.controller.system.SysMenuController.edit()', 'PUT', '1', 'admin', null, '/system/menu', '127.0.0.1', 'IP', '{\"children\":[],\"createTime\":\"2022-08-26 10:22:32\",\"icon\":\"color\",\"isCache\":\"0\",\"isFrame\":\"1\",\"menuId\":2002,\"menuName\":\"\",\"menuType\":\"M\",\"orderNum\":1,\"params\":{},\"parentId\":2001,\"path\":\"test002/test\",\"perms\":\"\",\"status\":\"0\",\"updateBy\":\"admin\",\"visible\":\"0\"}', '{\"msg\":\"\",\"code\":200}', '0', null, '2022-08-26 10:26:27');
INSERT INTO `sys_oper_log` VALUES ('136', '', '2', 'com.ruoyi.web.controller.system.SysMenuController.edit()', 'PUT', '1', 'admin', null, '/system/menu', '127.0.0.1', 'IP', '{\"children\":[],\"component\":\"user/update\",\"createTime\":\"2022-08-26 10:25:46\",\"icon\":\"cascader\",\"isCache\":\"0\",\"isFrame\":\"1\",\"menuId\":2005,\"menuName\":\"\",\"menuType\":\"C\",\"orderNum\":1,\"params\":{},\"parentId\":2002,\"path\":\"test005/update\",\"perms\":\"user:update\",\"status\":\"1\",\"updateBy\":\"admin\",\"visible\":\"1\"}', '{\"msg\":\"\",\"code\":200}', '0', null, '2022-08-26 10:26:35');
INSERT INTO `sys_oper_log` VALUES ('137', '', '2', 'com.ruoyi.web.controller.system.SysMenuController.edit()', 'PUT', '1', 'admin', null, '/system/menu', '127.0.0.1', 'IP', '{\"children\":[],\"component\":\"user/update\",\"createTime\":\"2022-08-26 10:25:46\",\"icon\":\"cascader\",\"isCache\":\"0\",\"isFrame\":\"1\",\"menuId\":2005,\"menuName\":\"\",\"menuType\":\"C\",\"orderNum\":1,\"params\":{},\"parentId\":2002,\"path\":\"test005/update\",\"perms\":\"user:update\",\"status\":\"1\",\"updateBy\":\"admin\",\"visible\":\"0\"}', '{\"msg\":\"\",\"code\":200}', '0', null, '2022-08-26 10:26:40');
INSERT INTO `sys_oper_log` VALUES ('138', '', '1', 'com.ruoyi.web.controller.system.SysMenuController.add()', 'POST', '1', 'admin', null, '/system/menu', '127.0.0.1', 'IP', '{\"children\":[],\"createBy\":\"admin\",\"icon\":\"component\",\"isCache\":\"0\",\"isFrame\":\"1\",\"menuName\":\"006\",\"menuType\":\"M\",\"orderNum\":1,\"params\":{},\"parentId\":2002,\"path\":\"test006\",\"status\":\"0\",\"visible\":\"1\"}', '{\"msg\":\"\",\"code\":200}', '0', null, '2022-08-26 10:27:13');
INSERT INTO `sys_oper_log` VALUES ('139', '', '2', 'com.ruoyi.web.controller.system.SysDeptController.edit()', 'PUT', '1', 'admin', null, '/system/dept', '127.0.0.1', 'IP', '{\"ancestors\":\"0,100,101\",\"children\":[],\"createBy\":\"admin\",\"createTime\":\"2022-08-25 17:40:52\",\"delFlag\":\"0\",\"deptId\":105,\"deptName\":\"\",\"email\":\"ry@qq.com\",\"leader\":\"\",\"orderNum\":3,\"params\":{},\"parentId\":101,\"phone\":\"15888888888\",\"status\":\"1\",\"updateBy\":\"admin\"}', '{\"msg\":\"\",\"code\":200}', '0', null, '2022-08-26 10:31:16');
INSERT INTO `sys_oper_log` VALUES ('140', '', '1', 'com.ruoyi.web.controller.system.SysDeptController.add()', 'POST', '1', 'admin', null, '/system/dept', '127.0.0.1', 'IP', '{\"ancestors\":\"0,100\",\"children\":[],\"createBy\":\"admin\",\"deptName\":\"\",\"email\":\"13888880000@163.com\",\"leader\":\"\",\"orderNum\":3,\"params\":{},\"parentId\":100,\"phone\":\"13888880000\",\"status\":\"0\"}', '{\"msg\":\"\",\"code\":200}', '0', null, '2022-08-26 10:32:37');
INSERT INTO `sys_oper_log` VALUES ('141', '', '1', 'com.ruoyi.web.controller.system.SysDeptController.add()', 'POST', '1', 'admin', null, '/system/dept', '127.0.0.1', 'IP', '{\"ancestors\":\"0,100,200\",\"children\":[],\"createBy\":\"admin\",\"deptName\":\"\",\"email\":\"13822220000@wolfcode.com\",\"leader\":\"\",\"orderNum\":1,\"params\":{},\"parentId\":200,\"phone\":\"13822220000\",\"status\":\"0\"}', '{\"msg\":\"\",\"code\":200}', '0', null, '2022-08-26 10:33:35');
INSERT INTO `sys_oper_log` VALUES ('142', '', '1', 'com.ruoyi.web.controller.system.SysDeptController.add()', 'POST', '1', 'admin', null, '/system/dept', '127.0.0.1', 'IP', '{\"ancestors\":\"0,100,200\",\"children\":[],\"createBy\":\"admin\",\"deptName\":\"\",\"email\":\"13822221111@wolfcode.com\",\"leader\":\"\",\"orderNum\":2,\"params\":{},\"parentId\":200,\"phone\":\"13822221111\",\"status\":\"0\"}', '{\"msg\":\"\",\"code\":200}', '0', null, '2022-08-26 10:34:19');
INSERT INTO `sys_oper_log` VALUES ('143', '', '2', 'com.ruoyi.web.controller.system.SysDeptController.edit()', 'PUT', '1', 'admin', null, '/system/dept', '127.0.0.1', 'IP', '{\"ancestors\":\"0,100,200\",\"children\":[],\"createBy\":\"admin\",\"createTime\":\"2022-08-26 10:33:35\",\"delFlag\":\"0\",\"deptId\":201,\"deptName\":\"\",\"email\":\"13822220000@wolfcode.com\",\"leader\":\"\",\"orderNum\":1,\"params\":{},\"parentId\":200,\"phone\":\"13822220002\",\"status\":\"0\",\"updateBy\":\"admin\"}', '{\"msg\":\"\",\"code\":200}', '0', null, '2022-08-26 10:34:35');
INSERT INTO `sys_oper_log` VALUES ('144', '', '1', 'com.ruoyi.web.controller.system.SysDeptController.add()', 'POST', '1', 'admin', null, '/system/dept', '127.0.0.1', 'IP', '{\"ancestors\":\"0,100,200\",\"children\":[],\"createBy\":\"admin\",\"deptName\":\"\",\"email\":\"13800002222@wolfcode.com\",\"leader\":\"\",\"orderNum\":3,\"params\":{},\"parentId\":200,\"phone\":\"13800002222\",\"status\":\"0\"}', '{\"msg\":\"\",\"code\":200}', '0', null, '2022-08-26 10:35:05');
INSERT INTO `sys_oper_log` VALUES ('145', '', '2', 'com.ruoyi.web.controller.system.SysDeptController.edit()', 'PUT', '1', 'admin', null, '/system/dept', '127.0.0.1', 'IP', '{\"ancestors\":\"0,100,200\",\"children\":[],\"createBy\":\"admin\",\"createTime\":\"2022-08-26 10:35:05\",\"delFlag\":\"0\",\"deptId\":203,\"deptName\":\"\",\"email\":\"13800002222@wolfcode.com\",\"leader\":\"\",\"orderNum\":3,\"params\":{},\"parentId\":200,\"phone\":\"13800002222\",\"status\":\"1\",\"updateBy\":\"admin\"}', '{\"msg\":\"\",\"code\":200}', '0', null, '2022-08-26 10:35:17');
INSERT INTO `sys_oper_log` VALUES ('146', '', '1', 'com.ruoyi.web.controller.system.SysDeptController.add()', 'POST', '1', 'admin', null, '/system/dept', '127.0.0.1', 'IP', '{\"ancestors\":\"0,100,200\",\"children\":[],\"createBy\":\"admin\",\"deptName\":\"test\",\"email\":\"15918471333@wolfcode.com\",\"leader\":\"11\",\"orderNum\":4,\"params\":{},\"parentId\":200,\"phone\":\"15918471333\",\"status\":\"0\"}', '{\"msg\":\"\",\"code\":200}', '0', null, '2022-08-26 10:35:53');
INSERT INTO `sys_oper_log` VALUES ('147', '', '3', 'com.ruoyi.web.controller.system.SysDeptController.remove()', 'DELETE', '1', 'admin', null, '/system/dept/204', '127.0.0.1', 'IP', '{deptId=204}', '{\"msg\":\"\",\"code\":200}', '0', null, '2022-08-26 10:46:44');
INSERT INTO `sys_oper_log` VALUES ('148', '', '5', 'com.ruoyi.web.controller.system.SysPostController.export()', 'POST', '1', 'admin', null, '/system/post/export', '127.0.0.1', 'IP', '{\"flag\":false,\"params\":{}}', null, '0', null, '2022-08-26 10:49:07');
INSERT INTO `sys_oper_log` VALUES ('149', '', '5', 'com.ruoyi.web.controller.system.SysPostController.export()', 'POST', '1', 'admin', null, '/system/post/export', '127.0.0.1', 'IP', '{\"flag\":false,\"params\":{}}', null, '0', null, '2022-08-26 10:49:22');
INSERT INTO `sys_oper_log` VALUES ('150', '', '5', 'com.ruoyi.web.controller.system.SysPostController.export()', 'POST', '1', 'admin', null, '/system/post/export', '127.0.0.1', 'IP', '{\"flag\":false,\"params\":{}}', null, '0', null, '2022-08-26 10:49:24');
INSERT INTO `sys_oper_log` VALUES ('151', '', '5', 'com.ruoyi.web.controller.system.SysPostController.export()', 'POST', '1', 'admin', null, '/system/post/export', '127.0.0.1', 'IP', '{\"flag\":false,\"params\":{}}', null, '0', null, '2022-08-26 10:49:25');
INSERT INTO `sys_oper_log` VALUES ('152', '', '5', 'com.ruoyi.web.controller.system.SysPostController.export()', 'POST', '1', 'admin', null, '/system/post/export', '127.0.0.1', 'IP', '{\"flag\":false,\"params\":{}}', null, '0', null, '2022-08-26 10:49:26');
INSERT INTO `sys_oper_log` VALUES ('153', '', '5', 'com.ruoyi.web.controller.system.SysPostController.export()', 'POST', '1', 'admin', null, '/system/post/export', '127.0.0.1', 'IP', '{\"flag\":false,\"params\":{}}', null, '0', null, '2022-08-26 10:49:28');
INSERT INTO `sys_oper_log` VALUES ('154', '', '5', 'com.ruoyi.web.controller.system.SysDictTypeController.export()', 'POST', '1', 'admin', null, '/system/dict/type/export', '127.0.0.1', 'IP', '{\"params\":{}}', null, '0', null, '2022-08-26 10:50:52');
INSERT INTO `sys_oper_log` VALUES ('155', '', '2', 'com.ruoyi.web.controller.system.SysConfigController.edit()', 'PUT', '1', 'admin', null, '/system/config', '127.0.0.1', 'IP', '{\"configId\":1,\"configKey\":\"sys.index.skinName\",\"configName\":\"-\",\"configType\":\"Y\",\"configValue\":\"skin-yellow\",\"createBy\":\"admin\",\"createTime\":\"2022-08-25 17:40:52\",\"params\":{},\"remark\":\" skin-blue skin-green skin-purple skin-red skin-yellow\",\"updateBy\":\"admin\"}', '{\"msg\":\"\",\"code\":200}', '0', null, '2022-08-26 10:52:12');
INSERT INTO `sys_oper_log` VALUES ('156', '', '2', 'com.ruoyi.web.controller.system.SysConfigController.edit()', 'PUT', '1', 'admin', null, '/system/config', '127.0.0.1', 'IP', '{\"configId\":1,\"configKey\":\"sys.index.skinName\",\"configName\":\"-\",\"configType\":\"Y\",\"configValue\":\"skin-blue\",\"createBy\":\"admin\",\"createTime\":\"2022-08-25 17:40:52\",\"params\":{},\"remark\":\" skin-blue skin-green skin-purple skin-red skin-yellow\",\"updateBy\":\"admin\",\"updateTime\":\"2022-08-26 10:52:12\"}', '{\"msg\":\"\",\"code\":200}', '0', null, '2022-08-26 10:52:26');
INSERT INTO `sys_oper_log` VALUES ('157', '', '2', 'com.ruoyi.web.controller.system.SysUserController.edit()', 'PUT', '1', 'admin', null, '/system/user', '127.0.0.1', 'IP', '{\"admin\":false,\"avatar\":\"\",\"createBy\":\"admin\",\"createTime\":\"2022-08-26 09:39:00\",\"delFlag\":\"0\",\"dept\":{\"children\":[],\"deptId\":223,\"params\":{}},\"deptId\":223,\"email\":\"\",\"loginIp\":\"\",\"nickName\":\"wangwu1\",\"params\":{},\"password\":\"\",\"phonenumber\":\"13800000014\",\"postIds\":[4],\"roleIds\":[2],\"roles\":[],\"sex\":\"0\",\"status\":\"0\",\"updateBy\":\"admin\",\"userId\":1004,\"userName\":\"wangwu1\"}', '{\"msg\":\"\",\"code\":200}', '0', null, '2022-08-26 15:15:08');
INSERT INTO `sys_oper_log` VALUES ('158', '', '5', 'com.ruoyi.web.controller.system.SysRoleController.export()', 'POST', '1', 'admin', null, '/system/role/export', '127.0.0.1', 'IP', '{\"admin\":false,\"deptCheckStrictly\":false,\"flag\":false,\"menuCheckStrictly\":false,\"params\":{\"dataScope\":\"\"}}', null, '0', null, '2022-08-26 15:19:21');
INSERT INTO `sys_oper_log` VALUES ('159', '', '5', 'com.ruoyi.web.controller.system.SysRoleController.export()', 'POST', '1', 'admin', null, '/system/role/export', '127.0.0.1', 'IP', '{\"admin\":false,\"deptCheckStrictly\":false,\"flag\":false,\"menuCheckStrictly\":false,\"params\":{\"dataScope\":\"\"}}', null, '0', null, '2022-08-26 15:19:22');
INSERT INTO `sys_oper_log` VALUES ('160', '', '5', 'com.ruoyi.web.controller.system.SysRoleController.export()', 'POST', '1', 'admin', null, '/system/role/export', '127.0.0.1', 'IP', '{\"admin\":false,\"deptCheckStrictly\":false,\"flag\":false,\"menuCheckStrictly\":false,\"params\":{\"dataScope\":\"\"}}', null, '0', null, '2022-08-26 15:19:42');
INSERT INTO `sys_oper_log` VALUES ('161', '', '1', 'com.ruoyi.web.controller.system.SysUserController.add()', 'POST', '1', 'admin', null, '/system/user', '127.0.0.1', 'IP', '{\"admin\":false,\"deptId\":100,\"nickName\":\"\",\"params\":{},\"password\":\"123456\",\"phonenumber\":\"18000000001\",\"postIds\":[],\"roleIds\":[],\"status\":\"0\",\"userName\":\"admin\"}', '{\"msg\":\"\'admin\'\",\"code\":500}', '0', null, '2022-08-26 16:04:34');
INSERT INTO `sys_oper_log` VALUES ('162', '', '1', 'com.ruoyi.web.controller.system.SysUserController.add()', 'POST', '1', 'admin', null, '/system/user', '127.0.0.1', 'IP', '{\"admin\":false,\"deptId\":100,\"nickName\":\"\",\"params\":{},\"password\":\"123456\",\"phonenumber\":\"18000000001\",\"postIds\":[],\"roleIds\":[],\"status\":\"0\",\"userName\":\"admin\"}', '{\"msg\":\"\'admin\'\",\"code\":500}', '0', null, '2022-08-26 16:04:35');
INSERT INTO `sys_oper_log` VALUES ('163', '', '1', 'com.ruoyi.web.controller.system.SysUserController.add()', 'POST', '1', 'admin', null, '/system/user', '127.0.0.1', 'IP', '{\"admin\":false,\"deptId\":100,\"nickName\":\"\",\"params\":{},\"password\":\"123456\",\"phonenumber\":\"18000000001\",\"postIds\":[],\"roleIds\":[],\"status\":\"0\",\"userName\":\"admin\"}', '{\"msg\":\"\'admin\'\",\"code\":500}', '0', null, '2022-08-26 16:04:36');
INSERT INTO `sys_oper_log` VALUES ('164', '', '1', 'com.ruoyi.web.controller.system.SysUserController.add()', 'POST', '1', 'admin', null, '/system/user', '127.0.0.1', 'IP', '{\"admin\":false,\"deptId\":100,\"nickName\":\"\",\"params\":{},\"password\":\"123456\",\"phonenumber\":\"18000000001\",\"postIds\":[],\"roleIds\":[],\"status\":\"0\",\"userName\":\"admin\"}', '{\"msg\":\"\'admin\'\",\"code\":500}', '0', null, '2022-08-26 16:04:42');
INSERT INTO `sys_oper_log` VALUES ('165', '', '1', 'com.ruoyi.web.controller.system.SysUserController.add()', 'POST', '1', 'admin', null, '/system/user', '127.0.0.1', 'IP', '{\"admin\":false,\"deptId\":100,\"nickName\":\"\",\"params\":{},\"password\":\"123456\",\"phonenumber\":\"18000000001\",\"postIds\":[],\"roleIds\":[],\"status\":\"0\",\"userName\":\"admin\"}', '{\"msg\":\"\'admin\'\",\"code\":500}', '0', null, '2022-08-26 16:04:44');
INSERT INTO `sys_oper_log` VALUES ('166', '', '1', 'com.ruoyi.web.controller.system.SysUserController.add()', 'POST', '1', 'admin', null, '/system/user', '127.0.0.1', 'IP', '{\"admin\":false,\"deptId\":100,\"nickName\":\"\",\"params\":{},\"password\":\"123456\",\"phonenumber\":\"18000000001\",\"postIds\":[],\"roleIds\":[],\"status\":\"0\",\"userName\":\"admin\"}', '{\"msg\":\"\'admin\'\",\"code\":500}', '0', null, '2022-08-26 16:05:13');
INSERT INTO `sys_oper_log` VALUES ('167', '', '1', 'com.ruoyi.web.controller.system.SysUserController.add()', 'POST', '1', 'admin', null, '/system/user', '127.0.0.1', 'IP', '{\"admin\":false,\"deptId\":100,\"nickName\":\"\",\"params\":{},\"password\":\"123456\",\"phonenumber\":\"18000000001\",\"postIds\":[],\"roleIds\":[],\"status\":\"0\",\"userName\":\"admin\"}', '{\"msg\":\"\'admin\'\",\"code\":500}', '0', null, '2022-08-26 16:05:15');
INSERT INTO `sys_oper_log` VALUES ('168', '', '5', 'com.ruoyi.web.controller.system.SysUserController.export()', 'POST', '1', 'admin', null, '/system/user/export', '127.0.0.1', 'IP', '{\"admin\":false,\"params\":{\"dataScope\":\"\"}}', null, '0', null, '2022-08-26 16:05:36');
INSERT INTO `sys_oper_log` VALUES ('169', '', '5', 'com.ruoyi.web.controller.system.SysUserController.export()', 'POST', '1', 'admin', null, '/system/user/export', '127.0.0.1', 'IP', '{\"admin\":false,\"params\":{\"dataScope\":\"\"}}', null, '0', null, '2022-08-26 16:05:39');
INSERT INTO `sys_oper_log` VALUES ('170', '', '5', 'com.ruoyi.web.controller.system.SysRoleController.export()', 'POST', '1', 'admin', null, '/system/role/export', '127.0.0.1', 'IP', '{\"admin\":false,\"deptCheckStrictly\":false,\"flag\":false,\"menuCheckStrictly\":false,\"params\":{\"dataScope\":\"\"}}', null, '0', null, '2022-08-26 16:05:51');
INSERT INTO `sys_oper_log` VALUES ('171', '', '5', 'com.ruoyi.web.controller.system.SysRoleController.export()', 'POST', '1', 'admin', null, '/system/role/export', '127.0.0.1', 'IP', '{\"admin\":false,\"deptCheckStrictly\":false,\"flag\":false,\"menuCheckStrictly\":false,\"params\":{\"dataScope\":\"\"}}', null, '0', null, '2022-08-26 16:06:21');
INSERT INTO `sys_oper_log` VALUES ('172', '', '5', 'com.ruoyi.web.controller.system.SysRoleController.export()', 'POST', '1', 'admin', null, '/system/role/export', '127.0.0.1', 'IP', '{\"admin\":false,\"deptCheckStrictly\":false,\"flag\":false,\"menuCheckStrictly\":false,\"params\":{\"dataScope\":\"\"}}', null, '0', null, '2022-08-26 16:06:22');
INSERT INTO `sys_oper_log` VALUES ('173', '', '5', 'com.ruoyi.web.controller.system.SysRoleController.export()', 'POST', '1', 'admin', null, '/system/role/export', '127.0.0.1', 'IP', '{\"admin\":false,\"deptCheckStrictly\":false,\"flag\":false,\"menuCheckStrictly\":false,\"params\":{\"dataScope\":\"\"}}', null, '0', null, '2022-08-26 16:06:23');
INSERT INTO `sys_oper_log` VALUES ('174', '', '2', 'com.ruoyi.system.controller.CarTypeController.edit()', 'PUT', '1', 'admin', null, '/system/type', '127.0.0.1', 'IP', '{\"carName\":\"\",\"carSeries\":\"E1\",\"id\":7,\"image\":\"/profile/upload/2022/08/27/car-model_20220827143350A001.png\",\"params\":{},\"price\":88.87}', '{\"msg\":\"\",\"code\":200}', '0', null, '2022-08-27 14:33:51');
INSERT INTO `sys_oper_log` VALUES ('175', '', '2', 'com.ruoyi.system.controller.CarTypeController.edit()', 'PUT', '1', 'admin', null, '/system/type', '127.0.0.1', 'IP', '{\"carName\":\"\",\"carSeries\":\"E1\",\"id\":7,\"image\":\"/profile/upload/2022/08/27/car-model_20220827143602A002.png\",\"params\":{},\"price\":88.87}', '{\"msg\":\"\",\"code\":200}', '0', null, '2022-08-27 14:36:04');
INSERT INTO `sys_oper_log` VALUES ('176', '', '2', 'com.ruoyi.system.controller.CarTypeController.edit()', 'PUT', '1', 'admin', null, '/system/type', '127.0.0.1', 'IP', '{\"carName\":\"\",\"carSeries\":\"E2\",\"id\":8,\"image\":\"/profile/upload/2022/08/27/car-model_20220827143610A003.png\",\"params\":{},\"price\":88.88}', '{\"msg\":\"\",\"code\":200}', '0', null, '2022-08-27 14:36:12');
INSERT INTO `sys_oper_log` VALUES ('177', '', '2', 'com.ruoyi.system.controller.CarTypeController.edit()', 'PUT', '1', 'admin', null, '/system/type', '127.0.0.1', 'IP', '{\"carName\":\"\",\"carSeries\":\"E3\",\"id\":9,\"image\":\"/profile/upload/2022/08/27/car-model_20220827143617A004.png\",\"params\":{},\"price\":88.89}', '{\"msg\":\"\",\"code\":200}', '0', null, '2022-08-27 14:36:18');
INSERT INTO `sys_oper_log` VALUES ('178', '', '2', 'com.ruoyi.system.controller.CarTypeController.edit()', 'PUT', '1', 'admin', null, '/system/type', '127.0.0.1', 'IP', '{\"carName\":\"SUV\",\"carSeries\":\"ESUV1\",\"id\":10,\"image\":\"/profile/upload/2022/08/27/car-model_20220827143624A005.png\",\"params\":{},\"price\":88.88}', '{\"msg\":\"\",\"code\":200}', '0', null, '2022-08-27 14:36:25');
INSERT INTO `sys_oper_log` VALUES ('179', '', '2', 'com.ruoyi.system.controller.CarTypeController.edit()', 'PUT', '1', 'admin', null, '/system/type', '127.0.0.1', 'IP', '{\"carName\":\"SUV\",\"carSeries\":\"ESUV2\",\"id\":11,\"image\":\"/profile/upload/2022/08/27/car-model_20220827143632A006.png\",\"params\":{},\"price\":88.88}', '{\"msg\":\"\",\"code\":200}', '0', null, '2022-08-27 14:36:33');
INSERT INTO `sys_oper_log` VALUES ('180', '', '2', 'com.ruoyi.system.controller.CarTypeController.edit()', 'PUT', '1', 'admin', null, '/system/type', '127.0.0.1', 'IP', '{\"carName\":\"&\",\"carSeries\":\"1\",\"id\":12,\"image\":\"/profile/upload/2022/08/27/car-model_20220827143638A007.png\",\"params\":{},\"price\":88.88}', '{\"msg\":\"\",\"code\":200}', '0', null, '2022-08-27 14:36:40');
INSERT INTO `sys_oper_log` VALUES ('181', '', '2', 'com.ruoyi.system.controller.CarTypeController.edit()', 'PUT', '1', 'admin', null, '/system/type', '127.0.0.1', 'IP', '{\"carName\":\"MPV\",\"carSeries\":\"EMPV1\",\"id\":13,\"image\":\"/profile/upload/2022/08/27/car-model_20220827143644A008.png\",\"params\":{},\"price\":88.88}', '{\"msg\":\"\",\"code\":200}', '0', null, '2022-08-27 14:36:45');
INSERT INTO `sys_oper_log` VALUES ('182', '', '2', 'com.ruoyi.system.controller.CarTypeController.edit()', 'PUT', '1', 'admin', null, '/system/type', '127.0.0.1', 'IP', '{\"carName\":\"\",\"carSeries\":\"1\",\"id\":14,\"image\":\"/profile/upload/2022/08/27/car-model_20220827143651A009.png\",\"params\":{},\"price\":88.88}', '{\"msg\":\"\",\"code\":200}', '0', null, '2022-08-27 14:36:52');
INSERT INTO `sys_oper_log` VALUES ('183', '', '2', 'com.ruoyi.system.controller.CarTypeController.edit()', 'PUT', '1', 'admin', null, '/system/type', '127.0.0.1', 'IP', '{\"carName\":\"\",\"carSeries\":\"1\",\"id\":15,\"image\":\"/profile/upload/2022/08/27/car-model_20220827143657A010.png\",\"params\":{},\"price\":88.88}', '{\"msg\":\"\",\"code\":200}', '0', null, '2022-08-27 14:36:58');
INSERT INTO `sys_oper_log` VALUES ('184', '', '1', 'com.ruoyi.web.controller.system.SysDictTypeController.add()', 'POST', '1', 'admin', null, '/system/dict/type', '127.0.0.1', 'IP', '{\"createBy\":\"admin\",\"dictName\":\"\",\"dictType\":\"sys_cus_care\",\"params\":{},\"status\":\"0\"}', '{\"msg\":\"\",\"code\":200}', '0', null, '2022-08-27 14:38:52');
INSERT INTO `sys_oper_log` VALUES ('185', '', '1', 'com.ruoyi.web.controller.system.SysDictDataController.add()', 'POST', '1', 'admin', null, '/system/dict/data', '127.0.0.1', 'IP', '{\"createBy\":\"admin\",\"dictLabel\":\"\",\"dictSort\":0,\"dictType\":\"sys_cus_care\",\"dictValue\":\"\",\"listClass\":\"default\",\"params\":{},\"status\":\"0\"}', '{\"msg\":\"\",\"code\":200}', '0', null, '2022-08-27 14:40:08');
INSERT INTO `sys_oper_log` VALUES ('186', '', '1', 'com.ruoyi.web.controller.system.SysDictDataController.add()', 'POST', '1', 'admin', null, '/system/dict/data', '127.0.0.1', 'IP', '{\"createBy\":\"admin\",\"dictLabel\":\"\",\"dictSort\":1,\"dictType\":\"sys_cus_care\",\"dictValue\":\"\",\"listClass\":\"default\",\"params\":{},\"status\":\"0\"}', '{\"msg\":\"\",\"code\":200}', '0', null, '2022-08-27 14:40:24');
INSERT INTO `sys_oper_log` VALUES ('187', '', '1', 'com.ruoyi.web.controller.system.SysDictDataController.add()', 'POST', '1', 'admin', null, '/system/dict/data', '127.0.0.1', 'IP', '{\"createBy\":\"admin\",\"dictLabel\":\"\",\"dictSort\":2,\"dictType\":\"sys_cus_care\",\"dictValue\":\"\",\"listClass\":\"default\",\"params\":{},\"status\":\"0\"}', '{\"msg\":\"\",\"code\":200}', '0', null, '2022-08-27 14:40:36');
INSERT INTO `sys_oper_log` VALUES ('188', '', '1', 'com.ruoyi.web.controller.system.SysDictDataController.add()', 'POST', '1', 'admin', null, '/system/dict/data', '127.0.0.1', 'IP', '{\"createBy\":\"admin\",\"dictLabel\":\"QQ\",\"dictSort\":3,\"dictType\":\"sys_cus_care\",\"dictValue\":\"QQ\",\"listClass\":\"default\",\"params\":{},\"status\":\"0\"}', '{\"msg\":\"\",\"code\":200}', '0', null, '2022-08-27 14:40:46');
INSERT INTO `sys_oper_log` VALUES ('189', '', '1', 'com.ruoyi.web.controller.system.SysDictDataController.add()', 'POST', '1', 'admin', null, '/system/dict/data', '127.0.0.1', 'IP', '{\"createBy\":\"admin\",\"dictLabel\":\"\",\"dictSort\":4,\"dictType\":\"sys_cus_care\",\"dictValue\":\"\",\"listClass\":\"default\",\"params\":{},\"status\":\"0\"}', '{\"msg\":\"\",\"code\":200}', '0', null, '2022-08-27 14:41:00');
INSERT INTO `sys_oper_log` VALUES ('190', '', '6', 'com.ruoyi.generator.controller.GenController.importTableSave()', 'POST', '1', 'admin', null, '/tool/gen/importTable', '127.0.0.1', 'IP', 'bus_cus_record', '{\"msg\":\"\",\"code\":200}', '0', null, '2022-08-27 15:11:24');
INSERT INTO `sys_oper_log` VALUES ('191', '', '2', 'com.ruoyi.generator.controller.GenController.editSave()', 'PUT', '1', 'admin', null, '/tool/gen', '127.0.0.1', 'IP', '{\"businessName\":\"record\",\"className\":\"BusCusRecord\",\"columns\":[{\"capJavaField\":\"Id\",\"columnComment\":\"id\",\"columnId\":1,\"columnName\":\"id\",\"columnType\":\"int(255)\",\"createBy\":\"admin\",\"createTime\":\"2022-08-27 15:11:24\",\"dictType\":\"\",\"edit\":false,\"htmlType\":\"input\",\"increment\":true,\"insert\":true,\"isIncrement\":\"1\",\"isInsert\":\"1\",\"isPk\":\"1\",\"javaField\":\"id\",\"javaType\":\"Long\",\"list\":false,\"params\":{},\"pk\":true,\"query\":false,\"queryType\":\"EQ\",\"required\":false,\"sort\":1,\"superColumn\":false,\"tableId\":1,\"updateBy\":\"\",\"usableColumn\":false},{\"capJavaField\":\"Name\",\"columnComment\":\"\",\"columnId\":2,\"columnName\":\"name\",\"columnType\":\"varchar(60)\",\"createBy\":\"admin\",\"createTime\":\"2022-08-27 15:11:24\",\"dictType\":\"\",\"edit\":true,\"htmlType\":\"input\",\"increment\":false,\"insert\":true,\"isEdit\":\"1\",\"isIncrement\":\"0\",\"isInsert\":\"1\",\"isList\":\"1\",\"isPk\":\"0\",\"isQuery\":\"1\",\"isRequired\":\"1\",\"javaField\":\"name\",\"javaType\":\"String\",\"list\":true,\"params\":{},\"pk\":false,\"query\":true,\"queryType\":\"LIKE\",\"required\":true,\"sort\":2,\"superColumn\":false,\"tableId\":1,\"updateBy\":\"\",\"usableColumn\":false},{\"capJavaField\":\"Phone\",\"columnComment\":\"\",\"columnId\":3,\"columnName\":\"phone\",\"columnType\":\"varchar(40)\",\"createBy\":\"admin\",\"createTime\":\"2022-08-27 15:11:24\",\"dictType\":\"\",\"edit\":true,\"htmlType\":\"input\",\"increment\":false,\"insert\":true,\"isEdit\":\"1\",\"isIncrement\":\"0\",\"isInsert\":\"1\",\"isList\":\"1\",\"isPk\":\"0\",\"isQuery\":\"1\",\"javaField\":\"phone\",\"javaType\":\"String\",\"list\":true,\"params\":{},\"pk\":false,\"query\":true,\"queryType\":\"EQ\",\"required\":false,\"sort\":3,\"superColumn\":false,\"tableId\":1,\"updateBy\":\"\",\"usableColumn\":false},{\"capJavaField\":\"Sex\",\"columnComment\":\"(/)\",\"columnId\":4,\"columnName\":\"sex\",\"columnType\":\"varchar(255)\",\"createBy\":\"admin\",\"createTime\":\"2022-08-27 15:11:24\",\"dictType\":\"sys_user_sex\",\"edit\":true,\"htmlType\":\"select\",\"increment\":false,\"insert\":true,\"isEdit\":\"1\",\"isIncrement\":\"0\",\"isInsert\":\"1\",\"isList\":\"1\",\"isPk\":\"0\",\"isQuery\":\"1\",\"javaField\":\"sex\",\"javaType\":\"String\",\"list\":true,\"params\":{},\"pk\":false,', '{\"msg\":\"\",\"code\":200}', '0', null, '2022-08-27 15:14:03');
INSERT INTO `sys_oper_log` VALUES ('192', '', '8', 'com.ruoyi.generator.controller.GenController.batchGenCode()', 'GET', '1', 'admin', null, '/tool/gen/batchGenCode', '127.0.0.1', 'IP', '{}', null, '0', null, '2022-08-27 15:18:35');
INSERT INTO `sys_oper_log` VALUES ('193', '', '2', 'com.ruoyi.system.controller.BusCusRecordController.edit()', 'PUT', '1', 'admin', null, '/system/record', '127.0.0.1', 'IP', '{\"entryClerk\":\"\",\"entryTime\":\"2022-08-26 00:00:00\",\"id\":2,\"name\":\"\",\"params\":{},\"phone\":\"18000000001\",\"sex\":\"0\"}', '{\"msg\":\"\",\"code\":200}', '0', null, '2022-08-27 15:25:57');
INSERT INTO `sys_oper_log` VALUES ('194', '', '2', 'com.ruoyi.system.controller.BusCusRecordController.edit()', 'PUT', '1', 'admin', null, '/system/record', '127.0.0.1', 'IP', '{\"entryClerk\":\"3234\",\"entryTime\":\"2022-08-10 00:00:00\",\"id\":3,\"name\":\"2\",\"params\":{},\"phone\":\"2\",\"sex\":\"1\"}', '{\"msg\":\"\",\"code\":200}', '0', null, '2022-08-27 15:33:44');
INSERT INTO `sys_oper_log` VALUES ('195', '', '1', 'com.ruoyi.web.controller.system.SysMenuController.add()', 'POST', '1', 'admin', null, '/system/menu', '127.0.0.1', 'IP', '{\"children\":[],\"createBy\":\"admin\",\"icon\":\"online\",\"isCache\":\"0\",\"isFrame\":\"1\",\"menuName\":\"\",\"menuType\":\"M\",\"orderNum\":1,\"params\":{},\"parentId\":0,\"path\":\"business\",\"status\":\"0\",\"visible\":\"0\"}', '{\"msg\":\"\",\"code\":200}', '0', null, '2022-08-31 15:18:17');
INSERT INTO `sys_oper_log` VALUES ('196', '', '2', 'com.ruoyi.web.controller.system.SysMenuController.edit()', 'PUT', '1', 'admin', null, '/system/menu', '127.0.0.1', 'IP', '{\"children\":[],\"createTime\":\"2022-08-25 17:40:52\",\"icon\":\"system\",\"isCache\":\"0\",\"isFrame\":\"1\",\"menuId\":1,\"menuName\":\"\",\"menuType\":\"M\",\"orderNum\":2,\"params\":{},\"parentId\":0,\"path\":\"system\",\"perms\":\"\",\"query\":\"\",\"status\":\"0\",\"updateBy\":\"admin\",\"visible\":\"0\"}', '{\"msg\":\"\",\"code\":200}', '0', null, '2022-08-31 15:18:23');
INSERT INTO `sys_oper_log` VALUES ('197', '', '2', 'com.ruoyi.web.controller.system.SysMenuController.edit()', 'PUT', '1', 'admin', null, '/system/menu', '127.0.0.1', 'IP', '{\"children\":[],\"createTime\":\"2022-08-25 17:40:52\",\"icon\":\"monitor\",\"isCache\":\"0\",\"isFrame\":\"1\",\"menuId\":2,\"menuName\":\"\",\"menuType\":\"M\",\"orderNum\":3,\"params\":{},\"parentId\":0,\"path\":\"monitor\",\"perms\":\"\",\"query\":\"\",\"status\":\"0\",\"updateBy\":\"admin\",\"visible\":\"0\"}', '{\"msg\":\"\",\"code\":200}', '0', null, '2022-08-31 15:18:29');
INSERT INTO `sys_oper_log` VALUES ('198', '', '2', 'com.ruoyi.web.controller.system.SysMenuController.edit()', 'PUT', '1', 'admin', null, '/system/menu', '127.0.0.1', 'IP', '{\"children\":[],\"createTime\":\"2022-08-25 17:40:52\",\"icon\":\"tool\",\"isCache\":\"0\",\"isFrame\":\"1\",\"menuId\":3,\"menuName\":\"\",\"menuType\":\"M\",\"orderNum\":4,\"params\":{},\"parentId\":0,\"path\":\"tool\",\"perms\":\"\",\"query\":\"\",\"status\":\"0\",\"updateBy\":\"admin\",\"visible\":\"0\"}', '{\"msg\":\"\",\"code\":200}', '0', null, '2022-08-31 15:18:33');
INSERT INTO `sys_oper_log` VALUES ('199', '', '2', 'com.ruoyi.web.controller.system.SysMenuController.edit()', 'PUT', '1', 'admin', null, '/system/menu', '127.0.0.1', 'IP', '{\"children\":[],\"createTime\":\"2022-08-25 17:40:52\",\"icon\":\"guide\",\"isCache\":\"0\",\"isFrame\":\"0\",\"menuId\":4,\"menuName\":\"\",\"menuType\":\"M\",\"orderNum\":5,\"params\":{},\"parentId\":0,\"path\":\"http://ruoyi.vip\",\"perms\":\"\",\"query\":\"\",\"status\":\"0\",\"updateBy\":\"admin\",\"visible\":\"0\"}', '{\"msg\":\"\",\"code\":200}', '0', null, '2022-08-31 15:18:36');
INSERT INTO `sys_oper_log` VALUES ('200', '', '2', 'com.ruoyi.web.controller.system.SysMenuController.edit()', 'PUT', '1', 'admin', null, '/system/menu', '127.0.0.1', 'IP', '{\"children\":[],\"createTime\":\"2022-08-25 17:40:52\",\"icon\":\"system\",\"isCache\":\"0\",\"isFrame\":\"1\",\"menuId\":1,\"menuName\":\"\",\"menuType\":\"M\",\"orderNum\":1,\"params\":{},\"parentId\":0,\"path\":\"system\",\"perms\":\"\",\"query\":\"\",\"status\":\"0\",\"updateBy\":\"admin\",\"visible\":\"0\"}', '{\"msg\":\"\",\"code\":200}', '0', null, '2022-08-31 15:19:19');
INSERT INTO `sys_oper_log` VALUES ('201', '', '2', 'com.ruoyi.web.controller.system.SysMenuController.edit()', 'PUT', '1', 'admin', null, '/system/menu', '127.0.0.1', 'IP', '{\"children\":[],\"createTime\":\"2022-08-25 17:40:52\",\"icon\":\"monitor\",\"isCache\":\"0\",\"isFrame\":\"1\",\"menuId\":2,\"menuName\":\"\",\"menuType\":\"M\",\"orderNum\":2,\"params\":{},\"parentId\":0,\"path\":\"monitor\",\"perms\":\"\",\"query\":\"\",\"status\":\"0\",\"updateBy\":\"admin\",\"visible\":\"0\"}', '{\"msg\":\"\",\"code\":200}', '0', null, '2022-08-31 15:19:24');
INSERT INTO `sys_oper_log` VALUES ('202', '', '2', 'com.ruoyi.web.controller.system.SysMenuController.edit()', 'PUT', '1', 'admin', null, '/system/menu', '127.0.0.1', 'IP', '{\"children\":[],\"createTime\":\"2022-08-31 15:18:17\",\"icon\":\"online\",\"isCache\":\"0\",\"isFrame\":\"1\",\"menuId\":2031,\"menuName\":\"\",\"menuType\":\"M\",\"orderNum\":10,\"params\":{},\"parentId\":0,\"path\":\"business\",\"perms\":\"\",\"status\":\"0\",\"updateBy\":\"admin\",\"visible\":\"0\"}', '{\"msg\":\"\",\"code\":200}', '0', null, '2022-08-31 15:19:30');
INSERT INTO `sys_oper_log` VALUES ('203', '', '2', 'com.ruoyi.web.controller.system.SysMenuController.edit()', 'PUT', '1', 'admin', null, '/system/menu', '127.0.0.1', 'IP', '{\"children\":[],\"createTime\":\"2022-08-25 17:40:52\",\"icon\":\"tool\",\"isCache\":\"0\",\"isFrame\":\"1\",\"menuId\":3,\"menuName\":\"\",\"menuType\":\"M\",\"orderNum\":3,\"params\":{},\"parentId\":0,\"path\":\"tool\",\"perms\":\"\",\"query\":\"\",\"status\":\"0\",\"updateBy\":\"admin\",\"visible\":\"0\"}', '{\"msg\":\"\",\"code\":200}', '0', null, '2022-08-31 15:19:33');
INSERT INTO `sys_oper_log` VALUES ('204', '', '2', 'com.ruoyi.web.controller.system.SysMenuController.edit()', 'PUT', '1', 'admin', null, '/system/menu', '127.0.0.1', 'IP', '{\"children\":[],\"createTime\":\"2022-08-25 17:40:52\",\"icon\":\"guide\",\"isCache\":\"0\",\"isFrame\":\"0\",\"menuId\":4,\"menuName\":\"\",\"menuType\":\"M\",\"orderNum\":100,\"params\":{},\"parentId\":0,\"path\":\"http://ruoyi.vip\",\"perms\":\"\",\"query\":\"\",\"status\":\"0\",\"updateBy\":\"admin\",\"visible\":\"0\"}', '{\"msg\":\"\",\"code\":200}', '0', null, '2022-08-31 15:19:39');
INSERT INTO `sys_oper_log` VALUES ('205', '', '2', 'com.ruoyi.web.controller.system.SysMenuController.edit()', 'PUT', '1', 'admin', null, '/system/menu', '127.0.0.1', 'IP', '{\"children\":[],\"createTime\":\"2022-08-31 15:18:17\",\"icon\":\"online\",\"isCache\":\"0\",\"isFrame\":\"1\",\"menuId\":2031,\"menuName\":\"\",\"menuType\":\"M\",\"orderNum\":4,\"params\":{},\"parentId\":0,\"path\":\"business\",\"perms\":\"\",\"status\":\"0\",\"updateBy\":\"admin\",\"visible\":\"0\"}', '{\"msg\":\"\",\"code\":200}', '0', null, '2022-08-31 15:19:47');
INSERT INTO `sys_oper_log` VALUES ('206', '', '2', 'com.ruoyi.web.controller.system.SysMenuController.edit()', 'PUT', '1', 'admin', null, '/system/menu', '127.0.0.1', 'IP', '{\"children\":[],\"createTime\":\"2022-08-31 15:18:17\",\"icon\":\"online\",\"isCache\":\"0\",\"isFrame\":\"1\",\"menuId\":2031,\"menuName\":\"\",\"menuType\":\"M\",\"orderNum\":4,\"params\":{},\"parentId\":0,\"path\":\"business\",\"perms\":\"\",\"status\":\"0\",\"updateBy\":\"admin\",\"visible\":\"0\"}', '{\"msg\":\"\",\"code\":200}', '0', null, '2022-08-31 15:20:00');
INSERT INTO `sys_oper_log` VALUES ('207', '', '1', 'com.ruoyi.web.controller.system.SysMenuController.add()', 'POST', '1', 'admin', null, '/system/menu', '127.0.0.1', 'IP', '{\"children\":[],\"component\":\"business/appointment/index\",\"createBy\":\"admin\",\"isCache\":\"0\",\"isFrame\":\"1\",\"menuName\":\"\",\"menuType\":\"C\",\"orderNum\":1,\"params\":{},\"parentId\":2031,\"path\":\"appointment\",\"perms\":\"business:appointment:list\",\"status\":\"0\",\"visible\":\"0\"}', '{\"msg\":\"\",\"code\":200}', '0', null, '2022-08-31 15:23:07');
INSERT INTO `sys_oper_log` VALUES ('208', '', '1', 'com.ruoyi.web.controller.system.SysMenuController.add()', 'POST', '1', 'admin', null, '/system/menu', '127.0.0.1', 'IP', '{\"children\":[],\"component\":\"business/service/index\",\"createBy\":\"admin\",\"isCache\":\"0\",\"isFrame\":\"1\",\"menuName\":\"\",\"menuType\":\"C\",\"orderNum\":2,\"params\":{},\"parentId\":2031,\"path\":\"service\",\"perms\":\"business:serviceItem:list\",\"status\":\"0\",\"visible\":\"0\"}', '{\"msg\":\"\",\"code\":200}', '0', null, '2022-08-31 15:23:59');
INSERT INTO `sys_oper_log` VALUES ('209', '', '1', 'com.ruoyi.web.controller.system.SysMenuController.add()', 'POST', '1', 'admin', null, '/system/menu', '127.0.0.1', 'IP', '{\"children\":[],\"component\":\"business/statement/index\",\"createBy\":\"admin\",\"isCache\":\"0\",\"isFrame\":\"1\",\"menuName\":\"\",\"menuType\":\"C\",\"orderNum\":3,\"params\":{},\"parentId\":2031,\"path\":\"statement\",\"perms\":\"business:statement:list\",\"status\":\"0\",\"visible\":\"0\"}', '{\"msg\":\"\",\"code\":200}', '0', null, '2022-08-31 15:24:55');
INSERT INTO `sys_oper_log` VALUES ('210', '', '1', 'com.ruoyi.web.controller.system.SysMenuController.add()', 'POST', '1', 'admin', null, '/system/menu', '127.0.0.1', 'IP', '{\"children\":[],\"component\":\"business/statement/item/index\",\"createBy\":\"admin\",\"isCache\":\"0\",\"isFrame\":\"1\",\"menuName\":\"\",\"menuType\":\"C\",\"orderNum\":1,\"params\":{},\"parentId\":2034,\"path\":\"item\",\"perms\":\"business:statementItem:list\",\"status\":\"0\",\"visible\":\"1\"}', '{\"msg\":\"\",\"code\":200}', '0', null, '2022-08-31 15:26:10');
INSERT INTO `sys_oper_log` VALUES ('211', '', '1', 'com.ruoyi.web.controller.system.SysMenuController.add()', 'POST', '1', 'admin', null, '/system/menu', '127.0.0.1', 'IP', '{\"children\":[],\"createBy\":\"admin\",\"isCache\":\"0\",\"isFrame\":\"1\",\"menuName\":\"\",\"menuType\":\"F\",\"orderNum\":1,\"params\":{},\"parentId\":2032,\"perms\":\"business:appointment:add\",\"status\":\"0\",\"visible\":\"0\"}', '{\"msg\":\"\",\"code\":200}', '0', null, '2022-08-31 15:28:00');
INSERT INTO `sys_oper_log` VALUES ('212', '', '1', 'com.ruoyi.web.controller.system.SysMenuController.add()', 'POST', '1', 'admin', null, '/system/menu', '127.0.0.1', 'IP', '{\"children\":[],\"createBy\":\"admin\",\"isCache\":\"0\",\"isFrame\":\"1\",\"menuName\":\"\",\"menuType\":\"F\",\"orderNum\":1,\"params\":{},\"parentId\":2032,\"perms\":\"business:appointment:query\",\"status\":\"0\",\"visible\":\"0\"}', '{\"msg\":\"\",\"code\":200}', '0', null, '2022-08-31 15:28:21');
INSERT INTO `sys_oper_log` VALUES ('213', '', '2', 'com.ruoyi.web.controller.system.SysMenuController.edit()', 'PUT', '1', 'admin', null, '/system/menu', '127.0.0.1', 'IP', '{\"children\":[],\"createTime\":\"2022-08-31 15:28:00\",\"icon\":\"#\",\"isCache\":\"0\",\"isFrame\":\"1\",\"menuId\":2036,\"menuName\":\"\",\"menuType\":\"F\",\"orderNum\":2,\"params\":{},\"parentId\":2032,\"path\":\"\",\"perms\":\"business:appointment:add\",\"status\":\"0\",\"updateBy\":\"admin\",\"visible\":\"0\"}', '{\"msg\":\"\",\"code\":200}', '0', null, '2022-08-31 15:28:33');
INSERT INTO `sys_oper_log` VALUES ('214', '', '1', 'com.ruoyi.web.controller.system.SysMenuController.add()', 'POST', '1', 'admin', null, '/system/menu', '127.0.0.1', 'IP', '{\"children\":[],\"createBy\":\"admin\",\"isCache\":\"0\",\"isFrame\":\"1\",\"menuName\":\"\",\"menuType\":\"F\",\"orderNum\":3,\"params\":{},\"parentId\":2032,\"perms\":\"business:appointment:update\",\"status\":\"0\",\"visible\":\"0\"}', '{\"msg\":\"\",\"code\":200}', '0', null, '2022-08-31 15:29:02');
INSERT INTO `sys_oper_log` VALUES ('215', '', '1', 'com.ruoyi.web.controller.system.SysMenuController.add()', 'POST', '1', 'admin', null, '/system/menu', '127.0.0.1', 'IP', '{\"children\":[],\"createBy\":\"admin\",\"isCache\":\"0\",\"isFrame\":\"1\",\"menuName\":\"\",\"menuType\":\"F\",\"orderNum\":4,\"params\":{},\"parentId\":2032,\"perms\":\"business:appointment:remove\",\"status\":\"0\",\"visible\":\"0\"}', '{\"msg\":\"\",\"code\":200}', '0', null, '2022-08-31 15:29:16');
INSERT INTO `sys_oper_log` VALUES ('216', '', '1', 'com.ruoyi.web.controller.system.SysMenuController.add()', 'POST', '1', 'admin', null, '/system/menu', '127.0.0.1', 'IP', '{\"children\":[],\"createBy\":\"admin\",\"isCache\":\"0\",\"isFrame\":\"1\",\"menuName\":\"\",\"menuType\":\"F\",\"orderNum\":5,\"params\":{},\"parentId\":2032,\"perms\":\"business:appointment:cancel\",\"status\":\"0\",\"visible\":\"0\"}', '{\"msg\":\"\",\"code\":200}', '0', null, '2022-08-31 15:29:37');
INSERT INTO `sys_oper_log` VALUES ('217', '', '1', 'com.ruoyi.web.controller.system.SysMenuController.add()', 'POST', '1', 'admin', null, '/system/menu', '127.0.0.1', 'IP', '{\"children\":[],\"createBy\":\"admin\",\"isCache\":\"0\",\"isFrame\":\"1\",\"menuName\":\"\",\"menuType\":\"F\",\"orderNum\":6,\"params\":{},\"parentId\":2032,\"perms\":\"business:appointment:generateStatement\",\"status\":\"0\",\"visible\":\"0\"}', '{\"msg\":\"\",\"code\":200}', '0', null, '2022-08-31 15:29:52');
INSERT INTO `sys_oper_log` VALUES ('218', '', '1', 'com.ruoyi.web.controller.system.SysMenuController.add()', 'POST', '1', 'admin', null, '/system/menu', '127.0.0.1', 'IP', '{\"children\":[],\"createBy\":\"admin\",\"isCache\":\"0\",\"isFrame\":\"1\",\"menuName\":\"\",\"menuType\":\"F\",\"orderNum\":5,\"params\":{},\"parentId\":2032,\"perms\":\"business:appointment:arrival\",\"status\":\"0\",\"visible\":\"0\"}', '{\"msg\":\"\",\"code\":200}', '0', null, '2022-08-31 15:30:23');
INSERT INTO `sys_oper_log` VALUES ('219', '', '1', 'com.ruoyi.web.controller.system.SysMenuController.add()', 'POST', '1', 'admin', null, '/system/menu', '127.0.0.1', 'IP', '{\"children\":[],\"createBy\":\"admin\",\"isCache\":\"0\",\"isFrame\":\"1\",\"menuName\":\"\",\"menuType\":\"F\",\"orderNum\":1,\"params\":{},\"parentId\":2033,\"perms\":\"business:serviceItem:queryAudit\",\"status\":\"0\",\"visible\":\"0\"}', '{\"msg\":\"\",\"code\":200}', '0', null, '2022-08-31 15:31:40');
INSERT INTO `sys_oper_log` VALUES ('220', '', '1', 'com.ruoyi.web.controller.system.SysMenuController.add()', 'POST', '1', 'admin', null, '/system/menu', '127.0.0.1', 'IP', '{\"children\":[],\"createBy\":\"admin\",\"isCache\":\"0\",\"isFrame\":\"1\",\"menuName\":\"\",\"menuType\":\"F\",\"orderNum\":2,\"params\":{},\"parentId\":2033,\"perms\":\"business:serviceItem:query\",\"status\":\"0\",\"visible\":\"0\"}', '{\"msg\":\"\",\"code\":200}', '0', null, '2022-08-31 15:32:01');
INSERT INTO `sys_oper_log` VALUES ('221', '', '1', 'com.ruoyi.web.controller.system.SysMenuController.add()', 'POST', '1', 'admin', null, '/system/menu', '127.0.0.1', 'IP', '{\"children\":[],\"createBy\":\"admin\",\"isCache\":\"0\",\"isFrame\":\"1\",\"menuName\":\"\",\"menuType\":\"F\",\"orderNum\":3,\"params\":{},\"parentId\":2033,\"perms\":\"business:serviceItem:add\",\"status\":\"0\",\"visible\":\"0\"}', '{\"msg\":\"\",\"code\":200}', '0', null, '2022-08-31 15:32:23');
INSERT INTO `sys_oper_log` VALUES ('222', '', '1', 'com.ruoyi.web.controller.system.SysMenuController.add()', 'POST', '1', 'admin', null, '/system/menu', '127.0.0.1', 'IP', '{\"children\":[],\"createBy\":\"admin\",\"isCache\":\"0\",\"isFrame\":\"1\",\"menuName\":\"\",\"menuType\":\"F\",\"orderNum\":4,\"params\":{},\"parentId\":2033,\"perms\":\"business:serviceItem:update\",\"status\":\"0\",\"visible\":\"0\"}', '{\"msg\":\"\",\"code\":200}', '0', null, '2022-08-31 15:32:40');
INSERT INTO `sys_oper_log` VALUES ('223', '', '1', 'com.ruoyi.web.controller.system.SysMenuController.add()', 'POST', '1', 'admin', null, '/system/menu', '127.0.0.1', 'IP', '{\"children\":[],\"createBy\":\"admin\",\"isCache\":\"0\",\"isFrame\":\"1\",\"menuName\":\"\",\"menuType\":\"F\",\"orderNum\":5,\"params\":{},\"parentId\":2033,\"perms\":\"business:serviceItem:remove\",\"status\":\"0\",\"visible\":\"0\"}', '{\"msg\":\"\",\"code\":200}', '0', null, '2022-08-31 15:33:18');
INSERT INTO `sys_oper_log` VALUES ('224', '', '1', 'com.ruoyi.web.controller.system.SysMenuController.add()', 'POST', '1', 'admin', null, '/system/menu', '127.0.0.1', 'IP', '{\"children\":[],\"createBy\":\"admin\",\"isCache\":\"0\",\"isFrame\":\"1\",\"menuName\":\"\",\"menuType\":\"F\",\"orderNum\":6,\"params\":{},\"parentId\":2033,\"perms\":\"business:serviceItem:saleOn\",\"status\":\"0\",\"visible\":\"0\"}', '{\"msg\":\"\",\"code\":200}', '0', null, '2022-08-31 15:33:34');
INSERT INTO `sys_oper_log` VALUES ('225', '', '1', 'com.ruoyi.web.controller.system.SysMenuController.add()', 'POST', '1', 'admin', null, '/system/menu', '127.0.0.1', 'IP', '{\"children\":[],\"createBy\":\"admin\",\"isCache\":\"0\",\"isFrame\":\"1\",\"menuName\":\"\",\"menuType\":\"F\",\"orderNum\":7,\"params\":{},\"parentId\":2033,\"perms\":\"business:serviceItem:saleOff\",\"status\":\"0\",\"visible\":\"0\"}', '{\"msg\":\"\",\"code\":200}', '0', null, '2022-08-31 15:33:47');
INSERT INTO `sys_oper_log` VALUES ('226', '', '1', 'com.ruoyi.web.controller.system.SysMenuController.add()', 'POST', '1', 'admin', null, '/system/menu', '127.0.0.1', 'IP', '{\"children\":[],\"createBy\":\"admin\",\"isCache\":\"0\",\"isFrame\":\"1\",\"menuName\":\"\",\"menuType\":\"F\",\"orderNum\":8,\"params\":{},\"parentId\":2033,\"perms\":\"business:serviceItem:startAudit\",\"status\":\"0\",\"visible\":\"0\"}', '{\"msg\":\"\",\"code\":200}', '0', null, '2022-08-31 15:34:02');
INSERT INTO `sys_oper_log` VALUES ('227', '', '1', 'com.ruoyi.web.controller.system.SysMenuController.add()', 'POST', '1', 'admin', null, '/system/menu', '127.0.0.1', 'IP', '{\"children\":[],\"createBy\":\"admin\",\"isCache\":\"0\",\"isFrame\":\"1\",\"menuName\":\"\",\"menuType\":\"F\",\"orderNum\":1,\"params\":{},\"parentId\":2034,\"perms\":\"business:statement:add\",\"status\":\"0\",\"visible\":\"0\"}', '{\"msg\":\"\",\"code\":200}', '0', null, '2022-08-31 15:34:45');
INSERT INTO `sys_oper_log` VALUES ('228', '', '1', 'com.ruoyi.web.controller.system.SysMenuController.add()', 'POST', '1', 'admin', null, '/system/menu', '127.0.0.1', 'IP', '{\"children\":[],\"createBy\":\"admin\",\"isCache\":\"0\",\"isFrame\":\"1\",\"menuName\":\"\",\"menuType\":\"F\",\"orderNum\":2,\"params\":{},\"parentId\":2034,\"perms\":\"business:statement:query\",\"status\":\"0\",\"visible\":\"0\"}', '{\"msg\":\"\",\"code\":200}', '0', null, '2022-08-31 15:34:56');
INSERT INTO `sys_oper_log` VALUES ('229', '', '1', 'com.ruoyi.web.controller.system.SysMenuController.add()', 'POST', '1', 'admin', null, '/system/menu', '127.0.0.1', 'IP', '{\"children\":[],\"createBy\":\"admin\",\"isCache\":\"0\",\"isFrame\":\"1\",\"menuName\":\"\",\"menuType\":\"F\",\"orderNum\":2,\"params\":{},\"parentId\":2034,\"perms\":\"business:statement:update\",\"status\":\"0\",\"visible\":\"0\"}', '{\"msg\":\"\",\"code\":200}', '0', null, '2022-08-31 15:35:11');
INSERT INTO `sys_oper_log` VALUES ('230', '', '1', 'com.ruoyi.web.controller.system.SysMenuController.add()', 'POST', '1', 'admin', null, '/system/menu', '127.0.0.1', 'IP', '{\"children\":[],\"createBy\":\"admin\",\"isCache\":\"0\",\"isFrame\":\"1\",\"menuName\":\"\",\"menuType\":\"F\",\"orderNum\":3,\"params\":{},\"parentId\":2034,\"perms\":\"business:statement:remove\",\"status\":\"0\",\"visible\":\"0\"}', '{\"msg\":\"\",\"code\":200}', '0', null, '2022-08-31 15:35:29');
INSERT INTO `sys_oper_log` VALUES ('231', '', '2', 'com.ruoyi.web.controller.system.SysMenuController.edit()', 'PUT', '1', 'admin', null, '/system/menu', '127.0.0.1', 'IP', '{\"children\":[],\"createTime\":\"2022-08-31 15:34:45\",\"icon\":\"#\",\"isCache\":\"0\",\"isFrame\":\"1\",\"menuId\":2051,\"menuName\":\"\",\"menuType\":\"F\",\"orderNum\":2,\"params\":{},\"parentId\":2034,\"path\":\"\",\"perms\":\"business:statement:add\",\"status\":\"0\",\"updateBy\":\"admin\",\"visible\":\"0\"}', '{\"msg\":\"\",\"code\":200}', '0', null, '2022-08-31 15:35:43');
INSERT INTO `sys_oper_log` VALUES ('232', '', '2', 'com.ruoyi.web.controller.system.SysMenuController.edit()', 'PUT', '1', 'admin', null, '/system/menu', '127.0.0.1', 'IP', '{\"children\":[],\"createTime\":\"2022-08-31 15:34:56\",\"icon\":\"#\",\"isCache\":\"0\",\"isFrame\":\"1\",\"menuId\":2052,\"menuName\":\"\",\"menuType\":\"F\",\"orderNum\":3,\"params\":{},\"parentId\":2034,\"path\":\"\",\"perms\":\"business:statement:query\",\"status\":\"0\",\"updateBy\":\"admin\",\"visible\":\"0\"}', '{\"msg\":\"\",\"code\":200}', '0', null, '2022-08-31 15:35:49');
INSERT INTO `sys_oper_log` VALUES ('233', '', '2', 'com.ruoyi.web.controller.system.SysMenuController.edit()', 'PUT', '1', 'admin', null, '/system/menu', '127.0.0.1', 'IP', '{\"children\":[],\"createTime\":\"2022-08-31 15:34:56\",\"icon\":\"#\",\"isCache\":\"0\",\"isFrame\":\"1\",\"menuId\":2052,\"menuName\":\"\",\"menuType\":\"F\",\"orderNum\":4,\"params\":{},\"parentId\":2034,\"path\":\"\",\"perms\":\"business:statement:query\",\"status\":\"0\",\"updateBy\":\"admin\",\"visible\":\"0\"}', '{\"msg\":\"\",\"code\":200}', '0', null, '2022-08-31 15:35:55');
INSERT INTO `sys_oper_log` VALUES ('234', '', '2', 'com.ruoyi.web.controller.system.SysMenuController.edit()', 'PUT', '1', 'admin', null, '/system/menu', '127.0.0.1', 'IP', '{\"children\":[],\"createTime\":\"2022-08-31 15:34:45\",\"icon\":\"#\",\"isCache\":\"0\",\"isFrame\":\"1\",\"menuId\":2051,\"menuName\":\"\",\"menuType\":\"F\",\"orderNum\":5,\"params\":{},\"parentId\":2034,\"path\":\"\",\"perms\":\"business:statement:add\",\"status\":\"0\",\"updateBy\":\"admin\",\"visible\":\"0\"}', '{\"msg\":\"\",\"code\":200}', '0', null, '2022-08-31 15:36:04');
INSERT INTO `sys_oper_log` VALUES ('235', '', '1', 'com.ruoyi.web.controller.system.SysMenuController.add()', 'POST', '1', 'admin', null, '/system/menu', '127.0.0.1', 'IP', '{\"children\":[],\"createBy\":\"admin\",\"isCache\":\"0\",\"isFrame\":\"1\",\"menuName\":\"\",\"menuType\":\"F\",\"orderNum\":6,\"params\":{},\"parentId\":2034,\"perms\":\"business:statementItem:pay\",\"status\":\"0\",\"visible\":\"0\"}', '{\"msg\":\"\",\"code\":200}', '0', null, '2022-08-31 15:36:30');
INSERT INTO `sys_oper_log` VALUES ('236', '', '1', 'com.ruoyi.web.controller.system.SysMenuController.add()', 'POST', '1', 'admin', null, '/system/menu', '127.0.0.1', 'IP', '{\"children\":[],\"createBy\":\"admin\",\"isCache\":\"0\",\"isFrame\":\"1\",\"menuName\":\"\",\"menuType\":\"F\",\"orderNum\":1,\"params\":{},\"parentId\":2035,\"perms\":\"business:statementItem:save\",\"status\":\"0\",\"visible\":\"0\"}', '{\"msg\":\"\",\"code\":200}', '0', null, '2022-08-31 15:36:53');
INSERT INTO `sys_oper_log` VALUES ('237', '', '1', 'com.ruoyi.web.controller.system.SysMenuController.add()', 'POST', '1', 'admin', null, '/system/menu', '127.0.0.1', 'IP', '{\"children\":[],\"createBy\":\"admin\",\"icon\":\"dashboard\",\"isCache\":\"0\",\"isFrame\":\"1\",\"menuName\":\"\",\"menuType\":\"M\",\"orderNum\":5,\"params\":{},\"parentId\":0,\"path\":\"business\",\"status\":\"0\",\"visible\":\"0\"}', '{\"msg\":\"\",\"code\":200}', '0', null, '2022-08-31 15:37:54');
INSERT INTO `sys_oper_log` VALUES ('238', '', '1', 'com.ruoyi.web.controller.system.SysMenuController.add()', 'POST', '1', 'admin', null, '/system/menu', '127.0.0.1', 'IP', '{\"children\":[],\"component\":\"business/setmeal/list\",\"createBy\":\"admin\",\"isCache\":\"0\",\"isFrame\":\"1\",\"menuName\":\"\",\"menuType\":\"C\",\"orderNum\":1,\"params\":{},\"parentId\":2057,\"path\":\"setmeal\",\"perms\":\"business:carPackageAudit:list\",\"status\":\"0\",\"visible\":\"0\"}', '{\"msg\":\"\",\"code\":200}', '0', null, '2022-08-31 15:39:30');
INSERT INTO `sys_oper_log` VALUES ('239', '', '1', 'com.ruoyi.web.controller.system.SysMenuController.add()', 'POST', '1', 'admin', null, '/system/menu', '127.0.0.1', 'IP', '{\"children\":[],\"createBy\":\"admin\",\"isCache\":\"0\",\"isFrame\":\"1\",\"menuName\":\"\",\"menuType\":\"F\",\"orderNum\":1,\"params\":{},\"parentId\":2058,\"path\":\"\",\"perms\":\"business:carPackageAudit:cancel\",\"status\":\"0\",\"visible\":\"0\"}', '{\"msg\":\"\",\"code\":200}', '0', null, '2022-08-31 15:44:17');
INSERT INTO `sys_oper_log` VALUES ('240', '', '1', 'com.ruoyi.web.controller.system.SysMenuController.add()', 'POST', '1', 'admin', null, '/system/menu', '127.0.0.1', 'IP', '{\"children\":[],\"createBy\":\"admin\",\"isCache\":\"0\",\"isFrame\":\"1\",\"menuName\":\"\",\"menuType\":\"F\",\"orderNum\":2,\"params\":{},\"parentId\":2058,\"perms\":\"business:carPackageAudit:history\",\"status\":\"0\",\"visible\":\"0\"}', '{\"msg\":\"\",\"code\":200}', '0', null, '2022-08-31 15:45:40');
INSERT INTO `sys_oper_log` VALUES ('241', '', '1', 'com.ruoyi.web.controller.system.SysMenuController.add()', 'POST', '1', 'admin', null, '/system/menu', '127.0.0.1', 'IP', '{\"children\":[],\"createBy\":\"admin\",\"isCache\":\"0\",\"isFrame\":\"1\",\"menuName\":\"\",\"menuType\":\"F\",\"orderNum\":3,\"params\":{},\"parentId\":2058,\"perms\":\"business:carPackageAudit:processImg\",\"status\":\"0\",\"visible\":\"0\"}', '{\"msg\":\"\",\"code\":200}', '0', null, '2022-08-31 15:46:10');
INSERT INTO `sys_oper_log` VALUES ('242', '', '1', 'com.ruoyi.web.controller.system.SysMenuController.add()', 'POST', '1', 'admin', null, '/system/menu', '127.0.0.1', 'IP', '{\"children\":[],\"component\":\"business/setmeal/todo/index\",\"createBy\":\"admin\",\"isCache\":\"0\",\"isFrame\":\"1\",\"menuName\":\"\",\"menuType\":\"C\",\"orderNum\":2,\"params\":{},\"parentId\":2057,\"path\":\"todo\",\"perms\":\"business:carPackageAudit:todo\",\"status\":\"0\",\"visible\":\"0\"}', '{\"msg\":\"\",\"code\":200}', '0', null, '2022-08-31 15:47:06');
INSERT INTO `sys_oper_log` VALUES ('243', '', '1', 'com.ruoyi.web.controller.system.SysMenuController.add()', 'POST', '1', 'admin', null, '/system/menu', '127.0.0.1', 'IP', '{\"children\":[],\"createBy\":\"admin\",\"isCache\":\"0\",\"isFrame\":\"1\",\"menuName\":\"\",\"menuType\":\"F\",\"orderNum\":1,\"params\":{},\"parentId\":2062,\"perms\":\"business:carPackageAudit:audit\",\"status\":\"0\",\"visible\":\"0\"}', '{\"msg\":\"\",\"code\":200}', '0', null, '2022-08-31 15:47:27');
INSERT INTO `sys_oper_log` VALUES ('244', '', '1', 'com.ruoyi.web.controller.system.SysMenuController.add()', 'POST', '1', 'admin', null, '/system/menu', '127.0.0.1', 'IP', '{\"children\":[],\"component\":\"business/setmeal/done/index\",\"createBy\":\"admin\",\"isCache\":\"0\",\"isFrame\":\"1\",\"menuName\":\"\",\"menuType\":\"C\",\"orderNum\":3,\"params\":{},\"parentId\":2057,\"path\":\"done\",\"perms\":\"business:carPackageAudit:done\",\"status\":\"0\",\"visible\":\"0\"}', '{\"msg\":\"\",\"code\":200}', '0', null, '2022-08-31 15:48:07');
INSERT INTO `sys_oper_log` VALUES ('245', '', '1', 'com.ruoyi.web.controller.system.SysMenuController.add()', 'POST', '1', 'admin', null, '/system/menu', '127.0.0.1', 'IP', '{\"children\":[],\"createBy\":\"admin\",\"isCache\":\"0\",\"isFrame\":\"1\",\"menuName\":\"\",\"menuType\":\"M\",\"orderNum\":1,\"params\":{},\"parentId\":0,\"path\":\"flow\",\"status\":\"0\",\"visible\":\"0\"}', '{\"msg\":\"\",\"code\":200}', '0', null, '2022-08-31 15:49:15');
INSERT INTO `sys_oper_log` VALUES ('246', '', '2', 'com.ruoyi.web.controller.system.SysMenuController.edit()', 'PUT', '1', 'admin', null, '/system/menu', '127.0.0.1', 'IP', '{\"children\":[],\"createTime\":\"2022-08-31 15:49:15\",\"icon\":\"#\",\"isCache\":\"0\",\"isFrame\":\"1\",\"menuId\":2065,\"menuName\":\"\",\"menuType\":\"M\",\"orderNum\":6,\"params\":{},\"parentId\":0,\"path\":\"flow\",\"perms\":\"\",\"status\":\"0\",\"updateBy\":\"admin\",\"visible\":\"0\"}', '{\"msg\":\"\",\"code\":200}', '0', null, '2022-08-31 15:49:22');
INSERT INTO `sys_oper_log` VALUES ('247', '', '1', 'com.ruoyi.web.controller.system.SysMenuController.add()', 'POST', '1', 'admin', null, '/system/menu', '127.0.0.1', 'IP', '{\"children\":[],\"component\":\"flow/definition/index\",\"createBy\":\"admin\",\"isCache\":\"0\",\"isFrame\":\"1\",\"menuName\":\"\",\"menuType\":\"C\",\"orderNum\":1,\"params\":{},\"parentId\":2065,\"path\":\"definition\",\"perms\":\"business:bpmnInfo:list\",\"status\":\"0\",\"visible\":\"0\"}', '{\"msg\":\"\",\"code\":200}', '0', null, '2022-08-31 15:50:01');
INSERT INTO `sys_oper_log` VALUES ('248', '', '1', 'com.ruoyi.web.controller.system.SysMenuController.add()', 'POST', '1', 'admin', null, '/system/menu', '127.0.0.1', 'IP', '{\"children\":[],\"createBy\":\"admin\",\"isCache\":\"0\",\"isFrame\":\"1\",\"menuName\":\"\",\"menuType\":\"F\",\"orderNum\":1,\"params\":{},\"parentId\":2066,\"perms\":\"business:bpmnInfo:deploy\",\"status\":\"0\",\"visible\":\"0\"}', '{\"msg\":\"\",\"code\":200}', '0', null, '2022-08-31 15:50:20');
INSERT INTO `sys_oper_log` VALUES ('249', '', '1', 'com.ruoyi.web.controller.system.SysMenuController.add()', 'POST', '1', 'admin', null, '/system/menu', '127.0.0.1', 'IP', '{\"children\":[],\"createBy\":\"admin\",\"isCache\":\"0\",\"isFrame\":\"1\",\"menuName\":\"\",\"menuType\":\"F\",\"orderNum\":2,\"params\":{},\"parentId\":2066,\"perms\":\"business:bpmnInfo:readResource\",\"status\":\"0\",\"visible\":\"0\"}', '{\"msg\":\"\",\"code\":200}', '0', null, '2022-08-31 15:51:03');
INSERT INTO `sys_oper_log` VALUES ('250', '', '1', 'com.ruoyi.web.controller.system.SysMenuController.add()', 'POST', '1', 'admin', null, '/system/menu', '127.0.0.1', 'IP', '{\"children\":[],\"createBy\":\"admin\",\"isCache\":\"0\",\"isFrame\":\"1\",\"menuName\":\"\",\"menuType\":\"F\",\"orderNum\":3,\"params\":{},\"parentId\":2066,\"perms\":\"business:bpmnInfo:remove\",\"status\":\"0\",\"visible\":\"0\"}', '{\"msg\":\"\",\"code\":200}', '0', null, '2022-08-31 15:51:23');
INSERT INTO `sys_oper_log` VALUES ('251', '', '2', 'com.ruoyi.web.controller.system.SysRoleController.edit()', 'PUT', '1', 'admin', null, '/system/role', '127.0.0.1', 'IP', '{\"admin\":true,\"createTime\":\"2022-08-25 17:40:52\",\"dataScope\":\"1\",\"delFlag\":\"0\",\"deptCheckStrictly\":true,\"flag\":false,\"menuCheckStrictly\":true,\"menuIds\":[1,100,1000,1001,1002,1003,1004,1005,1006,101,1007,1008,1009,1010,1011,2001,2002,2004,2005,2006,102,1012,1013,1014,1015,103,1016,1017,1018,1019,104,1020,1021,1022,1023,1024,105,1025,1026,1027,1028,1029,106,1030,1031,1032,1033,1034,107,1035,1036,1037,1038,108,500,1039,1040,1041,501,1042,1043,1044,2,109,1045,1046,1047,110,1048,1049,1050,1051,1052,1053,111,112,113,114,3,115,1054,1055,1057,1056,1058,1059,2007,2008,2009,2010,2011,2012,2013,2014,2015,2016,2017,2018,2019,2020,2021,2022,2023,2024,2025,2026,2027,2028,2029,2030,116,117,2031,2032,2037,2036,2038,2039,2040,2042,2041,2033,2043,2044,2045,2046,2047,2048,2049,2050,2034,2035,2056,2053,2054,2052,2051,2055,2057,2058,2059,2060,2061,2062,2063,2064,2065,2066,2067,2068,2069,4],\"params\":{},\"remark\":\"\",\"roleId\":1,\"roleKey\":\"admin\",\"roleName\":\"\",\"roleSort\":\"1\",\"status\":\"0\"}', null, '1', '', '2022-08-31 15:53:25');
INSERT INTO `sys_oper_log` VALUES ('252', '', '2', 'com.ruoyi.web.controller.system.SysMenuController.edit()', 'PUT', '1', 'admin', null, '/system/menu', '127.0.0.1', 'IP', '{\"children\":[],\"createTime\":\"2022-08-31 15:37:54\",\"icon\":\"dashboard\",\"isCache\":\"0\",\"isFrame\":\"1\",\"menuId\":2057,\"menuName\":\"\",\"menuType\":\"M\",\"orderNum\":5,\"params\":{},\"parentId\":0,\"path\":\"business/setmeal\",\"perms\":\"\",\"status\":\"0\",\"updateBy\":\"admin\",\"visible\":\"0\"}', '{\"msg\":\"\",\"code\":200}', '0', null, '2022-08-31 16:10:50');
INSERT INTO `sys_oper_log` VALUES ('253', '', '2', 'com.ruoyi.web.controller.system.SysMenuController.edit()', 'PUT', '1', 'admin', null, '/system/menu', '127.0.0.1', 'IP', '{\"children\":[],\"createTime\":\"2022-08-31 15:37:54\",\"icon\":\"dashboard\",\"isCache\":\"0\",\"isFrame\":\"1\",\"menuId\":2057,\"menuName\":\"\",\"menuType\":\"M\",\"orderNum\":5,\"params\":{},\"parentId\":0,\"path\":\"business_1\",\"perms\":\"\",\"status\":\"0\",\"updateBy\":\"admin\",\"visible\":\"0\"}', '{\"msg\":\"\",\"code\":200}', '0', null, '2022-08-31 16:11:28');
INSERT INTO `sys_oper_log` VALUES ('254', '', '1', 'com.ruoyi.web.controller.system.SysDictTypeController.add()', 'POST', '1', 'admin', null, '/system/dict/type', '127.0.0.1', 'IP', '{\"createBy\":\"admin\",\"dictName\":\"\",\"dictType\":\"sys_audit_type\",\"params\":{},\"status\":\"0\"}', '{\"msg\":\"\",\"code\":200}', '0', null, '2022-08-31 16:12:29');
INSERT INTO `sys_oper_log` VALUES ('255', '', '1', 'com.ruoyi.web.controller.system.SysDictDataController.add()', 'POST', '1', 'admin', null, '/system/dict/data', '127.0.0.1', 'IP', '{\"createBy\":\"admin\",\"dictLabel\":\"\",\"dictSort\":1,\"dictType\":\"sys_audit_type\",\"dictValue\":\"car_package\",\"listClass\":\"default\",\"params\":{},\"status\":\"0\"}', '{\"msg\":\"\",\"code\":200}', '0', null, '2022-08-31 16:14:29');
INSERT INTO `sys_oper_log` VALUES ('256', '', '1', 'com.ruoyi.web.controller.system.SysDictDataController.add()', 'POST', '1', 'admin', null, '/system/dict/data', '127.0.0.1', 'IP', '{\"createBy\":\"admin\",\"dictLabel\":\"\",\"dictSort\":2,\"dictType\":\"sys_audit_type\",\"dictValue\":\"casual-leave\",\"listClass\":\"default\",\"params\":{},\"status\":\"0\"}', '{\"msg\":\"\",\"code\":200}', '0', null, '2022-08-31 16:14:59');
INSERT INTO `sys_oper_log` VALUES ('257', '', '1', 'com.ruoyi.web.controller.system.SysDictDataController.add()', 'POST', '1', 'admin', null, '/system/dict/data', '127.0.0.1', 'IP', '{\"createBy\":\"admin\",\"dictLabel\":\"\",\"dictSort\":3,\"dictType\":\"sys_audit_type\",\"dictValue\":\"sick-leave\",\"listClass\":\"default\",\"params\":{},\"status\":\"0\"}', '{\"msg\":\"\",\"code\":200}', '0', null, '2022-08-31 16:17:05');
INSERT INTO `sys_oper_log` VALUES ('258', '', '1', 'com.ruoyi.web.controller.system.SysDictTypeController.add()', 'POST', '1', 'admin', null, '/system/dict/type', '127.0.0.1', 'IP', '{\"createBy\":\"admin\",\"dictName\":\"\",\"dictType\":\"si_car_package\",\"params\":{},\"status\":\"0\"}', '{\"msg\":\"\",\"code\":200}', '0', null, '2022-09-01 10:13:49');
INSERT INTO `sys_oper_log` VALUES ('259', '', '1', 'com.ruoyi.web.controller.system.SysDictDataController.add()', 'POST', '1', 'admin', null, '/system/dict/data', '127.0.0.1', 'IP', '{\"createBy\":\"admin\",\"dictLabel\":\"\",\"dictSort\":1,\"dictType\":\"si_car_package\",\"dictValue\":\"0\",\"listClass\":\"default\",\"params\":{},\"status\":\"0\"}', '{\"msg\":\"\",\"code\":200}', '0', null, '2022-09-01 10:17:14');
INSERT INTO `sys_oper_log` VALUES ('260', '', '1', 'com.ruoyi.web.controller.system.SysDictDataController.add()', 'POST', '1', 'admin', null, '/system/dict/data', '127.0.0.1', 'IP', '{\"createBy\":\"admin\",\"dictLabel\":\"\",\"dictSort\":1,\"dictType\":\"si_car_package\",\"dictValue\":\"1\",\"listClass\":\"default\",\"params\":{},\"status\":\"0\"}', '{\"msg\":\"\",\"code\":200}', '0', null, '2022-09-01 10:17:27');
INSERT INTO `sys_oper_log` VALUES ('261', '', '1', 'com.ruoyi.web.controller.system.SysDictTypeController.add()', 'POST', '1', 'admin', null, '/system/dict/type', '127.0.0.1', 'IP', '{\"createBy\":\"admin\",\"dictName\":\"-\",\"dictType\":\"si_service_catalog\",\"params\":{},\"status\":\"0\"}', '{\"msg\":\"\",\"code\":200}', '0', null, '2022-09-01 10:20:07');
INSERT INTO `sys_oper_log` VALUES ('262', '', '2', 'com.ruoyi.web.controller.system.SysDictTypeController.edit()', 'PUT', '1', 'admin', null, '/system/dict/type', '127.0.0.1', 'IP', '{\"createBy\":\"admin\",\"createTime\":\"2022-09-01 10:13:49\",\"dictId\":102,\"dictName\":\"-\",\"dictType\":\"si_car_package\",\"params\":{},\"status\":\"0\",\"updateBy\":\"admin\"}', '{\"msg\":\"\",\"code\":200}', '0', null, '2022-09-01 10:20:15');
INSERT INTO `sys_oper_log` VALUES ('263', '', '1', 'com.ruoyi.web.controller.system.SysDictDataController.add()', 'POST', '1', 'admin', null, '/system/dict/data', '127.0.0.1', 'IP', '{\"createBy\":\"admin\",\"dictLabel\":\"\",\"dictSort\":0,\"dictType\":\"si_service_catalog\",\"dictValue\":\"0\",\"listClass\":\"default\",\"params\":{},\"status\":\"0\"}', '{\"msg\":\"\",\"code\":200}', '0', null, '2022-09-01 10:20:56');
INSERT INTO `sys_oper_log` VALUES ('264', '', '1', 'com.ruoyi.web.controller.system.SysDictDataController.add()', 'POST', '1', 'admin', null, '/system/dict/data', '127.0.0.1', 'IP', '{\"createBy\":\"admin\",\"dictLabel\":\"\",\"dictSort\":1,\"dictType\":\"si_service_catalog\",\"dictValue\":\"1\",\"listClass\":\"default\",\"params\":{},\"status\":\"0\"}', '{\"msg\":\"\",\"code\":200}', '0', null, '2022-09-01 10:21:08');
INSERT INTO `sys_oper_log` VALUES ('265', '', '1', 'com.ruoyi.web.controller.system.SysDictDataController.add()', 'POST', '1', 'admin', null, '/system/dict/data', '127.0.0.1', 'IP', '{\"createBy\":\"admin\",\"dictLabel\":\"\",\"dictSort\":2,\"dictType\":\"si_service_catalog\",\"dictValue\":\"2\",\"listClass\":\"default\",\"params\":{},\"status\":\"0\"}', '{\"msg\":\"\",\"code\":200}', '0', null, '2022-09-01 10:21:30');
INSERT INTO `sys_oper_log` VALUES ('266', '', '1', 'com.ruoyi.web.controller.system.SysDictTypeController.add()', 'POST', '1', 'admin', null, '/system/dict/type', '127.0.0.1', 'IP', '{\"createBy\":\"admin\",\"dictName\":\"-\",\"dictType\":\"si_audit_status\",\"params\":{},\"status\":\"0\"}', '{\"msg\":\"\",\"code\":200}', '0', null, '2022-09-01 10:23:40');
INSERT INTO `sys_oper_log` VALUES ('267', '', '1', 'com.ruoyi.web.controller.system.SysDictDataController.add()', 'POST', '1', 'admin', null, '/system/dict/data', '127.0.0.1', 'IP', '{\"createBy\":\"admin\",\"dictLabel\":\"\",\"dictSort\":0,\"dictType\":\"si_audit_status\",\"dictValue\":\"0\",\"listClass\":\"default\",\"params\":{},\"status\":\"0\"}', '{\"msg\":\"\",\"code\":200}', '0', null, '2022-09-01 10:24:14');
INSERT INTO `sys_oper_log` VALUES ('268', '', '1', 'com.ruoyi.web.controller.system.SysDictDataController.add()', 'POST', '1', 'admin', null, '/system/dict/data', '127.0.0.1', 'IP', '{\"createBy\":\"admin\",\"dictLabel\":\"\",\"dictSort\":1,\"dictType\":\"si_audit_status\",\"dictValue\":\"1\",\"listClass\":\"default\",\"params\":{},\"status\":\"0\"}', '{\"msg\":\"\",\"code\":200}', '0', null, '2022-09-01 10:24:28');
INSERT INTO `sys_oper_log` VALUES ('269', '', '1', 'com.ruoyi.web.controller.system.SysDictDataController.add()', 'POST', '1', 'admin', null, '/system/dict/data', '127.0.0.1', 'IP', '{\"createBy\":\"admin\",\"dictLabel\":\"\",\"dictSort\":2,\"dictType\":\"si_audit_status\",\"dictValue\":\"2\",\"listClass\":\"default\",\"params\":{},\"status\":\"0\"}', '{\"msg\":\"\",\"code\":200}', '0', null, '2022-09-01 10:24:41');
INSERT INTO `sys_oper_log` VALUES ('270', '', '1', 'com.ruoyi.web.controller.system.SysDictDataController.add()', 'POST', '1', 'admin', null, '/system/dict/data', '127.0.0.1', 'IP', '{\"createBy\":\"admin\",\"dictLabel\":\"\",\"dictSort\":3,\"dictType\":\"si_audit_status\",\"dictValue\":\"3\",\"listClass\":\"default\",\"params\":{},\"status\":\"0\"}', '{\"msg\":\"\",\"code\":200}', '0', null, '2022-09-01 10:24:54');
INSERT INTO `sys_oper_log` VALUES ('271', '', '1', 'com.ruoyi.web.controller.system.SysDictDataController.add()', 'POST', '1', 'admin', null, '/system/dict/data', '127.0.0.1', 'IP', '{\"createBy\":\"admin\",\"dictLabel\":\"\",\"dictSort\":4,\"dictType\":\"si_audit_status\",\"dictValue\":\"4\",\"listClass\":\"default\",\"params\":{},\"status\":\"0\"}', '{\"msg\":\"\",\"code\":200}', '0', null, '2022-09-01 10:25:08');
INSERT INTO `sys_oper_log` VALUES ('272', '', '1', 'com.ruoyi.web.controller.system.SysDictTypeController.add()', 'POST', '1', 'admin', null, '/system/dict/type', '127.0.0.1', 'IP', '{\"createBy\":\"admin\",\"dictName\":\"-\",\"dictType\":\"si_sale_status\",\"params\":{},\"status\":\"0\"}', '{\"msg\":\"\",\"code\":200}', '0', null, '2022-09-01 10:25:55');
INSERT INTO `sys_oper_log` VALUES ('273', '', '1', 'com.ruoyi.web.controller.system.SysDictDataController.add()', 'POST', '1', 'admin', null, '/system/dict/data', '127.0.0.1', 'IP', '{\"createBy\":\"admin\",\"dictLabel\":\"\",\"dictSort\":0,\"dictType\":\"si_sale_status\",\"dictValue\":\"0\",\"listClass\":\"default\",\"params\":{},\"status\":\"0\"}', '{\"msg\":\"\",\"code\":200}', '0', null, '2022-09-01 10:26:13');
INSERT INTO `sys_oper_log` VALUES ('274', '', '1', 'com.ruoyi.web.controller.system.SysDictDataController.add()', 'POST', '1', 'admin', null, '/system/dict/data', '127.0.0.1', 'IP', '{\"createBy\":\"admin\",\"dictLabel\":\"\",\"dictSort\":1,\"dictType\":\"si_sale_status\",\"dictValue\":\"1\",\"listClass\":\"default\",\"params\":{},\"status\":\"0\"}', '{\"msg\":\"\",\"code\":200}', '0', null, '2022-09-01 10:26:32');
INSERT INTO `sys_oper_log` VALUES ('275', '', '1', 'com.ruoyi.web.controller.system.SysDictTypeController.add()', 'POST', '1', 'admin', null, '/system/dict/type', '127.0.0.1', 'IP', '{\"createBy\":\"admin\",\"dictName\":\"-\",\"dictType\":\"appointment_status\",\"params\":{},\"status\":\"0\"}', '{\"msg\":\"\",\"code\":200}', '0', null, '2022-09-01 10:29:11');
INSERT INTO `sys_oper_log` VALUES ('276', '', '1', 'com.ruoyi.web.controller.system.SysDictDataController.add()', 'POST', '1', 'admin', null, '/system/dict/data', '127.0.0.1', 'IP', '{\"createBy\":\"admin\",\"dictLabel\":\"\",\"dictSort\":0,\"dictType\":\"appointment_status\",\"dictValue\":\"0\",\"listClass\":\"default\",\"params\":{},\"status\":\"0\"}', '{\"msg\":\"\",\"code\":200}', '0', null, '2022-09-01 10:31:42');
INSERT INTO `sys_oper_log` VALUES ('277', '', '1', 'com.ruoyi.web.controller.system.SysDictDataController.add()', 'POST', '1', 'admin', null, '/system/dict/data', '127.0.0.1', 'IP', '{\"createBy\":\"admin\",\"dictLabel\":\"\",\"dictSort\":1,\"dictType\":\"appointment_status\",\"dictValue\":\"1\",\"listClass\":\"default\",\"params\":{},\"status\":\"0\"}', '{\"msg\":\"\",\"code\":200}', '0', null, '2022-09-01 10:31:51');
INSERT INTO `sys_oper_log` VALUES ('278', '', '1', 'com.ruoyi.web.controller.system.SysDictTypeController.add()', 'POST', '1', 'admin', null, '/system/dict/type', '127.0.0.1', 'IP', '{\"createBy\":\"admin\",\"dictName\":\"-\",\"dictType\":\"statement_status\",\"params\":{},\"status\":\"0\"}', '{\"msg\":\"\",\"code\":200}', '0', null, '2022-09-01 10:32:52');
INSERT INTO `sys_oper_log` VALUES ('279', '', '1', 'com.ruoyi.web.controller.system.SysDictDataController.add()', 'POST', '1', 'admin', null, '/system/dict/data', '127.0.0.1', 'IP', '{\"createBy\":\"admin\",\"dictLabel\":\"\",\"dictSort\":0,\"dictType\":\"statement_status\",\"dictValue\":\"0\",\"listClass\":\"default\",\"params\":{},\"status\":\"0\"}', '{\"msg\":\"\",\"code\":200}', '0', null, '2022-09-01 10:33:11');
INSERT INTO `sys_oper_log` VALUES ('280', '', '1', 'com.ruoyi.web.controller.system.SysDictDataController.add()', 'POST', '1', 'admin', null, '/system/dict/data', '127.0.0.1', 'IP', '{\"createBy\":\"admin\",\"dictLabel\":\"\",\"dictSort\":1,\"dictType\":\"statement_status\",\"dictValue\":\"1\",\"listClass\":\"default\",\"params\":{},\"status\":\"0\"}', '{\"msg\":\"\",\"code\":200}', '0', null, '2022-09-01 10:33:27');
INSERT INTO `sys_oper_log` VALUES ('281', '', '1', 'com.ruoyi.web.controller.system.SysDictTypeController.add()', 'POST', '1', 'admin', null, '/system/dict/type', '127.0.0.1', 'IP', '{\"createBy\":\"admin\",\"dictName\":\"-\",\"dictType\":\"cmi_service_type\",\"params\":{},\"status\":\"0\"}', '{\"msg\":\"\",\"code\":200}', '0', null, '2022-09-01 10:35:25');
INSERT INTO `sys_oper_log` VALUES ('282', '', '1', 'com.ruoyi.web.controller.system.SysDictDataController.add()', 'POST', '1', 'admin', null, '/system/dict/data', '127.0.0.1', 'IP', '{\"createBy\":\"admin\",\"dictLabel\":\"\",\"dictSort\":0,\"dictType\":\"cmi_service_type\",\"dictValue\":\"0\",\"listClass\":\"default\",\"params\":{},\"status\":\"0\"}', '{\"msg\":\"\",\"code\":200}', '0', null, '2022-09-01 10:35:57');
INSERT INTO `sys_oper_log` VALUES ('283', '', '1', 'com.ruoyi.web.controller.system.SysDictDataController.add()', 'POST', '1', 'admin', null, '/system/dict/data', '127.0.0.1', 'IP', '{\"createBy\":\"admin\",\"dictLabel\":\"\",\"dictSort\":1,\"dictType\":\"cmi_service_type\",\"dictValue\":\"1\",\"listClass\":\"default\",\"params\":{},\"status\":\"0\"}', '{\"msg\":\"\",\"code\":200}', '0', null, '2022-09-01 10:36:09');
INSERT INTO `sys_oper_log` VALUES ('284', '', '1', 'com.ruoyi.web.controller.system.SysDictTypeController.add()', 'POST', '1', 'admin', null, '/system/dict/type', '127.0.0.1', 'IP', '{\"createBy\":\"admin\",\"dictName\":\"-\",\"dictType\":\"cmi_status\",\"params\":{},\"status\":\"0\"}', '{\"msg\":\"\",\"code\":200}', '0', null, '2022-09-01 10:36:54');
INSERT INTO `sys_oper_log` VALUES ('285', '', '1', 'com.ruoyi.web.controller.system.SysDictDataController.add()', 'POST', '1', 'admin', null, '/system/dict/data', '127.0.0.1', 'IP', '{\"createBy\":\"admin\",\"dictLabel\":\"\",\"dictSort\":0,\"dictType\":\"cmi_status\",\"dictValue\":\"0\",\"listClass\":\"default\",\"params\":{},\"status\":\"0\"}', '{\"msg\":\"\",\"code\":200}', '0', null, '2022-09-01 10:37:11');
INSERT INTO `sys_oper_log` VALUES ('286', '', '1', 'com.ruoyi.web.controller.system.SysDictDataController.add()', 'POST', '1', 'admin', null, '/system/dict/data', '127.0.0.1', 'IP', '{\"createBy\":\"admin\",\"dictLabel\":\"\",\"dictSort\":1,\"dictType\":\"cmi_status\",\"dictValue\":\"1\",\"listClass\":\"default\",\"params\":{},\"status\":\"0\"}', '{\"msg\":\"\",\"code\":200}', '0', null, '2022-09-01 10:37:25');
INSERT INTO `sys_oper_log` VALUES ('287', '', '1', 'com.ruoyi.web.controller.system.SysDictDataController.add()', 'POST', '1', 'admin', null, '/system/dict/data', '127.0.0.1', 'IP', '{\"createBy\":\"admin\",\"dictLabel\":\"\",\"dictSort\":2,\"dictType\":\"cmi_status\",\"dictValue\":\"2\",\"listClass\":\"default\",\"params\":{},\"status\":\"0\"}', '{\"msg\":\"\",\"code\":200}', '0', null, '2022-09-01 10:37:36');
INSERT INTO `sys_oper_log` VALUES ('288', '', '1', 'com.ruoyi.web.controller.system.SysDictDataController.add()', 'POST', '1', 'admin', null, '/system/dict/data', '127.0.0.1', 'IP', '{\"createBy\":\"admin\",\"dictLabel\":\"\",\"dictSort\":3,\"dictType\":\"cmi_status\",\"dictValue\":\"4\",\"listClass\":\"default\",\"params\":{},\"status\":\"0\"}', '{\"msg\":\"\",\"code\":200}', '0', null, '2022-09-01 10:37:51');
INSERT INTO `sys_oper_log` VALUES ('289', '', '1', 'com.ruoyi.web.controller.system.SysDictDataController.add()', 'POST', '1', 'admin', null, '/system/dict/data', '127.0.0.1', 'IP', '{\"createBy\":\"admin\",\"dictLabel\":\"\",\"dictSort\":5,\"dictType\":\"cmi_status\",\"dictValue\":\"5\",\"listClass\":\"default\",\"params\":{},\"status\":\"0\"}', '{\"msg\":\"\",\"code\":200}', '0', null, '2022-09-01 10:38:04');
INSERT INTO `sys_oper_log` VALUES ('290', '', '1', 'com.ruoyi.web.controller.system.SysRoleController.add()', 'POST', '1', 'admin', null, '/system/role', '127.0.0.1', 'IP', '{\"admin\":false,\"createBy\":\"admin\",\"deptCheckStrictly\":true,\"deptIds\":[],\"flag\":false,\"menuCheckStrictly\":false,\"menuIds\":[1,100,1000,1001,1002,1003,1004,1005,1006,101,1007,1008,1009,1010,1011,2001,2002,2004,2005,2006,102,1012,1013,1014,1015,103,1016,1017,1018,1019,104,1020,1021,1022,1023,1024,105,1025,1026,1027,1028,1029,106,1030,1031,1032,1033,1034,107,1035,1036,1037,1038,108,500,1039,1040,1041,501,1042,1043,1044,2,109,1045,1046,1047,110,1048,1049,1050,1051,1052,1053,111,112,113,114,3,115,1054,1055,1057,1056,1058,1059,2007,2008,2009,2010,2011,2012,2013,2014,2015,2016,2017,2018,2019,2020,2021,2022,2023,2024,2025,2026,2027,2028,2029,2030,116,117,2031,2032,2037,2036,2038,2039,2040,2042,2041,2033,2043,2044,2045,2046,2047,2048,2049,2050,2034,2035,2056,2053,2054,2052,2051,2055,2057,2058,2059,2060,2061,2062,2063,2064,2065,2066,2067,2068,2069,4],\"params\":{},\"roleId\":102,\"roleKey\":\"shopOwner\",\"roleName\":\"\",\"roleSort\":\"0\",\"status\":\"0\"}', '{\"msg\":\"\",\"code\":200}', '0', null, '2022-09-01 16:13:02');
INSERT INTO `sys_oper_log` VALUES ('291', '', '1', 'com.ruoyi.web.controller.system.SysRoleController.add()', 'POST', '1', 'admin', null, '/system/role', '127.0.0.1', 'IP', '{\"admin\":false,\"createBy\":\"admin\",\"deptCheckStrictly\":true,\"deptIds\":[],\"flag\":false,\"menuCheckStrictly\":true,\"menuIds\":[1,100,1000,1001,1002,1003,1004,1005,1006,101,1007,1008,1009,1010,1011,2001,2002,2004,2005,2006,102,1012,1013,1014,1015,103,1016,1017,1018,1019,104,1020,1021,1022,1023,1024,105,1025,1026,1027,1028,1029,106,1030,1031,1032,1033,1034,107,1035,1036,1037,1038,108,500,1039,1040,1041,501,1042,1043,1044,2,109,1045,1046,1047,110,1048,1049,1050,1051,1052,1053,111,112,113,114,3,115,1054,1055,1057,1056,1058,1059,2007,2008,2009,2010,2011,2012,2013,2014,2015,2016,2017,2018,2019,2020,2021,2022,2023,2024,2025,2026,2027,2028,2029,2030,116,117,2031,2032,2037,2036,2038,2039,2040,2042,2041,2033,2043,2044,2045,2046,2047,2048,2049,2050,2034,2035,2056,2053,2054,2052,2051,2055,2057,2058,2059,2060,2061,2062,2063,2064,2065,2066,2067,2068,2069,4],\"params\":{},\"roleId\":103,\"roleKey\":\"financial\",\"roleName\":\"\",\"roleSort\":\"5\",\"status\":\"0\"}', '{\"msg\":\"\",\"code\":200}', '0', null, '2022-09-01 16:13:39');
INSERT INTO `sys_oper_log` VALUES ('292', '', '1', 'com.ruoyi.web.controller.system.SysUserController.add()', 'POST', '1', 'admin', null, '/system/user', '127.0.0.1', 'IP', '{\"admin\":false,\"createBy\":\"admin\",\"deptId\":100,\"nickName\":\"zzq\",\"params\":{},\"password\":\"$2a$10$6th562XJ9Ay0WGep.L9Uq.dtrBZEZB9QOti23AtQRZf4UjJEdyydq\",\"phonenumber\":\"\",\"postIds\":[],\"roleIds\":[102],\"sex\":\"0\",\"status\":\"0\",\"userId\":1065,\"userName\":\"zzq\"}', '{\"msg\":\"\",\"code\":200}', '0', null, '2022-09-01 16:19:07');
INSERT INTO `sys_oper_log` VALUES ('293', '', '1', 'com.ruoyi.web.controller.system.SysUserController.add()', 'POST', '1', 'admin', null, '/system/user', '127.0.0.1', 'IP', '{\"admin\":false,\"createBy\":\"admin\",\"deptId\":100,\"nickName\":\"ztt\",\"params\":{},\"password\":\"$2a$10$SICfQSQ8WcwBNWhF6kyU4utzFsbLQKUqaj0qjtQEhMpTYXFZkB6T.\",\"postIds\":[],\"roleIds\":[103],\"sex\":\"1\",\"status\":\"0\",\"userId\":1066,\"userName\":\"ztt\"}', '{\"msg\":\"\",\"code\":200}', '0', null, '2022-09-01 16:19:41');
INSERT INTO `sys_oper_log` VALUES ('294', '', '2', 'com.ruoyi.web.controller.system.SysDictDataController.edit()', 'PUT', '1', 'zzq', null, '/system/dict/data', '127.0.0.1', 'IP', '{\"createBy\":\"admin\",\"createTime\":\"2022-09-01 10:26:13\",\"dictCode\":118,\"dictLabel\":\"\",\"dictSort\":0,\"dictType\":\"si_sale_status\",\"dictValue\":\"1\",\"isDefault\":\"N\",\"listClass\":\"default\",\"params\":{},\"status\":\"0\",\"updateBy\":\"zzq\"}', '{\"msg\":\"\",\"code\":200}', '0', null, '2022-09-01 16:36:07');
INSERT INTO `sys_oper_log` VALUES ('295', '', '2', 'com.ruoyi.web.controller.system.SysDictDataController.edit()', 'PUT', '1', 'zzq', null, '/system/dict/data', '127.0.0.1', 'IP', '{\"createBy\":\"admin\",\"createTime\":\"2022-09-01 10:26:32\",\"dictCode\":119,\"dictLabel\":\"\",\"dictSort\":1,\"dictType\":\"si_sale_status\",\"dictValue\":\"0\",\"isDefault\":\"N\",\"listClass\":\"default\",\"params\":{},\"status\":\"0\",\"updateBy\":\"zzq\"}', '{\"msg\":\"\",\"code\":200}', '0', null, '2022-09-01 16:36:23');
INSERT INTO `sys_oper_log` VALUES ('296', '', '3', 'com.ruoyi.web.controller.system.SysMenuController.remove()', 'DELETE', '1', 'admin', null, '/system/menu/2002', '127.0.0.1', 'IP', '{menuId=2002}', '{\"msg\":\",\",\"code\":500}', '0', null, '2022-09-01 17:16:37');
INSERT INTO `sys_oper_log` VALUES ('297', '', '3', 'com.ruoyi.web.controller.system.SysMenuController.remove()', 'DELETE', '1', 'admin', null, '/system/menu/2004', '127.0.0.1', 'IP', '{menuId=2004}', '{\"msg\":\",\",\"code\":500}', '0', null, '2022-09-01 17:16:42');
INSERT INTO `sys_oper_log` VALUES ('298', '', '2', 'com.ruoyi.web.controller.system.SysMenuController.edit()', 'PUT', '1', 'admin', null, '/system/menu', '127.0.0.1', 'IP', '{\"children\":[],\"component\":\"business/setmeal/index\",\"createTime\":\"2022-08-31 15:39:30\",\"icon\":\"#\",\"isCache\":\"0\",\"isFrame\":\"1\",\"menuId\":2058,\"menuName\":\"\",\"menuType\":\"C\",\"orderNum\":1,\"params\":{},\"parentId\":2057,\"path\":\"setmeal\",\"perms\":\"business:carPackageAudit:list\",\"status\":\"0\",\"updateBy\":\"admin\",\"visible\":\"0\"}', '{\"msg\":\"\",\"code\":200}', '0', null, '2022-09-01 17:27:51');
INSERT INTO `sys_oper_log` VALUES ('299', '', '2', 'com.ruoyi.web.controller.system.SysMenuController.edit()', 'PUT', '1', 'admin', null, '/system/menu', '127.0.0.1', 'IP', '{\"children\":[],\"createTime\":\"2022-08-31 15:37:54\",\"icon\":\"dashboard\",\"isCache\":\"0\",\"isFrame\":\"1\",\"menuId\":2057,\"menuName\":\"\",\"menuType\":\"M\",\"orderNum\":5,\"params\":{},\"parentId\":0,\"path\":\"setmeal\",\"perms\":\"\",\"status\":\"0\",\"updateBy\":\"admin\",\"visible\":\"0\"}', '{\"msg\":\"\",\"code\":200}', '0', null, '2022-09-01 17:40:39');
INSERT INTO `sys_oper_log` VALUES ('300', '', '1', 'com.ruoyi.web.controller.system.SysMenuController.add()', 'POST', '1', 'admin', null, '/system/menu', '127.0.0.1', 'IP', '{\"children\":[],\"component\":\"system/type/index\",\"createBy\":\"admin\",\"icon\":\"button\",\"isCache\":\"0\",\"isFrame\":\"1\",\"menuName\":\"\",\"menuType\":\"C\",\"orderNum\":1,\"params\":{},\"parentId\":1,\"path\":\"car\",\"perms\":\"system:type:list\",\"status\":\"0\",\"visible\":\"0\"}', '{\"msg\":\"\",\"code\":200}', '0', null, '2022-09-03 12:24:46');
INSERT INTO `sys_oper_log` VALUES ('301', '', '2', 'com.ruoyi.web.controller.system.SysMenuController.edit()', 'PUT', '1', 'admin', null, '/system/menu', '127.0.0.1', 'IP', '{\"children\":[],\"createTime\":\"2022-08-25 17:40:52\",\"icon\":\"guide\",\"isCache\":\"0\",\"isFrame\":\"0\",\"menuId\":4,\"menuName\":\"E\",\"menuType\":\"M\",\"orderNum\":100,\"params\":{},\"parentId\":0,\"path\":\"http://xue.cnkdl.cn:23683/frontend/home.html\",\"perms\":\"\",\"query\":\"\",\"status\":\"0\",\"updateBy\":\"admin\",\"visible\":\"0\"}', '{\"msg\":\"\",\"code\":200}', '0', null, '2022-09-03 13:22:38');
INSERT INTO `sys_oper_log` VALUES ('302', '', '1', 'com.ruoyi.web.controller.system.SysMenuController.add()', 'POST', '1', 'admin', null, '/system/menu', '127.0.0.1', 'IP', '{\"children\":[],\"component\":\"system/type/index\",\"createBy\":\"admin\",\"isCache\":\"0\",\"isFrame\":\"1\",\"menuName\":\"\",\"menuType\":\"C\",\"orderNum\":1,\"params\":{},\"parentId\":0,\"path\":\"car\",\"perms\":\"system:type:list\",\"status\":\"0\",\"visible\":\"0\"}', '{\"msg\":\"\",\"code\":200}', '0', null, '2022-09-03 13:24:16');
INSERT INTO `sys_oper_log` VALUES ('303', '', '1', 'com.ruoyi.web.controller.system.SysMenuController.add()', 'POST', '1', 'admin', null, '/system/menu', '127.0.0.1', 'IP', '{\"children\":[],\"createBy\":\"admin\",\"isCache\":\"0\",\"isFrame\":\"1\",\"menuName\":\"\",\"menuType\":\"F\",\"orderNum\":1,\"params\":{},\"parentId\":2071,\"perms\":\"system:type:export\",\"status\":\"0\",\"visible\":\"0\"}', '{\"msg\":\"\",\"code\":200}', '0', null, '2022-09-03 13:27:40');
INSERT INTO `sys_oper_log` VALUES ('304', '', '1', 'com.ruoyi.web.controller.system.SysMenuController.add()', 'POST', '1', 'admin', null, '/system/menu', '127.0.0.1', 'IP', '{\"children\":[],\"createBy\":\"admin\",\"isCache\":\"0\",\"isFrame\":\"1\",\"menuName\":\"\",\"menuType\":\"F\",\"orderNum\":2,\"params\":{},\"parentId\":2071,\"perms\":\"system:type:query\",\"status\":\"0\",\"visible\":\"0\"}', '{\"msg\":\"\",\"code\":200}', '0', null, '2022-09-03 13:27:53');
INSERT INTO `sys_oper_log` VALUES ('305', '', '1', 'com.ruoyi.web.controller.system.SysMenuController.add()', 'POST', '1', 'admin', null, '/system/menu', '127.0.0.1', 'IP', '{\"children\":[],\"createBy\":\"admin\",\"isCache\":\"0\",\"isFrame\":\"1\",\"menuName\":\"\",\"menuType\":\"F\",\"orderNum\":3,\"params\":{},\"parentId\":2071,\"perms\":\"system:type:add\",\"status\":\"0\",\"visible\":\"0\"}', '{\"msg\":\"\",\"code\":200}', '0', null, '2022-09-03 13:28:06');
INSERT INTO `sys_oper_log` VALUES ('306', '', '1', 'com.ruoyi.web.controller.system.SysMenuController.add()', 'POST', '1', 'admin', null, '/system/menu', '127.0.0.1', 'IP', '{\"children\":[],\"createBy\":\"admin\",\"isCache\":\"0\",\"isFrame\":\"1\",\"menuName\":\"\",\"menuType\":\"F\",\"orderNum\":4,\"params\":{},\"parentId\":2071,\"perms\":\"system:type:edit\",\"status\":\"0\",\"visible\":\"0\"}', '{\"msg\":\"\",\"code\":200}', '0', null, '2022-09-03 13:28:19');
INSERT INTO `sys_oper_log` VALUES ('307', '', '1', 'com.ruoyi.web.controller.system.SysMenuController.add()', 'POST', '1', 'admin', null, '/system/menu', '127.0.0.1', 'IP', '{\"children\":[],\"createBy\":\"admin\",\"isCache\":\"0\",\"isFrame\":\"1\",\"menuName\":\"\",\"menuType\":\"F\",\"orderNum\":5,\"params\":{},\"parentId\":2071,\"perms\":\"system:type:remove\",\"status\":\"0\",\"visible\":\"0\"}', '{\"msg\":\"\",\"code\":200}', '0', null, '2022-09-03 13:28:34');
INSERT INTO `sys_oper_log` VALUES ('308', '', '2', 'com.ruoyi.web.controller.system.SysMenuController.edit()', 'PUT', '1', 'admin', null, '/system/menu', '127.0.0.1', 'IP', '{\"children\":[],\"component\":\"system/type/index\",\"createTime\":\"2022-09-03 13:24:16\",\"icon\":\"#\",\"isCache\":\"0\",\"isFrame\":\"1\",\"menuId\":2071,\"menuName\":\"\",\"menuType\":\"C\",\"orderNum\":1,\"params\":{},\"parentId\":1,\"path\":\"car\",\"perms\":\"system:type:list\",\"status\":\"0\",\"visible\":\"0\"}', '{\"msg\":\"\'\'\",\"code\":500}', '0', null, '2022-09-03 13:28:46');
INSERT INTO `sys_oper_log` VALUES ('309', '', '3', 'com.ruoyi.web.controller.system.SysMenuController.remove()', 'DELETE', '1', 'admin', null, '/system/menu/2070', '127.0.0.1', 'IP', '{menuId=2070}', '{\"msg\":\"\",\"code\":200}', '0', null, '2022-09-03 13:28:59');
INSERT INTO `sys_oper_log` VALUES ('310', '', '2', 'com.ruoyi.web.controller.system.SysMenuController.edit()', 'PUT', '1', 'admin', null, '/system/menu', '127.0.0.1', 'IP', '{\"children\":[],\"component\":\"system/type/index\",\"createTime\":\"2022-09-03 13:24:16\",\"icon\":\"#\",\"isCache\":\"0\",\"isFrame\":\"1\",\"menuId\":2071,\"menuName\":\"\",\"menuType\":\"C\",\"orderNum\":1,\"params\":{},\"parentId\":1,\"path\":\"car\",\"perms\":\"system:type:list\",\"status\":\"0\",\"updateBy\":\"admin\",\"visible\":\"0\"}', '{\"msg\":\"\",\"code\":200}', '0', null, '2022-09-03 13:29:07');
INSERT INTO `sys_oper_log` VALUES ('311', '', '1', 'com.ruoyi.web.controller.system.SysMenuController.add()', 'POST', '1', 'admin', null, '/system/menu', '127.0.0.1', 'IP', '{\"children\":[],\"createBy\":\"admin\",\"isCache\":\"0\",\"isFrame\":\"1\",\"menuName\":\"\",\"menuType\":\"M\",\"orderNum\":7,\"params\":{},\"parentId\":0,\"path\":\"customer\",\"status\":\"0\",\"visible\":\"0\"}', '{\"msg\":\"\",\"code\":200}', '0', null, '2022-09-03 13:30:04');
INSERT INTO `sys_oper_log` VALUES ('312', '', '1', 'com.ruoyi.web.controller.system.SysMenuController.add()', 'POST', '1', 'admin', null, '/system/menu', '127.0.0.1', 'IP', '{\"children\":[],\"component\":\"customer/index\",\"createBy\":\"admin\",\"isCache\":\"0\",\"isFrame\":\"1\",\"menuName\":\"\",\"menuType\":\"C\",\"orderNum\":1,\"params\":{},\"parentId\":2077,\"path\":\"customer\",\"perms\":\"customer:list\",\"status\":\"0\",\"visible\":\"0\"}', '{\"msg\":\"\",\"code\":200}', '0', null, '2022-09-03 13:30:55');
INSERT INTO `sys_oper_log` VALUES ('313', '', '2', 'com.ruoyi.web.controller.system.SysMenuController.edit()', 'PUT', '1', 'admin', null, '/system/menu', '127.0.0.1', 'IP', '{\"children\":[],\"component\":\"customer/index\",\"createTime\":\"2022-09-03 13:30:55\",\"icon\":\"#\",\"isCache\":\"0\",\"isFrame\":\"1\",\"menuId\":2078,\"menuName\":\"\",\"menuType\":\"C\",\"orderNum\":1,\"params\":{},\"parentId\":2077,\"path\":\"customer\",\"perms\":\"customer:list\",\"status\":\"0\",\"updateBy\":\"admin\",\"visible\":\"0\"}', '{\"msg\":\"\",\"code\":200}', '0', null, '2022-09-03 13:31:20');
INSERT INTO `sys_oper_log` VALUES ('314', '', '1', 'com.ruoyi.web.controller.system.SysMenuController.add()', 'POST', '1', 'admin', null, '/system/menu', '127.0.0.1', 'IP', '{\"children\":[],\"createBy\":\"admin\",\"isCache\":\"0\",\"isFrame\":\"1\",\"menuName\":\"\",\"menuType\":\"F\",\"orderNum\":1,\"params\":{},\"parentId\":2078,\"perms\":\"customer:export\",\"status\":\"0\",\"visible\":\"0\"}', '{\"msg\":\"\",\"code\":200}', '0', null, '2022-09-03 13:31:28');
INSERT INTO `sys_oper_log` VALUES ('315', '', '1', 'com.ruoyi.web.controller.system.SysMenuController.add()', 'POST', '1', 'admin', null, '/system/menu', '127.0.0.1', 'IP', '{\"children\":[],\"createBy\":\"admin\",\"isCache\":\"0\",\"isFrame\":\"1\",\"menuName\":\"\",\"menuType\":\"F\",\"orderNum\":2,\"params\":{},\"parentId\":2077,\"perms\":\"customer:query\",\"status\":\"0\",\"visible\":\"0\"}', '{\"msg\":\"\",\"code\":200}', '0', null, '2022-09-03 13:31:41');
INSERT INTO `sys_oper_log` VALUES ('316', '', '2', 'com.ruoyi.web.controller.system.SysMenuController.edit()', 'PUT', '1', 'admin', null, '/system/menu', '127.0.0.1', 'IP', '{\"children\":[],\"createTime\":\"2022-09-03 13:31:41\",\"icon\":\"#\",\"isCache\":\"0\",\"isFrame\":\"1\",\"menuId\":2080,\"menuName\":\"\",\"menuType\":\"F\",\"orderNum\":2,\"params\":{},\"parentId\":2078,\"path\":\"\",\"perms\":\"customer:query\",\"status\":\"0\",\"updateBy\":\"admin\",\"visible\":\"0\"}', '{\"msg\":\"\",\"code\":200}', '0', null, '2022-09-03 13:31:54');
INSERT INTO `sys_oper_log` VALUES ('317', '', '1', 'com.ruoyi.web.controller.system.SysMenuController.add()', 'POST', '1', 'admin', null, '/system/menu', '127.0.0.1', 'IP', '{\"children\":[],\"createBy\":\"admin\",\"isCache\":\"0\",\"isFrame\":\"1\",\"menuName\":\"\",\"menuType\":\"F\",\"orderNum\":3,\"params\":{},\"parentId\":2078,\"perms\":\"customer:add\",\"status\":\"0\",\"visible\":\"0\"}', '{\"msg\":\"\",\"code\":200}', '0', null, '2022-09-03 13:32:06');
INSERT INTO `sys_oper_log` VALUES ('318', '', '1', 'com.ruoyi.web.controller.system.SysMenuController.add()', 'POST', '1', 'admin', null, '/system/menu', '127.0.0.1', 'IP', '{\"children\":[],\"createBy\":\"admin\",\"isCache\":\"0\",\"isFrame\":\"1\",\"menuName\":\"\",\"menuType\":\"F\",\"orderNum\":4,\"params\":{},\"parentId\":2078,\"perms\":\"customer:edit\",\"status\":\"0\",\"visible\":\"0\"}', '{\"msg\":\"\",\"code\":200}', '0', null, '2022-09-03 13:32:17');
INSERT INTO `sys_oper_log` VALUES ('319', '', '1', 'com.ruoyi.web.controller.system.SysMenuController.add()', 'POST', '1', 'admin', null, '/system/menu', '127.0.0.1', 'IP', '{\"children\":[],\"createBy\":\"admin\",\"isCache\":\"0\",\"isFrame\":\"1\",\"menuName\":\"\",\"menuType\":\"F\",\"orderNum\":5,\"params\":{},\"parentId\":2078,\"perms\":\"customer:remove\",\"status\":\"0\",\"visible\":\"0\"}', '{\"msg\":\"\",\"code\":200}', '0', null, '2022-09-03 13:32:31');
INSERT INTO `sys_oper_log` VALUES ('320', '', '1', 'com.ruoyi.web.controller.system.SysMenuController.add()', 'POST', '1', 'admin', null, '/system/menu', '127.0.0.1', 'IP', '{\"children\":[],\"component\":\"customer/visit/index\",\"createBy\":\"admin\",\"isCache\":\"0\",\"isFrame\":\"1\",\"menuName\":\"\",\"menuType\":\"C\",\"orderNum\":2,\"params\":{},\"parentId\":2077,\"path\":\"visit\",\"perms\":\"customer:visit:list\",\"status\":\"0\",\"visible\":\"0\"}', '{\"msg\":\"\",\"code\":200}', '0', null, '2022-09-03 13:33:15');
INSERT INTO `sys_oper_log` VALUES ('321', '', '1', 'com.ruoyi.web.controller.system.SysMenuController.add()', 'POST', '1', 'admin', null, '/system/menu', '127.0.0.1', 'IP', '{\"children\":[],\"createBy\":\"admin\",\"isCache\":\"0\",\"isFrame\":\"1\",\"menuName\":\"\",\"menuType\":\"F\",\"orderNum\":1,\"params\":{},\"parentId\":2084,\"perms\":\"customer:visit:export\",\"status\":\"0\",\"visible\":\"0\"}', '{\"msg\":\"\",\"code\":200}', '0', null, '2022-09-03 13:33:30');
INSERT INTO `sys_oper_log` VALUES ('322', '', '1', 'com.ruoyi.web.controller.system.SysMenuController.add()', 'POST', '1', 'admin', null, '/system/menu', '127.0.0.1', 'IP', '{\"children\":[],\"createBy\":\"admin\",\"isCache\":\"0\",\"isFrame\":\"1\",\"menuName\":\"\",\"menuType\":\"F\",\"orderNum\":2,\"params\":{},\"parentId\":2084,\"perms\":\"customer:visit:query\",\"status\":\"0\",\"visible\":\"0\"}', '{\"msg\":\"\",\"code\":200}', '0', null, '2022-09-03 13:33:41');
INSERT INTO `sys_oper_log` VALUES ('323', '', '1', 'com.ruoyi.web.controller.system.SysMenuController.add()', 'POST', '1', 'admin', null, '/system/menu', '127.0.0.1', 'IP', '{\"children\":[],\"createBy\":\"admin\",\"isCache\":\"0\",\"isFrame\":\"1\",\"menuName\":\"\",\"menuType\":\"F\",\"orderNum\":3,\"params\":{},\"parentId\":2084,\"perms\":\"customer:visit:add\",\"status\":\"0\",\"visible\":\"0\"}', '{\"msg\":\"\",\"code\":200}', '0', null, '2022-09-03 13:33:57');
INSERT INTO `sys_oper_log` VALUES ('324', '', '1', 'com.ruoyi.web.controller.system.SysMenuController.add()', 'POST', '1', 'admin', null, '/system/menu', '127.0.0.1', 'IP', '{\"children\":[],\"createBy\":\"admin\",\"isCache\":\"0\",\"isFrame\":\"1\",\"menuName\":\"\",\"menuType\":\"F\",\"orderNum\":4,\"params\":{},\"parentId\":2084,\"perms\":\"customer:visit:edit\",\"status\":\"0\",\"visible\":\"0\"}', '{\"msg\":\"\",\"code\":200}', '0', null, '2022-09-03 13:34:11');
INSERT INTO `sys_oper_log` VALUES ('325', '', '1', 'com.ruoyi.web.controller.system.SysMenuController.add()', 'POST', '1', 'admin', null, '/system/menu', '127.0.0.1', 'IP', '{\"children\":[],\"createBy\":\"admin\",\"isCache\":\"0\",\"isFrame\":\"1\",\"menuName\":\"\",\"menuType\":\"F\",\"orderNum\":5,\"params\":{},\"parentId\":2084,\"perms\":\"customer:visit:remove\",\"status\":\"0\",\"visible\":\"0\"}', '{\"msg\":\"\",\"code\":200}', '0', null, '2022-09-03 13:34:23');
INSERT INTO `sys_oper_log` VALUES ('326', '', '3', 'com.ruoyi.web.controller.system.SysMenuController.remove()', 'DELETE', '1', 'admin', null, '/system/menu/2007', '127.0.0.1', 'IP', '{menuId=2007}', '{\"msg\":\",\",\"code\":500}', '0', null, '2022-09-03 13:55:02');
INSERT INTO `sys_oper_log` VALUES ('327', '', '3', 'com.ruoyi.web.controller.system.SysMenuController.remove()', 'DELETE', '1', 'admin', null, '/system/menu/2008', '127.0.0.1', 'IP', '{menuId=2008}', '{\"msg\":\",\",\"code\":500}', '0', null, '2022-09-03 13:55:07');
INSERT INTO `sys_oper_log` VALUES ('328', '', '2', 'com.ruoyi.web.controller.system.SysRoleController.edit()', 'PUT', '1', 'admin', null, '/system/role', '127.0.0.1', 'IP', '{\"admin\":false,\"createTime\":\"2022-09-01 16:13:39\",\"dataScope\":\"1\",\"delFlag\":\"0\",\"deptCheckStrictly\":true,\"flag\":false,\"menuCheckStrictly\":true,\"menuIds\":[2057,2058,2059,2060,2061,2062,2063,2064,4],\"params\":{},\"roleId\":103,\"roleKey\":\"financial\",\"roleName\":\"\",\"roleSort\":\"5\",\"status\":\"0\",\"updateBy\":\"admin\"}', '{\"msg\":\"\",\"code\":200}', '0', null, '2022-09-03 13:55:42');
INSERT INTO `sys_oper_log` VALUES ('329', '', '2', 'com.ruoyi.web.controller.system.SysRoleController.edit()', 'PUT', '1', 'admin', null, '/system/role', '127.0.0.1', 'IP', '{\"admin\":false,\"createTime\":\"2022-08-25 17:40:52\",\"dataScope\":\"2\",\"delFlag\":\"0\",\"deptCheckStrictly\":false,\"flag\":false,\"menuCheckStrictly\":false,\"menuIds\":[100,1000,1001,1002,1003,1004,1005,1006,101,1007,1008,1009,1010,1011,102,1012,1013,1014,1015,103,1016,1017,1018,1019,104,1020,1021,1022,1023,1024,105,1025,1026,1027,1028,1029,106,1030,1031,1032,1033,1034,107,1035,1036,1037,1038,108,500,1039,1040,1041,501,1042,1043,1044,109,1045,1046,1047,110,1048,1049,1050,1051,1052,1053,111,112,113,114,115,1054,1055,1057,1056,1058,1059,116,117,4],\"params\":{},\"remark\":\"\",\"roleId\":2,\"roleKey\":\"common\",\"roleName\":\"\",\"roleSort\":\"2\",\"status\":\"0\",\"updateBy\":\"admin\"}', '{\"msg\":\"\",\"code\":200}', '0', null, '2022-09-03 13:55:49');
INSERT INTO `sys_oper_log` VALUES ('330', '', '2', 'com.ruoyi.web.controller.system.SysRoleController.edit()', 'PUT', '1', 'admin', null, '/system/role', '127.0.0.1', 'IP', '{\"admin\":false,\"createTime\":\"2022-08-26 10:09:31\",\"dataScope\":\"1\",\"delFlag\":\"0\",\"deptCheckStrictly\":true,\"flag\":false,\"menuCheckStrictly\":true,\"menuIds\":[2077,2078,2079,2080,2081,2082,2083,2084,2085,2086,2087,2088,2089,4],\"params\":{},\"remark\":\"001\",\"roleId\":100,\"roleKey\":\"pm\",\"roleName\":\"\",\"roleSort\":\"3\",\"status\":\"0\",\"updateBy\":\"admin\"}', '{\"msg\":\"\",\"code\":200}', '0', null, '2022-09-03 13:56:25');
INSERT INTO `sys_oper_log` VALUES ('331', '', '2', 'com.ruoyi.web.controller.system.SysRoleController.edit()', 'PUT', '1', 'admin', null, '/system/role', '127.0.0.1', 'IP', '{\"admin\":false,\"createTime\":\"2022-09-01 16:13:39\",\"dataScope\":\"1\",\"delFlag\":\"0\",\"deptCheckStrictly\":true,\"flag\":false,\"menuCheckStrictly\":true,\"menuIds\":[2057,2058,2059,2060,2061,2062,2063,2064,4],\"params\":{},\"roleId\":103,\"roleKey\":\"financial\",\"roleName\":\"\",\"roleSort\":\"5\",\"status\":\"0\",\"updateBy\":\"admin\"}', '{\"msg\":\"\",\"code\":200}', '0', null, '2022-09-03 13:56:36');
INSERT INTO `sys_oper_log` VALUES ('332', '', '2', 'com.ruoyi.web.controller.system.SysRoleController.edit()', 'PUT', '1', 'admin', null, '/system/role', '127.0.0.1', 'IP', '{\"admin\":false,\"createTime\":\"2022-08-25 17:40:52\",\"dataScope\":\"2\",\"delFlag\":\"0\",\"deptCheckStrictly\":false,\"flag\":false,\"menuCheckStrictly\":true,\"menuIds\":[4],\"params\":{},\"remark\":\"\",\"roleId\":2,\"roleKey\":\"common\",\"roleName\":\"\",\"roleSort\":\"2\",\"status\":\"0\",\"updateBy\":\"admin\"}', '{\"msg\":\"\",\"code\":200}', '0', null, '2022-09-03 13:56:51');
INSERT INTO `sys_oper_log` VALUES ('333', '', '2', 'com.ruoyi.web.controller.system.SysRoleController.edit()', 'PUT', '1', 'admin', null, '/system/role', '127.0.0.1', 'IP', '{\"admin\":false,\"createTime\":\"2022-09-01 16:13:02\",\"dataScope\":\"1\",\"delFlag\":\"0\",\"deptCheckStrictly\":true,\"flag\":false,\"menuCheckStrictly\":true,\"menuIds\":[1,100,1000,1001,1002,1003,1004,1005,1006,2031,2032,2037,2036,2038,2039,2040,2042,2041,2033,2043,2044,2045,2046,2047,2048,2049,2050,2034,2035,2056,2053,2054,2052,2051,2055,2057,2058,2059,2060,2061,2062,2063,2064,2065,2066,2067,2068,2069,4],\"params\":{},\"roleId\":102,\"roleKey\":\"shopOwner\",\"roleName\":\"\",\"roleSort\":\"0\",\"status\":\"0\",\"updateBy\":\"admin\"}', '{\"msg\":\"\",\"code\":200}', '0', null, '2022-09-03 13:57:09');
INSERT INTO `sys_oper_log` VALUES ('334', '', '3', 'com.ruoyi.web.controller.system.SysMenuController.remove()', 'DELETE', '1', 'admin', null, '/system/menu/2008', '127.0.0.1', 'IP', '{menuId=2008}', '{\"msg\":\"\",\"code\":200}', '0', null, '2022-09-03 13:57:15');
INSERT INTO `sys_oper_log` VALUES ('335', '', '3', 'com.ruoyi.web.controller.system.SysMenuController.remove()', 'DELETE', '1', 'admin', null, '/system/menu/2009', '127.0.0.1', 'IP', '{menuId=2009}', '{\"msg\":\"\",\"code\":200}', '0', null, '2022-09-03 13:57:17');
INSERT INTO `sys_oper_log` VALUES ('336', '', '3', 'com.ruoyi.web.controller.system.SysMenuController.remove()', 'DELETE', '1', 'admin', null, '/system/menu/2010', '127.0.0.1', 'IP', '{menuId=2010}', '{\"msg\":\"\",\"code\":200}', '0', null, '2022-09-03 13:57:20');
INSERT INTO `sys_oper_log` VALUES ('337', '', '3', 'com.ruoyi.web.controller.system.SysMenuController.remove()', 'DELETE', '1', 'admin', null, '/system/menu/2011', '127.0.0.1', 'IP', '{menuId=2011}', '{\"msg\":\"\",\"code\":200}', '0', null, '2022-09-03 13:57:20');
INSERT INTO `sys_oper_log` VALUES ('338', '', '3', 'com.ruoyi.web.controller.system.SysMenuController.remove()', 'DELETE', '1', 'admin', null, '/system/menu/2014', '127.0.0.1', 'IP', '{menuId=2014}', '{\"msg\":\"\",\"code\":200}', '0', null, '2022-09-03 13:57:27');
INSERT INTO `sys_oper_log` VALUES ('339', '', '3', 'com.ruoyi.web.controller.system.SysMenuController.remove()', 'DELETE', '1', 'admin', null, '/system/menu/2015', '127.0.0.1', 'IP', '{menuId=2015}', '{\"msg\":\"\",\"code\":200}', '0', null, '2022-09-03 13:57:28');
INSERT INTO `sys_oper_log` VALUES ('340', '', '3', 'com.ruoyi.web.controller.system.SysMenuController.remove()', 'DELETE', '1', 'admin', null, '/system/menu/2016', '127.0.0.1', 'IP', '{menuId=2016}', '{\"msg\":\"\",\"code\":200}', '0', null, '2022-09-03 13:57:29');
INSERT INTO `sys_oper_log` VALUES ('341', '', '3', 'com.ruoyi.web.controller.system.SysMenuController.remove()', 'DELETE', '1', 'admin', null, '/system/menu/2017', '127.0.0.1', 'IP', '{menuId=2017}', '{\"msg\":\"\",\"code\":200}', '0', null, '2022-09-03 13:57:31');
INSERT INTO `sys_oper_log` VALUES ('342', '', '3', 'com.ruoyi.web.controller.system.SysMenuController.remove()', 'DELETE', '1', 'admin', null, '/system/menu/2018', '127.0.0.1', 'IP', '{menuId=2018}', '{\"msg\":\"\",\"code\":200}', '0', null, '2022-09-03 13:57:32');
INSERT INTO `sys_oper_log` VALUES ('343', '', '3', 'com.ruoyi.web.controller.system.SysMenuController.remove()', 'DELETE', '1', 'admin', null, '/system/menu/2013', '127.0.0.1', 'IP', '{menuId=2013}', '{\"msg\":\"\",\"code\":200}', '0', null, '2022-09-03 13:57:33');
INSERT INTO `sys_oper_log` VALUES ('344', '', '3', 'com.ruoyi.web.controller.system.SysMenuController.remove()', 'DELETE', '1', 'admin', null, '/system/menu/2012', '127.0.0.1', 'IP', '{menuId=2012}', '{\"msg\":\"\",\"code\":200}', '0', null, '2022-09-03 13:57:35');
INSERT INTO `sys_oper_log` VALUES ('345', '', '3', 'com.ruoyi.web.controller.system.SysMenuController.remove()', 'DELETE', '1', 'admin', null, '/system/menu/2007', '127.0.0.1', 'IP', '{menuId=2007}', '{\"msg\":\"\",\"code\":200}', '0', null, '2022-09-03 13:57:36');
INSERT INTO `sys_oper_log` VALUES ('346', '', '3', 'com.ruoyi.web.controller.system.SysMenuController.remove()', 'DELETE', '1', 'admin', null, '/system/menu/2026', '127.0.0.1', 'IP', '{menuId=2026}', '{\"msg\":\"\",\"code\":200}', '0', null, '2022-09-03 13:57:40');
INSERT INTO `sys_oper_log` VALUES ('347', '', '3', 'com.ruoyi.web.controller.system.SysMenuController.remove()', 'DELETE', '1', 'admin', null, '/system/menu/2027', '127.0.0.1', 'IP', '{menuId=2027}', '{\"msg\":\"\",\"code\":200}', '0', null, '2022-09-03 13:57:41');
INSERT INTO `sys_oper_log` VALUES ('348', '', '3', 'com.ruoyi.web.controller.system.SysMenuController.remove()', 'DELETE', '1', 'admin', null, '/system/menu/2028', '127.0.0.1', 'IP', '{menuId=2028}', '{\"msg\":\"\",\"code\":200}', '0', null, '2022-09-03 13:57:42');
INSERT INTO `sys_oper_log` VALUES ('349', '', '3', 'com.ruoyi.web.controller.system.SysMenuController.remove()', 'DELETE', '1', 'admin', null, '/system/menu/2029', '127.0.0.1', 'IP', '{menuId=2029}', '{\"msg\":\"\",\"code\":200}', '0', null, '2022-09-03 13:57:43');
INSERT INTO `sys_oper_log` VALUES ('350', '', '3', 'com.ruoyi.web.controller.system.SysMenuController.remove()', 'DELETE', '1', 'admin', null, '/system/menu/2030', '127.0.0.1', 'IP', '{menuId=2030}', '{\"msg\":\"\",\"code\":200}', '0', null, '2022-09-03 13:57:45');
INSERT INTO `sys_oper_log` VALUES ('351', '', '3', 'com.ruoyi.web.controller.system.SysMenuController.remove()', 'DELETE', '1', 'admin', null, '/system/menu/2025', '127.0.0.1', 'IP', '{menuId=2025}', '{\"msg\":\"\",\"code\":200}', '0', null, '2022-09-03 13:57:46');
INSERT INTO `sys_oper_log` VALUES ('352', '', '3', 'com.ruoyi.web.controller.system.SysMenuController.remove()', 'DELETE', '1', 'admin', null, '/system/menu/2020', '127.0.0.1', 'IP', '{menuId=2020}', '{\"msg\":\"\",\"code\":200}', '0', null, '2022-09-03 13:57:49');
INSERT INTO `sys_oper_log` VALUES ('353', '', '3', 'com.ruoyi.web.controller.system.SysMenuController.remove()', 'DELETE', '1', 'admin', null, '/system/menu/2021', '127.0.0.1', 'IP', '{menuId=2021}', '{\"msg\":\"\",\"code\":200}', '0', null, '2022-09-03 13:57:50');
INSERT INTO `sys_oper_log` VALUES ('354', '', '3', 'com.ruoyi.web.controller.system.SysMenuController.remove()', 'DELETE', '1', 'admin', null, '/system/menu/2022', '127.0.0.1', 'IP', '{menuId=2022}', '{\"msg\":\"\",\"code\":200}', '0', null, '2022-09-03 13:57:51');
INSERT INTO `sys_oper_log` VALUES ('355', '', '3', 'com.ruoyi.web.controller.system.SysMenuController.remove()', 'DELETE', '1', 'admin', null, '/system/menu/2023', '127.0.0.1', 'IP', '{menuId=2023}', '{\"msg\":\"\",\"code\":200}', '0', null, '2022-09-03 13:57:53');
INSERT INTO `sys_oper_log` VALUES ('356', '', '3', 'com.ruoyi.web.controller.system.SysMenuController.remove()', 'DELETE', '1', 'admin', null, '/system/menu/2024', '127.0.0.1', 'IP', '{menuId=2024}', '{\"msg\":\"\",\"code\":200}', '0', null, '2022-09-03 13:57:53');
INSERT INTO `sys_oper_log` VALUES ('357', '', '3', 'com.ruoyi.web.controller.system.SysMenuController.remove()', 'DELETE', '1', 'admin', null, '/system/menu/2019', '127.0.0.1', 'IP', '{menuId=2019}', '{\"msg\":\"\",\"code\":200}', '0', null, '2022-09-03 13:57:54');
INSERT INTO `sys_oper_log` VALUES ('358', '', '3', 'com.ruoyi.web.controller.system.SysMenuController.remove()', 'DELETE', '1', 'admin', null, '/system/menu/2004', '127.0.0.1', 'IP', '{menuId=2004}', '{\"msg\":\"\",\"code\":200}', '0', null, '2022-09-03 13:58:09');
INSERT INTO `sys_oper_log` VALUES ('359', '', '3', 'com.ruoyi.web.controller.system.SysMenuController.remove()', 'DELETE', '1', 'admin', null, '/system/menu/2005', '127.0.0.1', 'IP', '{menuId=2005}', '{\"msg\":\"\",\"code\":200}', '0', null, '2022-09-03 13:58:10');
INSERT INTO `sys_oper_log` VALUES ('360', '', '3', 'com.ruoyi.web.controller.system.SysMenuController.remove()', 'DELETE', '1', 'admin', null, '/system/menu/2006', '127.0.0.1', 'IP', '{menuId=2006}', '{\"msg\":\"\",\"code\":200}', '0', null, '2022-09-03 13:58:10');
INSERT INTO `sys_oper_log` VALUES ('361', '', '3', 'com.ruoyi.web.controller.system.SysMenuController.remove()', 'DELETE', '1', 'admin', null, '/system/menu/2002', '127.0.0.1', 'IP', '{menuId=2002}', '{\"msg\":\"\",\"code\":200}', '0', null, '2022-09-03 13:58:11');
INSERT INTO `sys_oper_log` VALUES ('362', '', '3', 'com.ruoyi.web.controller.system.SysMenuController.remove()', 'DELETE', '1', 'admin', null, '/system/menu/2001', '127.0.0.1', 'IP', '{menuId=2001}', '{\"msg\":\"\",\"code\":200}', '0', null, '2022-09-03 13:58:13');
INSERT INTO `sys_oper_log` VALUES ('363', '', '2', 'com.ruoyi.web.controller.system.SysMenuController.edit()', 'PUT', '1', 'admin', null, '/system/menu', '127.0.0.1', 'IP', '{\"children\":[],\"createTime\":\"2022-08-25 17:40:52\",\"icon\":\"guide\",\"isCache\":\"0\",\"isFrame\":\"0\",\"menuId\":4,\"menuName\":\"E\",\"menuType\":\"M\",\"orderNum\":100,\"params\":{},\"parentId\":0,\"path\":\"http://xue.cnkdl.cn:23681/frontend/home.html\",\"perms\":\"\",\"query\":\"\",\"status\":\"0\",\"updateBy\":\"admin\",\"visible\":\"0\"}', '{\"msg\":\"\",\"code\":200}', '0', null, '2022-09-03 14:04:20');
INSERT INTO `sys_oper_log` VALUES ('364', '', '2', 'com.ruoyi.web.controller.system.SysMenuController.edit()', 'PUT', '1', 'admin', null, '/system/menu', '127.0.0.1', 'IP', '{\"children\":[],\"createTime\":\"2022-08-25 17:40:52\",\"icon\":\"guide\",\"isCache\":\"0\",\"isFrame\":\"0\",\"menuId\":4,\"menuName\":\"E\",\"menuType\":\"M\",\"orderNum\":100,\"params\":{},\"parentId\":0,\"path\":\"http://xue.cnkdl.cn:23683/frontend/home.html\",\"perms\":\"\",\"query\":\"\",\"status\":\"0\",\"updateBy\":\"admin\",\"visible\":\"0\"}', '{\"msg\":\"\",\"code\":200}', '0', null, '2022-09-03 14:04:26');
INSERT INTO `sys_oper_log` VALUES ('365', '', '2', 'com.ruoyi.web.controller.system.SysMenuController.edit()', 'PUT', '1', 'admin', null, '/system/menu', '127.0.0.1', 'IP', '{\"children\":[],\"createTime\":\"2022-08-31 15:49:15\",\"icon\":\"list\",\"isCache\":\"0\",\"isFrame\":\"1\",\"menuId\":2065,\"menuName\":\"\",\"menuType\":\"M\",\"orderNum\":6,\"params\":{},\"parentId\":0,\"path\":\"flow\",\"perms\":\"\",\"status\":\"0\",\"updateBy\":\"admin\",\"visible\":\"0\"}', '{\"msg\":\"\",\"code\":200}', '0', null, '2022-11-13 15:46:10');
INSERT INTO `sys_oper_log` VALUES ('366', '', '5', 'com.ruoyi.web.controller.system.SysPostController.export()', 'POST', '1', 'admin', null, '/system/post/export', '127.0.0.1', 'IP', '{\"flag\":false,\"params\":{}}', null, '0', null, '2022-11-13 15:51:44');
INSERT INTO `sys_oper_log` VALUES ('367', '', '1', 'com.ruoyi.web.controller.system.SysMenuController.add()', 'POST', '1', 'admin', null, '/system/menu', '127.0.0.1', 'IP', '{\"children\":[],\"component\":\"system/department/index\",\"createBy\":\"admin\",\"icon\":\"bug\",\"isCache\":\"0\",\"isFrame\":\"1\",\"menuName\":\"\",\"menuType\":\"C\",\"orderNum\":1,\"params\":{},\"parentId\":1,\"path\":\"department\",\"perms\":\"system:department:list\",\"status\":\"0\",\"visible\":\"0\"}', '{\"msg\":\"\",\"code\":200}', '0', null, '2022-11-13 17:21:47');
INSERT INTO `sys_oper_log` VALUES ('368', '', '3', 'com.ruoyi.web.controller.system.DepartmentController.remove()', 'DELETE', '1', 'admin', null, '/system/department/37', '127.0.0.1', 'IP', '{deptIds=37}', '{\"msg\":\"\",\"code\":200}', '0', null, '2022-11-13 17:22:37');
INSERT INTO `sys_oper_log` VALUES ('369', '', '2', 'com.ruoyi.web.controller.system.DepartmentController.edit()', 'PUT', '1', 'admin', null, '/system/department', '127.0.0.1', 'IP', '{\"id\":38,\"name\":\"22\",\"params\":{},\"sn\":\"DEPT_SN_22\"}', '{\"msg\":\"\",\"code\":200}', '0', null, '2022-11-13 17:22:43');
INSERT INTO `sys_oper_log` VALUES ('370', '', '1', 'com.ruoyi.web.controller.system.DepartmentController.add()', 'POST', '1', 'admin', null, '/system/department', '127.0.0.1', 'IP', '{\"name\":\"111\",\"params\":{},\"sn\":\"111\"}', null, '1', 'nested exception is org.apache.ibatis.executor.ExecutorException: Error getting generated key or setting result to parameter object. Cause: org.apache.ibatis.executor.ExecutorException: No setter found for the keyProperty \'deptId\' in \'com.ruoyi.system.domain.Department\'.', '2022-11-13 17:22:50');
INSERT INTO `sys_oper_log` VALUES ('371', '', '1', 'com.ruoyi.web.controller.system.DepartmentController.add()', 'POST', '1', 'admin', null, '/system/department', '127.0.0.1', 'IP', '{\"name\":\"111\",\"params\":{},\"sn\":\"111\"}', null, '1', 'nested exception is org.apache.ibatis.executor.ExecutorException: Error getting generated key or setting result to parameter object. Cause: org.apache.ibatis.executor.ExecutorException: No setter found for the keyProperty \'deptId\' in \'com.ruoyi.system.domain.Department\'.', '2022-11-13 17:23:14');
INSERT INTO `sys_oper_log` VALUES ('372', '', '1', 'com.ruoyi.web.controller.system.DepartmentController.add()', 'POST', '1', 'admin', null, '/system/department', '127.0.0.1', 'IP', '{\"id\":75,\"name\":\"111\",\"params\":{},\"sn\":\"111\"}', '{\"msg\":\"\",\"code\":200}', '0', null, '2022-11-13 17:25:19');
INSERT INTO `sys_oper_log` VALUES ('373', '', '1', 'com.ruoyi.web.controller.system.DepartmentController.add()', 'POST', '1', 'admin', null, '/system/department', '127.0.0.1', 'IP', '{\"id\":76,\"name\":\"222\",\"params\":{},\"sn\":\"222\"}', '{\"msg\":\"\",\"code\":200}', '0', null, '2022-11-13 17:25:28');
INSERT INTO `sys_oper_log` VALUES ('374', '', '5', 'com.ruoyi.web.controller.system.DepartmentController.export()', 'POST', '1', 'admin', null, '/system/department/export', '127.0.0.1', 'IP', '{\"params\":{}}', null, '0', null, '2022-11-13 17:25:39');
INSERT INTO `sys_oper_log` VALUES ('375', '', '2', 'com.ruoyi.web.controller.system.SysUserController.resetPwd()', 'PUT', '1', 'admin', null, '/system/user/resetPwd', '127.0.0.1', 'IP', '{\"admin\":false,\"params\":{},\"password\":\"$2a$10$yQzPF/yXDMChrCXwy2OX0.JD5UM78LMPswztMl1VcCxYgZJ5kuFIK\",\"updateBy\":\"admin\",\"userId\":100}', '{\"msg\":\"\",\"code\":200}', '0', null, '2022-11-13 17:27:27');
INSERT INTO `sys_oper_log` VALUES ('376', '', '1', 'com.ruoyi.web.controller.system.SysMenuController.add()', 'POST', '1', 'admin', null, '/system/menu', '127.0.0.1', 'IP', '{\"children\":[],\"createBy\":\"admin\",\"isCache\":\"0\",\"isFrame\":\"1\",\"menuName\":\"\",\"menuType\":\"F\",\"orderNum\":1,\"params\":{},\"parentId\":2090,\"perms\":\"system:department:list\",\"status\":\"0\",\"visible\":\"0\"}', '{\"msg\":\"\",\"code\":200}', '0', null, '2022-11-13 17:29:11');
INSERT INTO `sys_oper_log` VALUES ('377', '', '2', 'com.ruoyi.web.controller.system.SysRoleController.edit()', 'PUT', '1', 'admin', null, '/system/role', '127.0.0.1', 'IP', '{\"admin\":false,\"createTime\":\"2022-08-26 10:09:31\",\"dataScope\":\"1\",\"delFlag\":\"0\",\"deptCheckStrictly\":true,\"flag\":false,\"menuCheckStrictly\":true,\"menuIds\":[1,2090,2091,2077,2078,2079,2080,2081,2082,2083,2084,2085,2086,2087,2088,2089,4],\"params\":{},\"remark\":\"001\",\"roleId\":100,\"roleKey\":\"pm\",\"roleName\":\"\",\"roleSort\":\"3\",\"status\":\"0\",\"updateBy\":\"admin\"}', '{\"msg\":\"\",\"code\":200}', '0', null, '2022-11-13 17:29:43');
INSERT INTO `sys_oper_log` VALUES ('378', '', '6', 'com.ruoyi.generator.controller.GenController.importTableSave()', 'POST', '1', 'admin', null, '/tool/gen/importTable', '127.0.0.1', 'IP', 'employee', '{\"msg\":\"\",\"code\":200}', '0', null, '2022-11-13 17:31:21');
INSERT INTO `sys_oper_log` VALUES ('379', '', '1', 'com.ruoyi.web.controller.system.SysDictTypeController.add()', 'POST', '1', 'admin', null, '/system/dict/type', '127.0.0.1', 'IP', '{\"createBy\":\"admin\",\"dictName\":\"\",\"dictType\":\"sys_employee_admin\",\"params\":{},\"status\":\"0\"}', '{\"msg\":\"\",\"code\":200}', '0', null, '2022-11-13 17:34:10');
INSERT INTO `sys_oper_log` VALUES ('380', '', '1', 'com.ruoyi.web.controller.system.SysDictDataController.add()', 'POST', '1', 'admin', null, '/system/dict/data', '127.0.0.1', 'IP', '{\"createBy\":\"admin\",\"dictLabel\":\"\",\"dictSort\":0,\"dictType\":\"sys_employee_admin\",\"dictValue\":\"1\",\"listClass\":\"success\",\"params\":{},\"status\":\"0\"}', '{\"msg\":\"\",\"code\":200}', '0', null, '2022-11-13 17:34:53');
INSERT INTO `sys_oper_log` VALUES ('381', '', '1', 'com.ruoyi.web.controller.system.SysDictDataController.add()', 'POST', '1', 'admin', null, '/system/dict/data', '127.0.0.1', 'IP', '{\"createBy\":\"admin\",\"dictLabel\":\"\",\"dictSort\":1,\"dictType\":\"sys_employee_admin\",\"dictValue\":\"0\",\"listClass\":\"info\",\"params\":{},\"status\":\"0\"}', '{\"msg\":\"\",\"code\":200}', '0', null, '2022-11-13 17:35:14');
INSERT INTO `sys_oper_log` VALUES ('382', '', '2', 'com.ruoyi.generator.controller.GenController.editSave()', 'PUT', '1', 'admin', null, '/tool/gen', '127.0.0.1', 'IP', '{\"businessName\":\"employee\",\"className\":\"Employee\",\"columns\":[{\"capJavaField\":\"Id\",\"columnId\":7,\"columnName\":\"id\",\"columnType\":\"bigint(20)\",\"createBy\":\"admin\",\"createTime\":\"2022-11-13 17:31:21\",\"dictType\":\"\",\"edit\":false,\"htmlType\":\"input\",\"increment\":true,\"insert\":false,\"isIncrement\":\"1\",\"isPk\":\"1\",\"javaField\":\"id\",\"javaType\":\"Long\",\"list\":false,\"params\":{},\"pk\":true,\"query\":false,\"queryType\":\"EQ\",\"required\":false,\"sort\":1,\"superColumn\":false,\"tableId\":2,\"updateBy\":\"\",\"usableColumn\":false},{\"capJavaField\":\"Username\",\"columnId\":8,\"columnName\":\"username\",\"columnType\":\"varchar(255)\",\"createBy\":\"admin\",\"createTime\":\"2022-11-13 17:31:21\",\"dictType\":\"\",\"edit\":true,\"htmlType\":\"input\",\"increment\":false,\"insert\":true,\"isEdit\":\"1\",\"isIncrement\":\"0\",\"isInsert\":\"1\",\"isList\":\"1\",\"isPk\":\"0\",\"isQuery\":\"1\",\"javaField\":\"username\",\"javaType\":\"String\",\"list\":true,\"params\":{},\"pk\":false,\"query\":true,\"queryType\":\"LIKE\",\"required\":false,\"sort\":2,\"superColumn\":false,\"tableId\":2,\"updateBy\":\"\",\"usableColumn\":false},{\"capJavaField\":\"Name\",\"columnId\":9,\"columnName\":\"name\",\"columnType\":\"varchar(255)\",\"createBy\":\"admin\",\"createTime\":\"2022-11-13 17:31:21\",\"dictType\":\"\",\"edit\":true,\"htmlType\":\"input\",\"increment\":false,\"insert\":true,\"isEdit\":\"1\",\"isIncrement\":\"0\",\"isInsert\":\"1\",\"isList\":\"1\",\"isPk\":\"0\",\"isQuery\":\"1\",\"javaField\":\"name\",\"javaType\":\"String\",\"list\":true,\"params\":{},\"pk\":false,\"query\":true,\"queryType\":\"LIKE\",\"required\":false,\"sort\":3,\"superColumn\":false,\"tableId\":2,\"updateBy\":\"\",\"usableColumn\":false},{\"capJavaField\":\"Password\",\"columnId\":10,\"columnName\":\"password\",\"columnType\":\"varchar(255)\",\"createBy\":\"admin\",\"createTime\":\"2022-11-13 17:31:21\",\"dictType\":\"\",\"edit\":false,\"htmlType\":\"input\",\"increment\":false,\"insert\":false,\"isIncrement\":\"0\",\"isPk\":\"0\",\"javaField\":\"password\",\"javaType\":\"String\",\"list\":false,\"params\":{},\"pk\":false,\"query\":false,\"queryType\":\"EQ\",\"required\":false,\"sort\":4,\"superColumn\":false,\"tableId\":2,\"updateBy\":\"\",\"usableColumn\":false},{\"capJavaField\":\"Email\",\"columnId\":1', '{\"msg\":\"\",\"code\":200}', '0', null, '2022-11-13 17:35:40');
INSERT INTO `sys_oper_log` VALUES ('383', '', '2', 'com.ruoyi.generator.controller.GenController.editSave()', 'PUT', '1', 'admin', null, '/tool/gen', '127.0.0.1', 'IP', '{\"businessName\":\"employee\",\"className\":\"Employee\",\"columns\":[{\"capJavaField\":\"Id\",\"columnComment\":\"ID\",\"columnId\":7,\"columnName\":\"id\",\"columnType\":\"bigint(20)\",\"createBy\":\"admin\",\"createTime\":\"2022-11-13 17:31:21\",\"dictType\":\"\",\"edit\":false,\"htmlType\":\"input\",\"increment\":true,\"insert\":false,\"isIncrement\":\"1\",\"isPk\":\"1\",\"javaField\":\"id\",\"javaType\":\"Long\",\"list\":false,\"params\":{},\"pk\":true,\"query\":false,\"queryType\":\"EQ\",\"required\":false,\"sort\":1,\"superColumn\":false,\"tableId\":2,\"updateBy\":\"\",\"updateTime\":\"2022-11-13 17:35:40\",\"usableColumn\":false},{\"capJavaField\":\"Username\",\"columnComment\":\"\",\"columnId\":8,\"columnName\":\"username\",\"columnType\":\"varchar(255)\",\"createBy\":\"admin\",\"createTime\":\"2022-11-13 17:31:21\",\"dictType\":\"\",\"edit\":true,\"htmlType\":\"input\",\"increment\":false,\"insert\":true,\"isEdit\":\"1\",\"isIncrement\":\"0\",\"isInsert\":\"1\",\"isList\":\"1\",\"isPk\":\"0\",\"isQuery\":\"1\",\"javaField\":\"username\",\"javaType\":\"String\",\"list\":true,\"params\":{},\"pk\":false,\"query\":true,\"queryType\":\"LIKE\",\"required\":false,\"sort\":2,\"superColumn\":false,\"tableId\":2,\"updateBy\":\"\",\"updateTime\":\"2022-11-13 17:35:40\",\"usableColumn\":false},{\"capJavaField\":\"Name\",\"columnComment\":\"\",\"columnId\":9,\"columnName\":\"name\",\"columnType\":\"varchar(255)\",\"createBy\":\"admin\",\"createTime\":\"2022-11-13 17:31:21\",\"dictType\":\"\",\"edit\":true,\"htmlType\":\"input\",\"increment\":false,\"insert\":true,\"isEdit\":\"1\",\"isIncrement\":\"0\",\"isInsert\":\"1\",\"isList\":\"1\",\"isPk\":\"0\",\"isQuery\":\"1\",\"javaField\":\"name\",\"javaType\":\"String\",\"list\":true,\"params\":{},\"pk\":false,\"query\":true,\"queryType\":\"LIKE\",\"required\":false,\"sort\":3,\"superColumn\":false,\"tableId\":2,\"updateBy\":\"\",\"updateTime\":\"2022-11-13 17:35:40\",\"usableColumn\":false},{\"capJavaField\":\"Password\",\"columnComment\":\"\",\"columnId\":10,\"columnName\":\"password\",\"columnType\":\"varchar(255)\",\"createBy\":\"admin\",\"createTime\":\"2022-11-13 17:31:21\",\"dictType\":\"\",\"edit\":false,\"htmlType\":\"input\",\"increment\":false,\"insert\":false,\"isIncrement\":\"0\",\"isPk\":\"0\",\"javaField\":\"password\",\"javaType\":\"String\",\"list', '{\"msg\":\"\",\"code\":200}', '0', null, '2022-11-13 17:38:47');
INSERT INTO `sys_oper_log` VALUES ('384', '', '8', 'com.ruoyi.generator.controller.GenController.genCode()', 'GET', '1', 'admin', null, '/tool/gen/genCode/employee', '127.0.0.1', 'IP', '{tableName=employee}', '{\"msg\":\"\",\"code\":200}', '0', null, '2022-11-13 17:38:55');
INSERT INTO `sys_oper_log` VALUES ('385', '', '2', 'com.ruoyi.generator.controller.GenController.editSave()', 'PUT', '1', 'admin', null, '/tool/gen', '127.0.0.1', 'IP', '{\"businessName\":\"employee\",\"className\":\"Employee\",\"columns\":[{\"capJavaField\":\"Id\",\"columnComment\":\"ID\",\"columnId\":7,\"columnName\":\"id\",\"columnType\":\"bigint(20)\",\"createBy\":\"admin\",\"createTime\":\"2022-11-13 17:31:21\",\"dictType\":\"\",\"edit\":false,\"htmlType\":\"input\",\"increment\":true,\"insert\":false,\"isIncrement\":\"1\",\"isPk\":\"1\",\"javaField\":\"id\",\"javaType\":\"Long\",\"list\":false,\"params\":{},\"pk\":true,\"query\":false,\"queryType\":\"EQ\",\"required\":false,\"sort\":1,\"superColumn\":false,\"tableId\":2,\"updateBy\":\"\",\"updateTime\":\"2022-11-13 17:38:47\",\"usableColumn\":false},{\"capJavaField\":\"Username\",\"columnComment\":\"\",\"columnId\":8,\"columnName\":\"username\",\"columnType\":\"varchar(255)\",\"createBy\":\"admin\",\"createTime\":\"2022-11-13 17:31:21\",\"dictType\":\"\",\"edit\":true,\"htmlType\":\"input\",\"increment\":false,\"insert\":true,\"isEdit\":\"1\",\"isIncrement\":\"0\",\"isInsert\":\"1\",\"isList\":\"1\",\"isPk\":\"0\",\"isQuery\":\"1\",\"javaField\":\"username\",\"javaType\":\"String\",\"list\":true,\"params\":{},\"pk\":false,\"query\":true,\"queryType\":\"LIKE\",\"required\":false,\"sort\":2,\"superColumn\":false,\"tableId\":2,\"updateBy\":\"\",\"updateTime\":\"2022-11-13 17:38:47\",\"usableColumn\":false},{\"capJavaField\":\"Name\",\"columnComment\":\"\",\"columnId\":9,\"columnName\":\"name\",\"columnType\":\"varchar(255)\",\"createBy\":\"admin\",\"createTime\":\"2022-11-13 17:31:21\",\"dictType\":\"\",\"edit\":true,\"htmlType\":\"input\",\"increment\":false,\"insert\":true,\"isEdit\":\"1\",\"isIncrement\":\"0\",\"isInsert\":\"1\",\"isList\":\"1\",\"isPk\":\"0\",\"isQuery\":\"1\",\"javaField\":\"name\",\"javaType\":\"String\",\"list\":true,\"params\":{},\"pk\":false,\"query\":true,\"queryType\":\"LIKE\",\"required\":false,\"sort\":3,\"superColumn\":false,\"tableId\":2,\"updateBy\":\"\",\"updateTime\":\"2022-11-13 17:38:47\",\"usableColumn\":false},{\"capJavaField\":\"Password\",\"columnComment\":\"\",\"columnId\":10,\"columnName\":\"password\",\"columnType\":\"varchar(255)\",\"createBy\":\"admin\",\"createTime\":\"2022-11-13 17:31:21\",\"dictType\":\"\",\"edit\":false,\"htmlType\":\"input\",\"increment\":false,\"insert\":false,\"isIncrement\":\"0\",\"isPk\":\"0\",\"javaField\":\"password\",\"javaType\":\"String\",\"list', '{\"msg\":\"\",\"code\":200}', '0', null, '2022-11-13 17:39:32');
INSERT INTO `sys_oper_log` VALUES ('386', '', '8', 'com.ruoyi.generator.controller.GenController.genCode()', 'GET', '1', 'admin', null, '/tool/gen/genCode/employee', '127.0.0.1', 'IP', '{tableName=employee}', '{\"msg\":\"\",\"code\":200}', '0', null, '2022-11-13 17:39:35');
INSERT INTO `sys_oper_log` VALUES ('387', '', '2', 'com.ruoyi.generator.controller.GenController.editSave()', 'PUT', '1', 'admin', null, '/tool/gen', '127.0.0.1', 'IP', '{\"businessName\":\"employee\",\"className\":\"Employee\",\"columns\":[{\"capJavaField\":\"Id\",\"columnComment\":\"ID\",\"columnId\":7,\"columnName\":\"id\",\"columnType\":\"bigint(20)\",\"createBy\":\"admin\",\"createTime\":\"2022-11-13 17:31:21\",\"dictType\":\"\",\"edit\":false,\"htmlType\":\"input\",\"increment\":true,\"insert\":false,\"isIncrement\":\"1\",\"isPk\":\"1\",\"javaField\":\"id\",\"javaType\":\"Long\",\"list\":false,\"params\":{},\"pk\":true,\"query\":false,\"queryType\":\"EQ\",\"required\":false,\"sort\":1,\"superColumn\":false,\"tableId\":2,\"updateBy\":\"\",\"updateTime\":\"2022-11-13 17:39:32\",\"usableColumn\":false},{\"capJavaField\":\"Username\",\"columnComment\":\"\",\"columnId\":8,\"columnName\":\"username\",\"columnType\":\"varchar(255)\",\"createBy\":\"admin\",\"createTime\":\"2022-11-13 17:31:21\",\"dictType\":\"\",\"edit\":true,\"htmlType\":\"input\",\"increment\":false,\"insert\":true,\"isEdit\":\"1\",\"isIncrement\":\"0\",\"isInsert\":\"1\",\"isList\":\"1\",\"isPk\":\"0\",\"isQuery\":\"1\",\"javaField\":\"username\",\"javaType\":\"String\",\"list\":true,\"params\":{},\"pk\":false,\"query\":true,\"queryType\":\"LIKE\",\"required\":false,\"sort\":2,\"superColumn\":false,\"tableId\":2,\"updateBy\":\"\",\"updateTime\":\"2022-11-13 17:39:32\",\"usableColumn\":false},{\"capJavaField\":\"Name\",\"columnComment\":\"\",\"columnId\":9,\"columnName\":\"name\",\"columnType\":\"varchar(255)\",\"createBy\":\"admin\",\"createTime\":\"2022-11-13 17:31:21\",\"dictType\":\"\",\"edit\":true,\"htmlType\":\"input\",\"increment\":false,\"insert\":true,\"isEdit\":\"1\",\"isIncrement\":\"0\",\"isInsert\":\"1\",\"isList\":\"1\",\"isPk\":\"0\",\"isQuery\":\"1\",\"javaField\":\"name\",\"javaType\":\"String\",\"list\":true,\"params\":{},\"pk\":false,\"query\":true,\"queryType\":\"LIKE\",\"required\":false,\"sort\":3,\"superColumn\":false,\"tableId\":2,\"updateBy\":\"\",\"updateTime\":\"2022-11-13 17:39:32\",\"usableColumn\":false},{\"capJavaField\":\"Password\",\"columnComment\":\"\",\"columnId\":10,\"columnName\":\"password\",\"columnType\":\"varchar(255)\",\"createBy\":\"admin\",\"createTime\":\"2022-11-13 17:31:21\",\"dictType\":\"\",\"edit\":false,\"htmlType\":\"input\",\"increment\":false,\"insert\":false,\"isIncrement\":\"0\",\"isPk\":\"0\",\"javaField\":\"password\",\"javaType\":\"String\",\"list', '{\"msg\":\"\",\"code\":200}', '0', null, '2022-11-13 17:41:57');
INSERT INTO `sys_oper_log` VALUES ('388', '', '8', 'com.ruoyi.generator.controller.GenController.batchGenCode()', 'GET', '1', 'admin', null, '/tool/gen/batchGenCode', '127.0.0.1', 'IP', '{}', null, '0', null, '2022-11-13 17:41:59');
INSERT INTO `sys_oper_log` VALUES ('389', '', '1', 'com.ruoyi.web.controller.system.EmployeeController.add()', 'POST', '1', 'admin', null, '/system/employee', '127.0.0.1', 'IP', '{\"admin\":1,\"age\":11,\"deptId\":11,\"email\":\"11\",\"id\":45,\"name\":\"11\",\"params\":{},\"username\":\"11\"}', '{\"msg\":\"\",\"code\":200}', '0', null, '2022-11-13 17:46:32');
INSERT INTO `sys_oper_log` VALUES ('390', '', '2', 'com.ruoyi.web.controller.system.EmployeeController.edit()', 'PUT', '1', 'admin', null, '/system/employee', '127.0.0.1', 'IP', '{\"admin\":0,\"age\":112,\"deptId\":112,\"email\":\"112\",\"id\":45,\"name\":\"112\",\"params\":{},\"username\":\"112\"}', '{\"msg\":\"\",\"code\":200}', '0', null, '2022-11-13 17:46:42');
INSERT INTO `sys_oper_log` VALUES ('391', '', '3', 'com.ruoyi.web.controller.system.EmployeeController.remove()', 'DELETE', '1', 'admin', null, '/system/employee/45', '127.0.0.1', 'IP', '{ids=45}', '{\"msg\":\"\",\"code\":200}', '0', null, '2022-11-13 17:46:48');
INSERT INTO `sys_oper_log` VALUES ('392', '', '5', 'com.ruoyi.web.controller.system.EmployeeController.export()', 'POST', '1', 'admin', null, '/system/employee/export', '127.0.0.1', 'IP', '{\"params\":{}}', null, '0', null, '2022-11-13 17:46:52');
INSERT INTO `sys_oper_log` VALUES ('393', '', '6', 'com.ruoyi.generator.controller.GenController.importTableSave()', 'POST', '1', 'admin', null, '/tool/gen/importTable', '127.0.0.1', 'IP', 'bus_bpmn_info', '{\"msg\":\"\",\"code\":200}', '0', null, '2022-11-14 15:12:07');
INSERT INTO `sys_oper_log` VALUES ('394', '', '2', 'com.ruoyi.generator.controller.GenController.editSave()', 'PUT', '1', 'admin', null, '/tool/gen', '127.0.0.1', 'IP', '{\"businessName\":\"bpmnInfo\",\"className\":\"BpmnInfo\",\"columns\":[{\"capJavaField\":\"Id\",\"columnComment\":\"\",\"columnId\":15,\"columnName\":\"id\",\"columnType\":\"bigint(20)\",\"createBy\":\"admin\",\"createTime\":\"2022-11-14 15:12:07\",\"dictType\":\"\",\"edit\":false,\"htmlType\":\"input\",\"increment\":true,\"insert\":false,\"isIncrement\":\"1\",\"isPk\":\"1\",\"javaField\":\"id\",\"javaType\":\"Long\",\"list\":false,\"params\":{},\"pk\":true,\"query\":false,\"queryType\":\"EQ\",\"required\":false,\"sort\":1,\"superColumn\":false,\"tableId\":3,\"updateBy\":\"\",\"usableColumn\":false},{\"capJavaField\":\"BpmnLabel\",\"columnComment\":\"-label\",\"columnId\":16,\"columnName\":\"bpmn_label\",\"columnType\":\"varchar(255)\",\"createBy\":\"admin\",\"createTime\":\"2022-11-14 15:12:07\",\"dictType\":\"\",\"edit\":false,\"htmlType\":\"input\",\"increment\":false,\"insert\":false,\"isIncrement\":\"0\",\"isList\":\"1\",\"isPk\":\"0\",\"javaField\":\"bpmnLabel\",\"javaType\":\"String\",\"list\":true,\"params\":{},\"pk\":false,\"query\":false,\"queryType\":\"EQ\",\"required\":false,\"sort\":2,\"superColumn\":false,\"tableId\":3,\"updateBy\":\"\",\"usableColumn\":false},{\"capJavaField\":\"BpmnType\",\"columnComment\":\"-value\",\"columnId\":17,\"columnName\":\"bpmn_type\",\"columnType\":\"varchar(255)\",\"createBy\":\"admin\",\"createTime\":\"2022-11-14 15:12:07\",\"dictType\":\"\",\"edit\":false,\"htmlType\":\"select\",\"increment\":false,\"insert\":false,\"isIncrement\":\"0\",\"isPk\":\"0\",\"isQuery\":\"1\",\"javaField\":\"bpmnType\",\"javaType\":\"String\",\"list\":false,\"params\":{},\"pk\":false,\"query\":true,\"queryType\":\"EQ\",\"required\":false,\"sort\":3,\"superColumn\":false,\"tableId\":3,\"updateBy\":\"\",\"usableColumn\":false},{\"capJavaField\":\"ProcessDefinitionKey\",\"columnComment\":\"activitykey\",\"columnId\":18,\"columnName\":\"process_definition_key\",\"columnType\":\"varchar(255)\",\"createBy\":\"admin\",\"createTime\":\"2022-11-14 15:12:07\",\"dictType\":\"\",\"edit\":false,\"htmlType\":\"input\",\"increment\":false,\"insert\":false,\"isIncrement\":\"0\",\"isList\":\"1\",\"isPk\":\"0\",\"isQuery\":\"1\",\"javaField\":\"processDefinitionKey\",\"javaType\":\"String\",\"list\":true,\"params\":{},\"pk\":false,\"query\":true,\"queryType\":\"EQ\",\"re', '{\"msg\":\"\",\"code\":200}', '0', null, '2022-11-14 15:15:16');
INSERT INTO `sys_oper_log` VALUES ('395', '', '2', 'com.ruoyi.generator.controller.GenController.editSave()', 'PUT', '1', 'admin', null, '/tool/gen', '127.0.0.1', 'IP', '{\"businessName\":\"bpmnInfo\",\"className\":\"BpmnInfo\",\"columns\":[{\"capJavaField\":\"Id\",\"columnComment\":\"\",\"columnId\":15,\"columnName\":\"id\",\"columnType\":\"bigint(20)\",\"createBy\":\"admin\",\"createTime\":\"2022-11-14 15:12:07\",\"dictType\":\"\",\"edit\":false,\"htmlType\":\"input\",\"increment\":true,\"insert\":false,\"isIncrement\":\"1\",\"isPk\":\"1\",\"javaField\":\"id\",\"javaType\":\"Long\",\"list\":false,\"params\":{},\"pk\":true,\"query\":false,\"queryType\":\"EQ\",\"required\":false,\"sort\":1,\"superColumn\":false,\"tableId\":3,\"updateBy\":\"\",\"updateTime\":\"2022-11-14 15:15:16\",\"usableColumn\":false},{\"capJavaField\":\"BpmnLabel\",\"columnComment\":\"\",\"columnId\":16,\"columnName\":\"bpmn_label\",\"columnType\":\"varchar(255)\",\"createBy\":\"admin\",\"createTime\":\"2022-11-14 15:12:07\",\"dictType\":\"\",\"edit\":false,\"htmlType\":\"input\",\"increment\":false,\"insert\":false,\"isIncrement\":\"0\",\"isList\":\"1\",\"isPk\":\"0\",\"javaField\":\"bpmnLabel\",\"javaType\":\"String\",\"list\":true,\"params\":{},\"pk\":false,\"query\":false,\"queryType\":\"EQ\",\"required\":false,\"sort\":2,\"superColumn\":false,\"tableId\":3,\"updateBy\":\"\",\"updateTime\":\"2022-11-14 15:15:16\",\"usableColumn\":false},{\"capJavaField\":\"BpmnType\",\"columnComment\":\"\",\"columnId\":17,\"columnName\":\"bpmn_type\",\"columnType\":\"varchar(255)\",\"createBy\":\"admin\",\"createTime\":\"2022-11-14 15:12:07\",\"dictType\":\"sys_audit_type\",\"edit\":false,\"htmlType\":\"select\",\"increment\":false,\"insert\":false,\"isIncrement\":\"0\",\"isPk\":\"0\",\"isQuery\":\"1\",\"javaField\":\"bpmnType\",\"javaType\":\"String\",\"list\":false,\"params\":{},\"pk\":false,\"query\":true,\"queryType\":\"EQ\",\"required\":false,\"sort\":3,\"superColumn\":false,\"tableId\":3,\"updateBy\":\"\",\"updateTime\":\"2022-11-14 15:15:16\",\"usableColumn\":false},{\"capJavaField\":\"ProcessDefinitionKey\",\"columnComment\":\" Key\",\"columnId\":18,\"columnName\":\"process_definition_key\",\"columnType\":\"varchar(255)\",\"createBy\":\"admin\",\"createTime\":\"2022-11-14 15:12:07\",\"dictType\":\"\",\"edit\":false,\"htmlType\":\"input\",\"increment\":false,\"insert\":false,\"isIncrement\":\"0\",\"isList\":\"1\",\"isPk\":\"0\",\"javaField\":\"processDefinitionKey\",\"javaType\":\"S', '{\"msg\":\"\",\"code\":200}', '0', null, '2022-11-14 15:18:37');
INSERT INTO `sys_oper_log` VALUES ('396', '', '8', 'com.ruoyi.generator.controller.GenController.batchGenCode()', 'GET', '1', 'admin', null, '/tool/gen/batchGenCode', '127.0.0.1', 'IP', '{}', null, '0', null, '2022-11-14 15:18:46');
INSERT INTO `sys_oper_log` VALUES ('397', '', '3', 'com.ruoyi.web.controller.system.SysMenuController.remove()', 'DELETE', '1', 'admin', null, '/system/menu/2066', '127.0.0.1', 'IP', '{menuId=2066}', '{\"msg\":\",\",\"code\":500}', '0', null, '2022-11-14 15:20:00');
INSERT INTO `sys_oper_log` VALUES ('398', '', '3', 'com.ruoyi.web.controller.system.SysMenuController.remove()', 'DELETE', '1', 'admin', null, '/system/menu/2069', '127.0.0.1', 'IP', '{menuId=2069}', '{\"msg\":\",\",\"code\":500}', '0', null, '2022-11-14 15:20:07');
INSERT INTO `sys_oper_log` VALUES ('399', '', '2', 'com.ruoyi.web.controller.system.SysMenuController.edit()', 'PUT', '1', 'admin', null, '/system/menu', '127.0.0.1', 'IP', '{\"children\":[],\"component\":\"workflow/bpmnInfo/index\",\"createTime\":\"2022-08-31 15:50:01\",\"icon\":\"#\",\"isCache\":\"0\",\"isFrame\":\"1\",\"menuId\":2066,\"menuName\":\"\",\"menuType\":\"C\",\"orderNum\":1,\"params\":{},\"parentId\":2065,\"path\":\"definition\",\"perms\":\"business:bpmnInfo:list\",\"status\":\"0\",\"updateBy\":\"admin\",\"visible\":\"0\"}', '{\"msg\":\"\",\"code\":200}', '0', null, '2022-11-14 15:22:01');
INSERT INTO `sys_oper_log` VALUES ('400', '', '1', 'com.ruoyi.web.controller.workflow.BpmnInfoController.deploy()', 'POST', '1', 'admin', null, '/workflow/bpmnInfo/deploy', '127.0.0.1', 'IP', '{\"bpmnLabel\":\"\",\"bpmnType\":\"car_package\",\"deployTime\":\"2022-11-14T18:15:31.43+08:00\",\"info\":\"\",\"params\":{},\"processDefinitionKey\":\"bus_car_package\"}', null, '1', '', '2022-11-14 18:15:31');
INSERT INTO `sys_oper_log` VALUES ('401', '', '1', 'com.ruoyi.web.controller.workflow.BpmnInfoController.deploy()', 'POST', '1', 'admin', null, '/workflow/bpmnInfo/deploy', '127.0.0.1', 'IP', '{\"bpmnLabel\":\"\",\"bpmnType\":\"car_package\",\"deployTime\":\"2022-11-14T18:17:49.003+08:00\",\"info\":\"\",\"params\":{},\"processDefinitionKey\":\"bus_car_package\"}', null, '1', '', '2022-11-14 18:18:14');
INSERT INTO `sys_oper_log` VALUES ('402', '', '1', 'com.ruoyi.web.controller.workflow.BpmnInfoController.deploy()', 'POST', '1', 'admin', null, '/workflow/bpmnInfo/deploy', '127.0.0.1', 'IP', '{\"bpmnLabel\":\"\",\"bpmnType\":\"car_package\",\"deployTime\":\"2022-11-14T18:18:56.252+08:00\",\"info\":\"\",\"params\":{},\"processDefinitionKey\":\"bus_car_package\"}', null, '1', '', '2022-11-14 18:19:07');
INSERT INTO `sys_oper_log` VALUES ('403', '', '1', 'com.ruoyi.web.controller.workflow.BpmnInfoController.deploy()', 'POST', '1', 'admin', null, '/workflow/bpmnInfo/deploy', '127.0.0.1', 'IP', '{\"bpmnLabel\":\"\",\"bpmnType\":\"car_package\",\"deployTime\":\"2022-11-14T18:27:48.355+08:00\",\"info\":\"\",\"params\":{},\"processDefinitionKey\":\"bus_car_package\",\"version\":2}', null, '1', 'nested exception is org.apache.ibatis.exceptions.PersistenceException: \r\n### Error updating database.  Cause: java.lang.IllegalStateException: Type handler was null on parameter mapping for property \'params\'. It was either not specified and/or could not be found for the javaType (java.util.Map) : jdbcType (null) combination.\r\n### The error may exist in com/ruoyi/workflow/mapper/BpmnInfoMapper.java (best guess)\r\n### The error may involve com.ruoyi.workflow.mapper.BpmnInfoMapper.insert\r\n### The error occurred while executing an update\r\n### Cause: java.lang.IllegalStateException: Type handler was null on parameter mapping for property \'params\'. It was either not specified and/or could not be found for the javaType (java.util.Map) : jdbcType (null) combination.', '2022-11-14 18:27:48');
INSERT INTO `sys_oper_log` VALUES ('404', '', '1', 'com.ruoyi.web.controller.workflow.BpmnInfoController.deploy()', 'POST', '1', 'admin', null, '/workflow/bpmnInfo/deploy', '127.0.0.1', 'IP', '{\"bpmnLabel\":\"\",\"bpmnType\":\"car_package\",\"deployTime\":\"2022-11-14T18:30:40.834+08:00\",\"info\":\"\",\"params\":{},\"processDefinitionKey\":\"bus_car_package\",\"version\":2}', null, '1', '\r\n### Error updating database.  Cause: java.sql.SQLSyntaxErrorException: Table \'caro2o.bpmn_info\' doesn\'t exist\r\n### The error may exist in com/ruoyi/workflow/mapper/BpmnInfoMapper.java (best guess)\r\n### The error may involve com.ruoyi.workflow.mapper.BpmnInfoMapper.insert-Inline\r\n### The error occurred while setting parameters\r\n### SQL: INSERT INTO bpmn_info  ( bpmn_label, bpmn_type, process_definition_key, deploy_time, version, info )  VALUES  ( ?, ?, ?, ?, ?, ? )\r\n### Cause: java.sql.SQLSyntaxErrorException: Table \'caro2o.bpmn_info\' doesn\'t exist\n; bad SQL grammar []; nested exception is java.sql.SQLSyntaxErrorException: Table \'caro2o.bpmn_info\' doesn\'t exist', '2022-11-14 18:30:48');
INSERT INTO `sys_oper_log` VALUES ('405', '', '1', 'com.ruoyi.web.controller.workflow.BpmnInfoController.deploy()', 'POST', '1', 'admin', null, '/workflow/bpmnInfo/deploy', '127.0.0.1', 'IP', '{\"bpmnLabel\":\"\",\"bpmnType\":\"car_package\",\"deployTime\":\"2022-11-14T18:32:24.3+08:00\",\"id\":12,\"info\":\"\",\"params\":{},\"processDefinitionKey\":\"bus_car_package\",\"version\":2}', '{\"msg\":\"\",\"code\":200}', '0', null, '2022-11-14 18:32:24');
INSERT INTO `sys_oper_log` VALUES ('406', '', '2', 'com.ruoyi.web.controller.system.SysDictDataController.edit()', 'PUT', '1', 'admin', null, '/system/dict/data', '127.0.0.1', 'IP', '{\"createBy\":\"admin\",\"createTime\":\"2022-08-31 16:14:29\",\"dictCode\":105,\"dictLabel\":\"\",\"dictSort\":1,\"dictType\":\"sys_audit_type\",\"dictValue\":\"bus_car_package\",\"isDefault\":\"N\",\"listClass\":\"default\",\"params\":{},\"status\":\"0\",\"updateBy\":\"admin\"}', '{\"msg\":\"\",\"code\":200}', '0', null, '2022-11-14 20:07:10');
INSERT INTO `sys_oper_log` VALUES ('407', '', '8', 'com.ruoyi.generator.controller.GenController.batchGenCode()', 'GET', '1', 'admin', null, '/tool/gen/batchGenCode', '127.0.0.1', 'IP', '{}', null, '0', null, '2022-11-14 21:27:05');
INSERT INTO `sys_oper_log` VALUES ('408', '', '8', 'com.ruoyi.generator.controller.GenController.batchGenCode()', 'GET', '1', 'admin', null, '/tool/gen/batchGenCode', '127.0.0.1', 'IP', '{}', null, '0', null, '2022-11-14 21:42:59');
INSERT INTO `sys_oper_log` VALUES ('409', '', '1', 'com.ruoyi.web.controller.system.EmployeeController.add()', 'POST', '1', 'admin', null, '/system/employee', '127.0.0.1', 'IP', '{\"admin\":1,\"age\":11,\"deptId\":11,\"email\":\"11\",\"id\":1592153222833963010,\"name\":\"11\",\"params\":{},\"username\":\"11\"}', '{\"msg\":\"\",\"code\":200}', '0', null, '2022-11-14 21:51:23');
INSERT INTO `sys_oper_log` VALUES ('410', '', '8', 'com.ruoyi.generator.controller.GenController.batchGenCode()', 'GET', '1', 'admin', null, '/tool/gen/batchGenCode', '127.0.0.1', 'IP', '{}', null, '0', null, '2022-11-14 21:58:18');
INSERT INTO `sys_oper_log` VALUES ('411', '', '8', 'com.ruoyi.generator.controller.GenController.batchGenCode()', 'GET', '1', 'admin', null, '/tool/gen/batchGenCode', '127.0.0.1', 'IP', '{}', null, '0', null, '2022-11-14 22:06:41');
INSERT INTO `sys_oper_log` VALUES ('412', '', '1', 'com.ruoyi.web.controller.workflow.BpmnInfoController.deploy()', 'POST', '1', 'admin', null, '/workflow/bpmnInfo/deploy', '127.0.0.1', 'IP', '{\"bpmnType\":\"bus_car_package\",\"info\":\"3f\",\"params\":{}}', '{\"msg\":\"[bpmn, xml, zip]\",\"code\":400}', '0', null, '2022-11-16 10:25:11');
INSERT INTO `sys_oper_log` VALUES ('413', '', '1', 'com.ruoyi.web.controller.workflow.BpmnInfoController.deploy()', 'POST', '1', 'admin', null, '/workflow/bpmnInfo/deploy', '127.0.0.1', 'IP', '{\"bpmnLabel\":\"\",\"bpmnType\":\"casual-leave\",\"deployTime\":\"2022-11-16T10:28:18.543+08:00\",\"id\":13,\"info\":\"\",\"params\":{},\"processDefinitionKey\":\"casual-leave\",\"resourceName\":\"casual-leave.zip\",\"version\":1}', '{\"msg\":\"\",\"code\":200}', '0', null, '2022-11-16 10:28:18');
INSERT INTO `sys_oper_log` VALUES ('414', '', '1', 'com.ruoyi.web.controller.workflow.BpmnInfoController.deploy()', 'POST', '1', 'admin', null, '/workflow/bpmnInfo/deploy', '127.0.0.1', 'IP', '{\"bpmnLabel\":\"\",\"bpmnType\":\"bus_car_package\",\"deployTime\":\"2022-11-16T10:29:46.708+08:00\",\"info\":\"23452345\",\"params\":{},\"processDefinitionKey\":\"bus_car_package\",\"resourceName\":\"casual-leave.zip\"}', null, '1', ' Key ', '2022-11-16 10:29:46');
INSERT INTO `sys_oper_log` VALUES ('415', '', '3', 'com.ruoyi.web.controller.workflow.BpmnInfoController.remove()', 'DELETE', '1', 'admin', null, '/workflow/bpmnInfo/11', '127.0.0.1', 'IP', '{ids=11}', null, '1', ', ', '2022-11-16 11:15:08');
INSERT INTO `sys_oper_log` VALUES ('416', '', '3', 'com.ruoyi.web.controller.workflow.BpmnInfoController.remove()', 'DELETE', '1', 'admin', null, '/workflow/bpmnInfo/13', '127.0.0.1', 'IP', '{ids=13}', '{\"msg\":\"\",\"code\":200}', '0', null, '2022-11-16 11:15:43');
INSERT INTO `sys_oper_log` VALUES ('417', '', '3', 'com.ruoyi.web.controller.workflow.BpmnInfoController.remove()', 'DELETE', '1', 'admin', null, '/workflow/bpmnInfo/11', '127.0.0.1', 'IP', '{ids=11}', null, '1', ', ', '2022-11-16 16:07:55');
INSERT INTO `sys_oper_log` VALUES ('418', '', '3', 'com.ruoyi.web.controller.workflow.BpmnInfoController.remove()', 'DELETE', '1', 'admin', null, '/workflow/bpmnInfo/11', '127.0.0.1', 'IP', '{ids=11}', null, '1', ', ', '2022-11-16 16:08:47');
INSERT INTO `sys_oper_log` VALUES ('419', '', '1', 'com.ruoyi.web.controller.workflow.BpmnInfoController.deploy()', 'POST', '1', 'admin', null, '/workflow/bpmnInfo/deploy', '127.0.0.1', 'IP', '{\"bpmnLabel\":\"\",\"bpmnType\":\"bus_car_package\",\"deployTime\":\"2022-11-16T16:27:40.399+08:00\",\"deploymentId\":\"1\",\"id\":14,\"info\":\"\",\"params\":{},\"processDefinitionKey\":\"bus_car_package\",\"resourceName\":\"bus_car_package.zip\",\"version\":1}', '{\"msg\":\"\",\"code\":200}', '0', null, '2022-11-16 16:27:40');
INSERT INTO `sys_oper_log` VALUES ('420', '', '1', 'com.ruoyi.web.controller.workflow.BpmnInfoController.deploy()', 'POST', '1', 'admin', null, '/workflow/bpmnInfo/deploy', '127.0.0.1', 'IP', '{\"bpmnLabel\":\"\",\"bpmnType\":\"casual-leave\",\"deployTime\":\"2022-11-16T16:28:13.626+08:00\",\"deploymentId\":\"5\",\"id\":15,\"info\":\"\",\"params\":{},\"processDefinitionKey\":\"casual-leave\",\"resourceName\":\"casual-leave.bpmn\",\"version\":1}', '{\"msg\":\"\",\"code\":200}', '0', null, '2022-11-16 16:28:13');
INSERT INTO `sys_oper_log` VALUES ('421', '', '1', 'com.ruoyi.web.controller.workflow.BpmnInfoController.deploy()', 'POST', '1', 'admin', null, '/workflow/bpmnInfo/deploy', '127.0.0.1', 'IP', '{\"bpmnLabel\":\"\",\"bpmnType\":\"bus_car_package\",\"deployTime\":\"2022-11-16T17:02:34.253+08:00\",\"deploymentId\":\"8\",\"info\":\"null\",\"params\":{},\"processDefinitionKey\":\"bus_car_package\",\"resourceName\":\"process1668589031584.bpmn\"}', null, '1', ' Key ', '2022-11-16 17:02:34');
INSERT INTO `sys_oper_log` VALUES ('422', '', '1', 'com.ruoyi.web.controller.workflow.BpmnInfoController.deploy()', 'POST', '1', 'admin', null, '/workflow/bpmnInfo/deploy', '127.0.0.1', 'IP', '{\"bpmnLabel\":\"\",\"bpmnType\":\"bus_car_package\",\"deployTime\":\"2022-11-16T17:04:13.704+08:00\",\"deploymentId\":\"11\",\"id\":16,\"info\":\"null\",\"params\":{},\"processDefinitionKey\":\"bus_car_package\",\"resourceName\":\"process1668589031584.bpmn\",\"version\":2}', '{\"msg\":\"\",\"code\":200}', '0', null, '2022-11-16 17:04:13');
INSERT INTO `sys_oper_log` VALUES ('423', '', '3', 'com.ruoyi.web.controller.workflow.BpmnInfoController.remove()', 'DELETE', '1', 'admin', null, '/workflow/bpmnInfo/16', '127.0.0.1', 'IP', '{ids=16}', '{\"msg\":\"\",\"code\":200}', '0', null, '2022-11-16 17:04:55');
INSERT INTO `sys_oper_log` VALUES ('424', '', '6', 'com.ruoyi.generator.controller.GenController.importTableSave()', 'POST', '1', 'admin', null, '/tool/gen/importTable', '127.0.0.1', 'IP', 'bus_bpmn_node', '{\"msg\":\"\",\"code\":200}', '0', null, '2022-11-17 09:58:18');
INSERT INTO `sys_oper_log` VALUES ('425', '', '2', 'com.ruoyi.generator.controller.GenController.editSave()', 'PUT', '1', 'admin', null, '/tool/gen', '127.0.0.1', 'IP', '{\"businessName\":\"bpmnNode\",\"className\":\"BpmnNode\",\"codeTemp\":\"0\",\"columns\":[{\"capJavaField\":\"Id\",\"columnComment\":\"\",\"columnId\":22,\"columnName\":\"id\",\"columnType\":\"bigint(20)\",\"createBy\":\"admin\",\"createTime\":\"2022-11-17 09:58:18\",\"dictType\":\"\",\"edit\":false,\"htmlType\":\"input\",\"increment\":true,\"insert\":false,\"isIncrement\":\"1\",\"isList\":\"1\",\"isPk\":\"1\",\"javaField\":\"id\",\"javaType\":\"Long\",\"list\":true,\"params\":{},\"pk\":true,\"query\":false,\"queryType\":\"EQ\",\"required\":false,\"sort\":1,\"superColumn\":false,\"tableId\":4,\"updateBy\":\"\",\"usableColumn\":false},{\"capJavaField\":\"BpmnInfoId\",\"columnComment\":\"\",\"columnId\":23,\"columnName\":\"bpmn_info_id\",\"columnType\":\"bigint(20)\",\"createBy\":\"admin\",\"createTime\":\"2022-11-17 09:58:18\",\"dictType\":\"\",\"edit\":true,\"htmlType\":\"input\",\"increment\":false,\"insert\":true,\"isEdit\":\"1\",\"isIncrement\":\"0\",\"isInsert\":\"1\",\"isList\":\"1\",\"isPk\":\"0\",\"javaField\":\"bpmnInfoId\",\"javaType\":\"Long\",\"list\":true,\"params\":{},\"pk\":false,\"query\":false,\"queryType\":\"EQ\",\"required\":false,\"sort\":2,\"superColumn\":false,\"tableId\":4,\"updateBy\":\"\",\"usableColumn\":false},{\"capJavaField\":\"NodeKey\",\"columnComment\":\"\",\"columnId\":24,\"columnName\":\"node_key\",\"columnType\":\"varchar(64)\",\"createBy\":\"admin\",\"createTime\":\"2022-11-17 09:58:18\",\"dictType\":\"\",\"edit\":true,\"htmlType\":\"input\",\"increment\":false,\"insert\":true,\"isEdit\":\"1\",\"isIncrement\":\"0\",\"isInsert\":\"1\",\"isList\":\"1\",\"isPk\":\"0\",\"isQuery\":\"1\",\"javaField\":\"nodeKey\",\"javaType\":\"String\",\"list\":true,\"params\":{},\"pk\":false,\"query\":true,\"queryType\":\"LIKE\",\"required\":false,\"sort\":3,\"superColumn\":false,\"tableId\":4,\"updateBy\":\"\",\"usableColumn\":false},{\"capJavaField\":\"NodeDesc\",\"columnComment\":\"\",\"columnId\":25,\"columnName\":\"node_desc\",\"columnType\":\"varchar(64)\",\"createBy\":\"admin\",\"createTime\":\"2022-11-17 09:58:18\",\"dictType\":\"\",\"edit\":true,\"htmlType\":\"input\",\"increment\":false,\"insert\":true,\"isEdit\":\"1\",\"isIncrement\":\"0\",\"isInsert\":\"1\",\"isList\":\"1\",\"isPk\":\"0\",\"javaField\":\"nodeDesc\",\"javaType\":\"String\",\"list\":true,\"params\":{},\"pk\":false,\"query\"', '{\"msg\":\"\",\"code\":200}', '0', null, '2022-11-17 10:01:12');
INSERT INTO `sys_oper_log` VALUES ('426', '', '8', 'com.ruoyi.generator.controller.GenController.batchGenCode()', 'GET', '1', 'admin', null, '/tool/gen/batchGenCode', '127.0.0.1', 'IP', '{}', null, '0', null, '2022-11-17 10:01:23');
INSERT INTO `sys_oper_log` VALUES ('427', '', '2', 'com.ruoyi.web.controller.system.SysMenuController.edit()', 'PUT', '1', 'admin', null, '/system/menu', '127.0.0.1', 'IP', '{\"children\":[],\"component\":\"workflow/bpmnNode/index\",\"createTime\":\"2022-11-17 10:02:09\",\"icon\":\"#\",\"isCache\":\"0\",\"isFrame\":\"1\",\"menuId\":2098,\"menuName\":\"\",\"menuType\":\"C\",\"orderNum\":1,\"params\":{},\"parentId\":2066,\"path\":\"bpmnNode\",\"perms\":\"workflow:bpmnNode:list\",\"status\":\"0\",\"updateBy\":\"admin\",\"visible\":\"1\"}', '{\"msg\":\"\",\"code\":200}', '0', null, '2022-11-17 10:06:25');
INSERT INTO `sys_oper_log` VALUES ('428', '', '2', 'com.ruoyi.web.controller.system.SysMenuController.edit()', 'PUT', '1', 'admin', null, '/system/menu', '127.0.0.1', 'IP', '{\"children\":[],\"component\":\"workflow/bpmnInfo/index\",\"createTime\":\"2022-08-31 15:50:01\",\"icon\":\"#\",\"isCache\":\"0\",\"isFrame\":\"1\",\"menuId\":2066,\"menuName\":\"\",\"menuType\":\"C\",\"orderNum\":1,\"params\":{},\"parentId\":2065,\"path\":\"definition\",\"perms\":\"business:bpmnInfo:list\",\"status\":\"0\",\"updateBy\":\"admin\",\"visible\":\"0\"}', '{\"msg\":\"\",\"code\":200}', '0', null, '2022-11-17 10:30:46');
INSERT INTO `sys_oper_log` VALUES ('429', '', '2', 'com.ruoyi.web.controller.system.SysMenuController.edit()', 'PUT', '1', 'admin', null, '/system/menu', '127.0.0.1', 'IP', '{\"children\":[],\"component\":\"workflow/bpmnNode/index\",\"createTime\":\"2022-11-17 10:02:09\",\"icon\":\"#\",\"isCache\":\"0\",\"isFrame\":\"1\",\"menuId\":2098,\"menuName\":\"\",\"menuType\":\"C\",\"orderNum\":1,\"params\":{},\"parentId\":2065,\"path\":\"bpmnNode\",\"perms\":\"workflow:bpmnNode:list\",\"status\":\"0\",\"updateBy\":\"admin\",\"visible\":\"1\"}', '{\"msg\":\"\",\"code\":200}', '0', null, '2022-11-17 10:30:55');
INSERT INTO `sys_oper_log` VALUES ('430', '', '3', 'com.ruoyi.web.controller.workflow.BpmnNodeController.remove()', 'DELETE', '1', 'admin', null, '/workflow/bpmnNode/1', '127.0.0.1', 'IP', '{ids=1}', '{\"msg\":\"\",\"code\":200}', '0', null, '2022-11-17 10:46:37');
INSERT INTO `sys_oper_log` VALUES ('431', '', '1', 'com.ruoyi.web.controller.workflow.BpmnNodeController.add()', 'POST', '1', 'admin', null, '/workflow/bpmnNode', '127.0.0.1', 'IP', '{\"id\":2,\"nodeDesc\":\"12342134\",\"nodeKey\":\"242134\",\"params\":{}}', '{\"msg\":\"\",\"code\":200}', '0', null, '2022-11-17 10:58:16');
INSERT INTO `sys_oper_log` VALUES ('432', '', '1', 'com.ruoyi.web.controller.workflow.BpmnNodeController.add()', 'POST', '1', 'admin', null, '/workflow/bpmnNode', '127.0.0.1', 'IP', '{\"bpmnInfoId\":14,\"id\":3,\"nodeDesc\":\"2342\",\"nodeKey\":\"234234\",\"params\":{}}', '{\"msg\":\"\",\"code\":200}', '0', null, '2022-11-17 11:00:00');
INSERT INTO `sys_oper_log` VALUES ('433', '', '2', 'com.ruoyi.web.controller.workflow.BpmnNodeController.edit()', 'PUT', '1', 'admin', null, '/workflow/bpmnNode', '127.0.0.1', 'IP', '{\"bpmnInfoId\":14,\"id\":3,\"nodeDesc\":\"23422222\",\"nodeKey\":\"2342342222\",\"params\":{}}', '{\"msg\":\"\",\"code\":200}', '0', null, '2022-11-17 11:00:35');
INSERT INTO `sys_oper_log` VALUES ('434', '', '2', 'com.ruoyi.web.controller.workflow.BpmnNodeController.edit()', 'PUT', '1', 'admin', null, '/workflow/bpmnNode', '127.0.0.1', 'IP', '{\"auditors\":[1,100],\"bpmnInfoId\":14,\"id\":3,\"nodeDesc\":\"23422222\",\"nodeKey\":\"2342342222\",\"params\":{}}', null, '1', '\r\n### Error updating database.  Cause: java.sql.SQLSyntaxErrorException: Unknown column \'userId\' in \'field list\'\r\n### The error may exist in file [D:\\projects\\caro2o\\caro2o-admin-backend\\ruoyi-workflow\\target\\classes\\mapper\\workflow\\BpmnNodeMapper.xml]\r\n### The error may involve defaultParameterMap\r\n### The error occurred while setting parameters\r\n### SQL: insert into bus_bpmn_auditor values                        (userId, nodeId)          ,              (userId, nodeId)\r\n### Cause: java.sql.SQLSyntaxErrorException: Unknown column \'userId\' in \'field list\'\n; bad SQL grammar []; nested exception is java.sql.SQLSyntaxErrorException: Unknown column \'userId\' in \'field list\'', '2022-11-17 11:12:50');
INSERT INTO `sys_oper_log` VALUES ('435', '', '2', 'com.ruoyi.web.controller.workflow.BpmnNodeController.edit()', 'PUT', '1', 'admin', null, '/workflow/bpmnNode', '127.0.0.1', 'IP', '{\"auditors\":[1,100],\"bpmnInfoId\":14,\"id\":3,\"nodeDesc\":\"23422222\",\"nodeKey\":\"2342342222\",\"params\":{}}', '{\"msg\":\"\",\"code\":200}', '0', null, '2022-11-17 11:13:48');
INSERT INTO `sys_oper_log` VALUES ('436', '', '2', 'com.ruoyi.web.controller.workflow.BpmnNodeController.edit()', 'PUT', '1', 'admin', null, '/workflow/bpmnNode', '127.0.0.1', 'IP', '{\"auditors\":[1001,1002],\"bpmnInfoId\":14,\"id\":3,\"nodeDesc\":\"23422222\",\"nodeKey\":\"2342342222\",\"params\":{}}', '{\"msg\":\"\",\"code\":200}', '0', null, '2022-11-17 11:18:43');
INSERT INTO `sys_oper_log` VALUES ('437', '', '3', 'com.ruoyi.web.controller.workflow.BpmnNodeController.remove()', 'DELETE', '1', 'admin', null, '/workflow/bpmnNode/3', '127.0.0.1', 'IP', '{ids=3}', '{\"msg\":\"\",\"code\":200}', '0', null, '2022-11-17 11:51:53');
INSERT INTO `sys_oper_log` VALUES ('438', '', '1', 'com.ruoyi.web.controller.workflow.BpmnNodeController.add()', 'POST', '1', 'admin', null, '/workflow/bpmnNode', '127.0.0.1', 'IP', '{\"auditors\":[1,100],\"bpmnInfoId\":14,\"id\":4,\"nodeDesc\":\"\",\"nodeKey\":\"shopOwnerAudit\",\"params\":{}}', '{\"msg\":\"\",\"code\":200}', '0', null, '2022-11-17 11:53:23');
INSERT INTO `sys_oper_log` VALUES ('439', '', '1', 'com.ruoyi.web.controller.workflow.BpmnNodeController.add()', 'POST', '1', 'admin', null, '/workflow/bpmnNode', '127.0.0.1', 'IP', '{\"auditors\":[1002,1003],\"bpmnInfoId\":14,\"id\":5,\"nodeDesc\":\"\",\"nodeKey\":\"financialAudit\",\"params\":{}}', '{\"msg\":\"\",\"code\":200}', '0', null, '2022-11-17 11:53:42');
INSERT INTO `sys_oper_log` VALUES ('440', '', '1', 'com.ruoyi.web.controller.workflow.BpmnNodeController.add()', 'POST', '1', 'admin', null, '/workflow/bpmnNode', '127.0.0.1', 'IP', '{\"auditors\":[1004,1005],\"bpmnInfoId\":14,\"id\":6,\"nodeDesc\":\"\",\"nodeKey\":\"presidentAudit\",\"params\":{}}', '{\"msg\":\"\",\"code\":200}', '0', null, '2022-11-17 11:53:59');
INSERT INTO `sys_oper_log` VALUES ('441', '', '3', 'com.ruoyi.web.controller.system.SysMenuController.remove()', 'DELETE', '1', 'admin', null, '/system/menu/2092', '127.0.0.1', 'IP', '{menuId=2092}', '{\"msg\":\",\",\"code\":500}', '0', null, '2022-11-17 14:17:41');
INSERT INTO `sys_oper_log` VALUES ('442', '', '3', 'com.ruoyi.web.controller.system.SysMenuController.remove()', 'DELETE', '1', 'admin', null, '/system/menu/2097', '127.0.0.1', 'IP', '{menuId=2097}', '{\"msg\":\"\",\"code\":200}', '0', null, '2022-11-17 14:17:46');
INSERT INTO `sys_oper_log` VALUES ('443', '', '3', 'com.ruoyi.web.controller.system.SysMenuController.remove()', 'DELETE', '1', 'admin', null, '/system/menu/2096', '127.0.0.1', 'IP', '{menuId=2096}', '{\"msg\":\"\",\"code\":200}', '0', null, '2022-11-17 14:17:49');
INSERT INTO `sys_oper_log` VALUES ('444', '', '3', 'com.ruoyi.web.controller.system.SysMenuController.remove()', 'DELETE', '1', 'admin', null, '/system/menu/2095', '127.0.0.1', 'IP', '{menuId=2095}', '{\"msg\":\"\",\"code\":200}', '0', null, '2022-11-17 14:17:51');
INSERT INTO `sys_oper_log` VALUES ('445', '', '3', 'com.ruoyi.web.controller.system.SysMenuController.remove()', 'DELETE', '1', 'admin', null, '/system/menu/2094', '127.0.0.1', 'IP', '{menuId=2094}', '{\"msg\":\"\",\"code\":200}', '0', null, '2022-11-17 14:17:54');
INSERT INTO `sys_oper_log` VALUES ('446', '', '3', 'com.ruoyi.web.controller.system.SysMenuController.remove()', 'DELETE', '1', 'admin', null, '/system/menu/2093', '127.0.0.1', 'IP', '{menuId=2093}', '{\"msg\":\"\",\"code\":200}', '0', null, '2022-11-17 14:17:56');
INSERT INTO `sys_oper_log` VALUES ('447', '', '3', 'com.ruoyi.web.controller.system.SysMenuController.remove()', 'DELETE', '1', 'admin', null, '/system/menu/2092', '127.0.0.1', 'IP', '{menuId=2092}', '{\"msg\":\"\",\"code\":200}', '0', null, '2022-11-17 14:17:59');
INSERT INTO `sys_oper_log` VALUES ('448', '', '3', 'com.ruoyi.web.controller.system.SysMenuController.remove()', 'DELETE', '1', 'admin', null, '/system/menu/2091', '127.0.0.1', 'IP', '{menuId=2091}', '{\"msg\":\",\",\"code\":500}', '0', null, '2022-11-17 14:18:05');
INSERT INTO `sys_oper_log` VALUES ('449', '', '2', 'com.ruoyi.web.controller.system.SysRoleController.edit()', 'PUT', '1', 'admin', null, '/system/role', '127.0.0.1', 'IP', '{\"admin\":false,\"createTime\":\"2022-08-26 10:09:31\",\"dataScope\":\"1\",\"delFlag\":\"0\",\"deptCheckStrictly\":true,\"flag\":false,\"menuCheckStrictly\":true,\"menuIds\":[2077,2078,2079,2080,2081,2082,2083,2084,2085,2086,2087,2088,2089,4],\"params\":{},\"remark\":\"001\",\"roleId\":100,\"roleKey\":\"pm\",\"roleName\":\"\",\"roleSort\":\"3\",\"status\":\"0\",\"updateBy\":\"admin\"}', '{\"msg\":\"\",\"code\":200}', '0', null, '2022-11-17 14:18:38');
INSERT INTO `sys_oper_log` VALUES ('450', '', '3', 'com.ruoyi.web.controller.system.SysMenuController.remove()', 'DELETE', '1', 'admin', null, '/system/menu/2091', '127.0.0.1', 'IP', '{menuId=2091}', '{\"msg\":\"\",\"code\":200}', '0', null, '2022-11-17 14:19:06');
INSERT INTO `sys_oper_log` VALUES ('451', '', '3', 'com.ruoyi.web.controller.system.SysMenuController.remove()', 'DELETE', '1', 'admin', null, '/system/menu/2090', '127.0.0.1', 'IP', '{menuId=2090}', '{\"msg\":\"\",\"code\":200}', '0', null, '2022-11-17 14:19:09');
INSERT INTO `sys_oper_log` VALUES ('452', '', '2', 'com.ruoyi.web.controller.system.SysMenuController.edit()', 'PUT', '1', 'admin', null, '/system/menu', '127.0.0.1', 'IP', '{\"children\":[],\"component\":\"system/type/index\",\"createTime\":\"2022-09-03 13:24:16\",\"icon\":\"shopping\",\"isCache\":\"0\",\"isFrame\":\"1\",\"menuId\":2071,\"menuName\":\"\",\"menuType\":\"C\",\"orderNum\":1,\"params\":{},\"parentId\":1,\"path\":\"car\",\"perms\":\"system:type:list\",\"status\":\"0\",\"updateBy\":\"admin\",\"visible\":\"0\"}', '{\"msg\":\"\",\"code\":200}', '0', null, '2022-11-17 14:19:52');
INSERT INTO `sys_oper_log` VALUES ('453', '', '2', 'com.ruoyi.web.controller.system.SysMenuController.edit()', 'PUT', '1', 'admin', null, '/system/menu', '127.0.0.1', 'IP', '{\"children\":[],\"createTime\":\"2022-09-03 13:30:04\",\"icon\":\"peoples\",\"isCache\":\"0\",\"isFrame\":\"1\",\"menuId\":2077,\"menuName\":\"\",\"menuType\":\"M\",\"orderNum\":7,\"params\":{},\"parentId\":0,\"path\":\"customer\",\"perms\":\"\",\"status\":\"0\",\"updateBy\":\"admin\",\"visible\":\"0\"}', '{\"msg\":\"\",\"code\":200}', '0', null, '2022-11-17 14:20:31');
INSERT INTO `sys_oper_log` VALUES ('454', '', '2', 'com.ruoyi.web.controller.system.SysMenuController.edit()', 'PUT', '1', 'admin', null, '/system/menu', '127.0.0.1', 'IP', '{\"children\":[],\"createTime\":\"2022-09-03 13:30:04\",\"icon\":\"peoples\",\"isCache\":\"0\",\"isFrame\":\"1\",\"menuId\":2077,\"menuName\":\"\",\"menuType\":\"M\",\"orderNum\":7,\"params\":{},\"parentId\":0,\"path\":\"customer\",\"perms\":\"\",\"status\":\"0\",\"updateBy\":\"admin\",\"visible\":\"1\"}', '{\"msg\":\"\",\"code\":200}', '0', null, '2022-11-17 14:21:50');
INSERT INTO `sys_oper_log` VALUES ('455', '', '2', 'com.ruoyi.web.controller.system.SysMenuController.edit()', 'PUT', '1', 'admin', null, '/system/menu', '127.0.0.1', 'IP', '{\"children\":[],\"createTime\":\"2022-08-31 15:49:15\",\"icon\":\"list\",\"isCache\":\"0\",\"isFrame\":\"1\",\"menuId\":2065,\"menuName\":\"\",\"menuType\":\"M\",\"orderNum\":1,\"params\":{},\"parentId\":0,\"path\":\"flow\",\"perms\":\"\",\"status\":\"0\",\"updateBy\":\"admin\",\"visible\":\"0\"}', '{\"msg\":\"\",\"code\":200}', '0', null, '2022-11-17 14:22:13');
INSERT INTO `sys_oper_log` VALUES ('456', '', '2', 'com.ruoyi.web.controller.system.SysMenuController.edit()', 'PUT', '1', 'admin', null, '/system/menu', '127.0.0.1', 'IP', '{\"children\":[],\"createTime\":\"2022-08-31 15:37:54\",\"icon\":\"dashboard\",\"isCache\":\"0\",\"isFrame\":\"1\",\"menuId\":2057,\"menuName\":\"\",\"menuType\":\"M\",\"orderNum\":2,\"params\":{},\"parentId\":0,\"path\":\"setmeal\",\"perms\":\"\",\"status\":\"0\",\"updateBy\":\"admin\",\"visible\":\"0\"}', '{\"msg\":\"\",\"code\":200}', '0', null, '2022-11-17 14:22:20');
INSERT INTO `sys_oper_log` VALUES ('457', '', '2', 'com.ruoyi.web.controller.system.SysMenuController.edit()', 'PUT', '1', 'admin', null, '/system/menu', '127.0.0.1', 'IP', '{\"children\":[],\"createTime\":\"2022-08-31 15:18:17\",\"icon\":\"online\",\"isCache\":\"0\",\"isFrame\":\"1\",\"menuId\":2031,\"menuName\":\"\",\"menuType\":\"M\",\"orderNum\":3,\"params\":{},\"parentId\":0,\"path\":\"business\",\"perms\":\"\",\"status\":\"0\",\"updateBy\":\"admin\",\"visible\":\"0\"}', '{\"msg\":\"\",\"code\":200}', '0', null, '2022-11-17 14:22:25');
INSERT INTO `sys_oper_log` VALUES ('458', '', '2', 'com.ruoyi.web.controller.system.SysMenuController.edit()', 'PUT', '1', 'admin', null, '/system/menu', '127.0.0.1', 'IP', '{\"children\":[],\"createTime\":\"2022-09-03 13:30:04\",\"icon\":\"peoples\",\"isCache\":\"0\",\"isFrame\":\"1\",\"menuId\":2077,\"menuName\":\"\",\"menuType\":\"M\",\"orderNum\":4,\"params\":{},\"parentId\":0,\"path\":\"customer\",\"perms\":\"\",\"status\":\"0\",\"updateBy\":\"admin\",\"visible\":\"1\"}', '{\"msg\":\"\",\"code\":200}', '0', null, '2022-11-17 14:22:33');
INSERT INTO `sys_oper_log` VALUES ('459', '', '2', 'com.ruoyi.web.controller.system.SysMenuController.edit()', 'PUT', '1', 'admin', null, '/system/menu', '127.0.0.1', 'IP', '{\"children\":[],\"createTime\":\"2022-08-25 17:40:52\",\"icon\":\"tool\",\"isCache\":\"0\",\"isFrame\":\"1\",\"menuId\":3,\"menuName\":\"\",\"menuType\":\"M\",\"orderNum\":5,\"params\":{},\"parentId\":0,\"path\":\"tool\",\"perms\":\"\",\"query\":\"\",\"status\":\"0\",\"updateBy\":\"admin\",\"visible\":\"0\"}', '{\"msg\":\"\",\"code\":200}', '0', null, '2022-11-17 14:22:42');
INSERT INTO `sys_oper_log` VALUES ('460', '', '2', 'com.ruoyi.web.controller.system.SysMenuController.edit()', 'PUT', '1', 'admin', null, '/system/menu', '127.0.0.1', 'IP', '{\"children\":[],\"createTime\":\"2022-08-25 17:40:52\",\"icon\":\"monitor\",\"isCache\":\"0\",\"isFrame\":\"1\",\"menuId\":2,\"menuName\":\"\",\"menuType\":\"M\",\"orderNum\":6,\"params\":{},\"parentId\":0,\"path\":\"monitor\",\"perms\":\"\",\"query\":\"\",\"status\":\"0\",\"updateBy\":\"admin\",\"visible\":\"0\"}', '{\"msg\":\"\",\"code\":200}', '0', null, '2022-11-17 14:22:50');
INSERT INTO `sys_oper_log` VALUES ('461', '', '2', 'com.ruoyi.web.controller.system.SysMenuController.edit()', 'PUT', '1', 'admin', null, '/system/menu', '127.0.0.1', 'IP', '{\"children\":[],\"createTime\":\"2022-08-25 17:40:52\",\"icon\":\"system\",\"isCache\":\"0\",\"isFrame\":\"1\",\"menuId\":1,\"menuName\":\"\",\"menuType\":\"M\",\"orderNum\":7,\"params\":{},\"parentId\":0,\"path\":\"system\",\"perms\":\"\",\"query\":\"\",\"status\":\"0\",\"updateBy\":\"admin\",\"visible\":\"0\"}', '{\"msg\":\"\",\"code\":200}', '0', null, '2022-11-17 14:22:55');
INSERT INTO `sys_oper_log` VALUES ('462', '', '2', 'com.ruoyi.web.controller.system.SysMenuController.edit()', 'PUT', '1', 'admin', null, '/system/menu', '127.0.0.1', 'IP', '{\"children\":[],\"component\":\"workflow/bpmnInfo/index\",\"createTime\":\"2022-08-31 15:50:01\",\"icon\":\"education\",\"isCache\":\"0\",\"isFrame\":\"1\",\"menuId\":2066,\"menuName\":\"\",\"menuType\":\"C\",\"orderNum\":1,\"params\":{},\"parentId\":2065,\"path\":\"definition\",\"perms\":\"business:bpmnInfo:list\",\"status\":\"0\",\"updateBy\":\"admin\",\"visible\":\"0\"}', '{\"msg\":\"\",\"code\":200}', '0', null, '2022-11-17 14:23:33');
INSERT INTO `sys_oper_log` VALUES ('463', '', '2', 'com.ruoyi.web.controller.system.SysMenuController.edit()', 'PUT', '1', 'admin', null, '/system/menu', '127.0.0.1', 'IP', '{\"children\":[],\"component\":\"business/setmeal/index\",\"createTime\":\"2022-08-31 15:39:30\",\"icon\":\"message\",\"isCache\":\"0\",\"isFrame\":\"1\",\"menuId\":2058,\"menuName\":\"\",\"menuType\":\"C\",\"orderNum\":1,\"params\":{},\"parentId\":2057,\"path\":\"setmeal\",\"perms\":\"business:carPackageAudit:list\",\"status\":\"0\",\"updateBy\":\"admin\",\"visible\":\"0\"}', '{\"msg\":\"\",\"code\":200}', '0', null, '2022-11-17 14:25:22');
INSERT INTO `sys_oper_log` VALUES ('464', '', '2', 'com.ruoyi.web.controller.system.SysMenuController.edit()', 'PUT', '1', 'admin', null, '/system/menu', '127.0.0.1', 'IP', '{\"children\":[],\"component\":\"business/setmeal/todo/index\",\"createTime\":\"2022-08-31 15:47:06\",\"icon\":\"eye-open\",\"isCache\":\"0\",\"isFrame\":\"1\",\"menuId\":2062,\"menuName\":\"\",\"menuType\":\"C\",\"orderNum\":2,\"params\":{},\"parentId\":2057,\"path\":\"todo\",\"perms\":\"business:carPackageAudit:todo\",\"status\":\"0\",\"updateBy\":\"admin\",\"visible\":\"0\"}', '{\"msg\":\"\",\"code\":200}', '0', null, '2022-11-17 14:25:36');
INSERT INTO `sys_oper_log` VALUES ('465', '', '2', 'com.ruoyi.web.controller.system.SysMenuController.edit()', 'PUT', '1', 'admin', null, '/system/menu', '127.0.0.1', 'IP', '{\"children\":[],\"component\":\"business/setmeal/done/index\",\"createTime\":\"2022-08-31 15:48:07\",\"icon\":\"eye\",\"isCache\":\"0\",\"isFrame\":\"1\",\"menuId\":2064,\"menuName\":\"\",\"menuType\":\"C\",\"orderNum\":3,\"params\":{},\"parentId\":2057,\"path\":\"done\",\"perms\":\"business:carPackageAudit:done\",\"status\":\"0\",\"updateBy\":\"admin\",\"visible\":\"0\"}', '{\"msg\":\"\",\"code\":200}', '0', null, '2022-11-17 14:25:43');
INSERT INTO `sys_oper_log` VALUES ('466', '', '2', 'com.ruoyi.web.controller.system.SysMenuController.edit()', 'PUT', '1', 'admin', null, '/system/menu', '127.0.0.1', 'IP', '{\"children\":[],\"component\":\"business/appointment/index\",\"createTime\":\"2022-08-31 15:23:07\",\"icon\":\"message\",\"isCache\":\"0\",\"isFrame\":\"1\",\"menuId\":2032,\"menuName\":\"\",\"menuType\":\"C\",\"orderNum\":1,\"params\":{},\"parentId\":2031,\"path\":\"appointment\",\"perms\":\"business:appointment:list\",\"status\":\"0\",\"updateBy\":\"admin\",\"visible\":\"0\"}', '{\"msg\":\"\",\"code\":200}', '0', null, '2022-11-17 14:26:14');
INSERT INTO `sys_oper_log` VALUES ('467', '', '2', 'com.ruoyi.web.controller.system.SysMenuController.edit()', 'PUT', '1', 'admin', null, '/system/menu', '127.0.0.1', 'IP', '{\"children\":[],\"component\":\"business/service/index\",\"createTime\":\"2022-08-31 15:23:59\",\"icon\":\"cascader\",\"isCache\":\"0\",\"isFrame\":\"1\",\"menuId\":2033,\"menuName\":\"\",\"menuType\":\"C\",\"orderNum\":2,\"params\":{},\"parentId\":2031,\"path\":\"service\",\"perms\":\"business:serviceItem:list\",\"status\":\"0\",\"updateBy\":\"admin\",\"visible\":\"0\"}', '{\"msg\":\"\",\"code\":200}', '0', null, '2022-11-17 14:26:33');
INSERT INTO `sys_oper_log` VALUES ('468', '', '2', 'com.ruoyi.web.controller.system.SysMenuController.edit()', 'PUT', '1', 'admin', null, '/system/menu', '127.0.0.1', 'IP', '{\"children\":[],\"component\":\"business/statement/index\",\"createTime\":\"2022-08-31 15:24:55\",\"icon\":\"money\",\"isCache\":\"0\",\"isFrame\":\"1\",\"menuId\":2034,\"menuName\":\"\",\"menuType\":\"C\",\"orderNum\":3,\"params\":{},\"parentId\":2031,\"path\":\"statement\",\"perms\":\"business:statement:list\",\"status\":\"0\",\"updateBy\":\"admin\",\"visible\":\"0\"}', '{\"msg\":\"\",\"code\":200}', '0', null, '2022-11-17 14:26:44');
INSERT INTO `sys_oper_log` VALUES ('469', '', '3', 'com.ruoyi.web.controller.system.SysMenuController.remove()', 'DELETE', '1', 'admin', null, '/system/menu/2065', '127.0.0.1', 'IP', '{menuId=2065}', '{\"msg\":\",\",\"code\":500}', '0', null, '2022-11-17 15:05:43');
INSERT INTO `sys_oper_log` VALUES ('470', '', '2', 'com.ruoyi.web.controller.system.SysDictDataController.edit()', 'PUT', '1', 'admin', null, '/system/dict/data', '127.0.0.1', 'IP', '{\"createBy\":\"admin\",\"createTime\":\"2022-08-31 16:14:29\",\"dictCode\":105,\"dictLabel\":\"\",\"dictSort\":1,\"dictType\":\"sys_audit_type\",\"dictValue\":\"car_package\",\"isDefault\":\"N\",\"listClass\":\"default\",\"params\":{},\"status\":\"0\",\"updateBy\":\"admin\"}', '{\"msg\":\"\",\"code\":200}', '0', null, '2022-11-17 16:20:03');
INSERT INTO `sys_oper_log` VALUES ('471', '', '3', 'com.ruoyi.web.controller.system.SysDictDataController.remove()', 'DELETE', '1', 'admin', null, '/system/dict/data/105', '127.0.0.1', 'IP', '{dictCodes=105}', '{\"msg\":\"\",\"code\":200}', '0', null, '2022-11-17 16:43:44');
INSERT INTO `sys_oper_log` VALUES ('472', '', '3', 'com.ruoyi.web.controller.system.SysDictDataController.remove()', 'DELETE', '1', 'admin', null, '/system/dict/data/106', '127.0.0.1', 'IP', '{dictCodes=106}', '{\"msg\":\"\",\"code\":200}', '0', null, '2022-11-17 16:43:46');
INSERT INTO `sys_oper_log` VALUES ('473', '', '3', 'com.ruoyi.web.controller.system.SysDictDataController.remove()', 'DELETE', '1', 'admin', null, '/system/dict/data/107', '127.0.0.1', 'IP', '{dictCodes=107}', '{\"msg\":\"\",\"code\":200}', '0', null, '2022-11-17 16:43:48');
INSERT INTO `sys_oper_log` VALUES ('474', '', '3', 'com.ruoyi.web.controller.workflow.BpmnInfoController.remove()', 'DELETE', '1', 'admin', null, '/workflow/bpmnInfo/14', '127.0.0.1', 'IP', '{ids=14}', '{\"msg\":\"\",\"code\":200}', '0', null, '2022-11-17 16:43:57');
INSERT INTO `sys_oper_log` VALUES ('475', '', '1', 'com.ruoyi.web.controller.workflow.BpmnInfoController.deploy()', 'POST', '1', 'admin', null, '/workflow/bpmnInfo/deploy', '127.0.0.1', 'IP', '{\"bpmnType\":\"car_package\",\"info\":\"\",\"params\":{},\"resourceName\":\"bus_car_package.zip\"}', null, '1', '', '2022-11-17 16:44:11');
INSERT INTO `sys_oper_log` VALUES ('476', '', '1', 'com.ruoyi.web.controller.system.SysDictDataController.add()', 'POST', '1', 'admin', null, '/system/dict/data', '127.0.0.1', 'IP', '{\"createBy\":\"admin\",\"dictLabel\":\"\",\"dictSort\":0,\"dictType\":\"sys_audit_type\",\"dictValue\":\"car_package\",\"listClass\":\"default\",\"params\":{},\"status\":\"0\"}', '{\"msg\":\"\",\"code\":200}', '0', null, '2022-11-17 16:46:30');
INSERT INTO `sys_oper_log` VALUES ('477', '', '1', 'com.ruoyi.web.controller.system.SysDictDataController.add()', 'POST', '1', 'admin', null, '/system/dict/data', '127.0.0.1', 'IP', '{\"createBy\":\"admin\",\"dictLabel\":\"\",\"dictSort\":1,\"dictType\":\"sys_audit_type\",\"dictValue\":\"leave\",\"listClass\":\"default\",\"params\":{},\"status\":\"0\"}', '{\"msg\":\"\",\"code\":200}', '0', null, '2022-11-17 16:46:51');
INSERT INTO `sys_oper_log` VALUES ('478', '', '1', 'com.ruoyi.web.controller.workflow.BpmnInfoController.deploy()', 'POST', '1', 'admin', null, '/workflow/bpmnInfo/deploy', '127.0.0.1', 'IP', '{\"bpmnLabel\":\"\",\"bpmnType\":\"car_package\",\"info\":\"\",\"params\":{},\"resourceName\":\"bus_car_package.zip\"}', null, '1', 'cvc-complex-type.3.2.2:  \'bpmn2:userTask\'  \'bpmn2:assignee\'', '2022-11-17 16:47:20');
INSERT INTO `sys_oper_log` VALUES ('479', '', '1', 'com.ruoyi.web.controller.workflow.BpmnInfoController.deploy()', 'POST', '1', 'admin', null, '/workflow/bpmnInfo/deploy', '127.0.0.1', 'IP', '{\"bpmnLabel\":\"\",\"bpmnType\":\"car_package\",\"deployTime\":\"2022-11-17T16:51:54.078+08:00\",\"deploymentId\":\"5001\",\"id\":16,\"info\":\"1111\",\"params\":{},\"processDefinitionKey\":\"car_package\",\"resourceName\":\"bus_car_package.zip\",\"version\":1}', '{\"msg\":\"\",\"code\":200}', '0', null, '2022-11-17 16:51:54');
INSERT INTO `sys_oper_log` VALUES ('480', '', '1', 'com.ruoyi.web.controller.workflow.BpmnNodeController.add()', 'POST', '1', 'admin', null, '/workflow/bpmnNode', '127.0.0.1', 'IP', '{\"auditors\":[1,100],\"bpmnInfoId\":16,\"id\":7,\"nodeDesc\":\"\",\"nodeKey\":\"shopOwnerAudit\",\"params\":{}}', '{\"msg\":\"\",\"code\":200}', '0', null, '2022-11-17 16:53:18');
INSERT INTO `sys_oper_log` VALUES ('481', '', '1', 'com.ruoyi.web.controller.workflow.BpmnNodeController.add()', 'POST', '1', 'admin', null, '/workflow/bpmnNode', '127.0.0.1', 'IP', '{\"auditors\":[1001,1002],\"bpmnInfoId\":16,\"id\":8,\"nodeDesc\":\"\",\"nodeKey\":\"financialAudit\",\"params\":{}}', '{\"msg\":\"\",\"code\":200}', '0', null, '2022-11-17 16:53:35');
INSERT INTO `sys_oper_log` VALUES ('482', '', '1', 'com.ruoyi.web.controller.workflow.BpmnNodeController.add()', 'POST', '1', 'admin', null, '/workflow/bpmnNode', '127.0.0.1', 'IP', '{\"auditors\":[1003,1004],\"bpmnInfoId\":16,\"id\":9,\"nodeDesc\":\"\",\"nodeKey\":\"presidentAudit\",\"params\":{}}', '{\"msg\":\"\",\"code\":200}', '0', null, '2022-11-17 16:53:51');
INSERT INTO `sys_oper_log` VALUES ('483', '', '6', 'com.ruoyi.generator.controller.GenController.importTableSave()', 'POST', '1', 'admin', null, '/tool/gen/importTable', '127.0.0.1', 'IP', 'bus_car_package_audit', '{\"msg\":\"\",\"code\":200}', '0', null, '2022-11-17 16:56:53');
INSERT INTO `sys_oper_log` VALUES ('484', '', '2', 'com.ruoyi.generator.controller.GenController.editSave()', 'PUT', '1', 'admin', null, '/tool/gen', '127.0.0.1', 'IP', '{\"businessName\":\"audit\",\"className\":\"CarPackageAudit\",\"codeTemp\":\"0\",\"columns\":[{\"capJavaField\":\"Id\",\"columnComment\":\"\",\"columnId\":26,\"columnName\":\"id\",\"columnType\":\"bigint(20)\",\"createBy\":\"admin\",\"createTime\":\"2022-11-17 16:56:52\",\"dictType\":\"\",\"edit\":false,\"htmlType\":\"input\",\"increment\":true,\"insert\":false,\"isIncrement\":\"1\",\"isPk\":\"1\",\"javaField\":\"id\",\"javaType\":\"Long\",\"list\":false,\"params\":{},\"pk\":true,\"query\":false,\"queryType\":\"EQ\",\"required\":false,\"sort\":1,\"superColumn\":false,\"tableId\":5,\"updateBy\":\"\",\"usableColumn\":false},{\"capJavaField\":\"ServiceItemId\",\"columnComment\":\"id\",\"columnId\":27,\"columnName\":\"service_item_id\",\"columnType\":\"bigint(20)\",\"createBy\":\"admin\",\"createTime\":\"2022-11-17 16:56:52\",\"dictType\":\"\",\"edit\":false,\"htmlType\":\"input\",\"increment\":false,\"insert\":false,\"isIncrement\":\"0\",\"isList\":\"1\",\"isPk\":\"0\",\"javaField\":\"serviceItemId\",\"javaType\":\"Long\",\"list\":true,\"params\":{},\"pk\":false,\"query\":false,\"queryType\":\"EQ\",\"required\":false,\"sort\":2,\"superColumn\":false,\"tableId\":5,\"updateBy\":\"\",\"usableColumn\":false},{\"capJavaField\":\"ServiceItemName\",\"columnComment\":\"\",\"columnId\":28,\"columnName\":\"service_item_name\",\"columnType\":\"varchar(255)\",\"createBy\":\"admin\",\"createTime\":\"2022-11-17 16:56:52\",\"dictType\":\"\",\"edit\":false,\"htmlType\":\"input\",\"increment\":false,\"insert\":false,\"isIncrement\":\"0\",\"isList\":\"1\",\"isPk\":\"0\",\"javaField\":\"serviceItemName\",\"javaType\":\"String\",\"list\":true,\"params\":{},\"pk\":false,\"query\":false,\"queryType\":\"LIKE\",\"required\":false,\"sort\":3,\"superColumn\":false,\"tableId\":5,\"updateBy\":\"\",\"usableColumn\":false},{\"capJavaField\":\"ServiceItemInfo\",\"columnComment\":\"\",\"columnId\":29,\"columnName\":\"service_item_info\",\"columnType\":\"varchar(255)\",\"createBy\":\"admin\",\"createTime\":\"2022-11-17 16:56:53\",\"dictType\":\"\",\"edit\":false,\"htmlType\":\"input\",\"increment\":false,\"insert\":false,\"isIncrement\":\"0\",\"isList\":\"1\",\"isPk\":\"0\",\"javaField\":\"serviceItemInfo\",\"javaType\":\"String\",\"list\":true,\"params\":{},\"pk\":false,\"query\":false,\"queryType\":\"EQ\",\"required\":fa', '{\"msg\":\"\",\"code\":200}', '0', null, '2022-11-17 17:00:02');
INSERT INTO `sys_oper_log` VALUES ('485', '', '8', 'com.ruoyi.generator.controller.GenController.batchGenCode()', 'GET', '1', 'admin', null, '/tool/gen/batchGenCode', '127.0.0.1', 'IP', '{}', null, '0', null, '2022-11-17 17:00:06');
INSERT INTO `sys_oper_log` VALUES ('486', '', '3', 'com.ruoyi.web.controller.system.SysMenuController.remove()', 'DELETE', '1', 'admin', null, '/system/menu/2061', '127.0.0.1', 'IP', '{menuId=2061}', '{\"msg\":\",\",\"code\":500}', '0', null, '2022-11-17 17:00:47');
INSERT INTO `sys_oper_log` VALUES ('487', '', '2', 'com.ruoyi.web.controller.system.SysMenuController.edit()', 'PUT', '1', 'admin', null, '/system/menu', '127.0.0.1', 'IP', '{\"children\":[],\"component\":\"workflow/audit/index\",\"createTime\":\"2022-08-31 15:39:30\",\"icon\":\"message\",\"isCache\":\"0\",\"isFrame\":\"1\",\"menuId\":2058,\"menuName\":\"\",\"menuType\":\"C\",\"orderNum\":1,\"params\":{},\"parentId\":2057,\"path\":\"audit\",\"perms\":\"business:carPackageAudit:list\",\"status\":\"0\",\"updateBy\":\"admin\",\"visible\":\"0\"}', '{\"msg\":\"\",\"code\":200}', '0', null, '2022-11-17 17:35:40');
INSERT INTO `sys_oper_log` VALUES ('488', '', '3', 'com.ruoyi.web.controller.workflow.CarPackageAuditController.remove()', 'DELETE', '1', 'admin', null, '/workflow/audit/12', '127.0.0.1', 'IP', '{ids=12}', '{\"msg\":\"\",\"code\":200}', '0', null, '2022-11-17 18:59:44');
INSERT INTO `sys_oper_log` VALUES ('489', '', '3', 'com.ruoyi.web.controller.workflow.CarPackageAuditController.remove()', 'DELETE', '1', 'admin', null, '/workflow/audit/13', '127.0.0.1', 'IP', '{ids=13}', '{\"msg\":\"\",\"code\":200}', '0', null, '2022-11-17 18:59:46');
INSERT INTO `sys_oper_log` VALUES ('490', '', '3', 'com.ruoyi.web.controller.workflow.BpmnInfoController.remove()', 'DELETE', '1', 'admin', null, '/workflow/bpmnInfo/16', '127.0.0.1', 'IP', '{ids=16}', '{\"msg\":\"\",\"code\":200}', '0', null, '2022-11-17 18:59:56');
INSERT INTO `sys_oper_log` VALUES ('491', '', '1', 'com.ruoyi.web.controller.workflow.BpmnInfoController.deploy()', 'POST', '1', 'admin', null, '/workflow/bpmnInfo/deploy', '127.0.0.1', 'IP', '{\"bpmnLabel\":\"\",\"bpmnType\":\"car_package\",\"deployTime\":\"2022-11-17T19:02:30.551+08:00\",\"deploymentId\":\"10010\",\"id\":17,\"info\":\"\",\"params\":{},\"processDefinitionKey\":\"car_package\",\"resourceName\":\"bus_car_package.zip\",\"version\":1}', '{\"msg\":\"\",\"code\":200}', '0', null, '2022-11-17 19:02:30');
INSERT INTO `sys_oper_log` VALUES ('492', '', '1', 'com.ruoyi.web.controller.workflow.BpmnNodeController.add()', 'POST', '1', 'admin', null, '/workflow/bpmnNode', '127.0.0.1', 'IP', '{\"auditors\":[1,2],\"bpmnInfoId\":17,\"id\":10,\"nodeDesc\":\"\",\"nodeKey\":\"shopOwnerAudit\",\"params\":{}}', '{\"msg\":\"\",\"code\":200}', '0', null, '2022-11-17 19:04:26');
INSERT INTO `sys_oper_log` VALUES ('493', '', '1', 'com.ruoyi.web.controller.workflow.BpmnNodeController.add()', 'POST', '1', 'admin', null, '/workflow/bpmnNode', '127.0.0.1', 'IP', '{\"auditors\":[100,1001],\"bpmnInfoId\":17,\"id\":11,\"nodeDesc\":\"\",\"nodeKey\":\"financialAudit\",\"params\":{}}', '{\"msg\":\"\",\"code\":200}', '0', null, '2022-11-17 19:04:42');
INSERT INTO `sys_oper_log` VALUES ('494', '', '1', 'com.ruoyi.web.controller.workflow.BpmnNodeController.add()', 'POST', '1', 'admin', null, '/workflow/bpmnNode', '127.0.0.1', 'IP', '{\"auditors\":[1002,1003],\"bpmnInfoId\":17,\"id\":12,\"nodeDesc\":\"\",\"nodeKey\":\"presidentAudit\",\"params\":{}}', '{\"msg\":\"\",\"code\":200}', '0', null, '2022-11-17 19:05:01');

-- ----------------------------
-- Table structure for sys_post
-- ----------------------------
DROP TABLE IF EXISTS `sys_post`;
CREATE TABLE `sys_post` (
                            `post_id` bigint(20) NOT NULL AUTO_INCREMENT COMMENT 'ID',
                            `post_code` varchar(64) NOT NULL COMMENT '',
                            `post_name` varchar(50) NOT NULL COMMENT '',
                            `post_sort` int(4) NOT NULL COMMENT '',
                            `status` char(1) NOT NULL COMMENT '0 1',
                            `create_by` varchar(64) DEFAULT '' COMMENT '',
                            `create_time` datetime DEFAULT NULL COMMENT '',
                            `update_by` varchar(64) DEFAULT '' COMMENT '',
                            `update_time` datetime DEFAULT NULL COMMENT '',
                            `remark` varchar(500) DEFAULT NULL COMMENT '',
                            PRIMARY KEY (`post_id`)
) ENGINE=InnoDB AUTO_INCREMENT=5 DEFAULT CHARSET=utf8 COMMENT='';

-- ----------------------------
-- Records of sys_post
-- ----------------------------
INSERT INTO `sys_post` VALUES ('1', 'ceo', '', '1', '0', 'admin', '2022-08-25 17:40:52', '', null, '');
INSERT INTO `sys_post` VALUES ('2', 'se', '', '2', '0', 'admin', '2022-08-25 17:40:52', '', null, '');
INSERT INTO `sys_post` VALUES ('3', 'hr', '', '3', '0', 'admin', '2022-08-25 17:40:52', '', null, '');
INSERT INTO `sys_post` VALUES ('4', 'user', '', '4', '0', 'admin', '2022-08-25 17:40:52', '', null, '');

-- ----------------------------
-- Table structure for sys_role
-- ----------------------------
DROP TABLE IF EXISTS `sys_role`;
CREATE TABLE `sys_role` (
                            `role_id` bigint(20) NOT NULL AUTO_INCREMENT COMMENT 'ID',
                            `role_name` varchar(30) NOT NULL COMMENT '',
                            `role_key` varchar(100) NOT NULL COMMENT '',
                            `role_sort` int(4) NOT NULL COMMENT '',
                            `data_scope` char(1) DEFAULT '1' COMMENT '1 2 3 4',
                            `menu_check_strictly` tinyint(1) DEFAULT '1' COMMENT '',
                            `dept_check_strictly` tinyint(1) DEFAULT '1' COMMENT '',
                            `status` char(1) NOT NULL COMMENT '0 1',
                            `del_flag` char(1) DEFAULT '0' COMMENT '0 2',
                            `create_by` varchar(64) DEFAULT '' COMMENT '',
                            `create_time` datetime DEFAULT NULL COMMENT '',
                            `update_by` varchar(64) DEFAULT '' COMMENT '',
                            `update_time` datetime DEFAULT NULL COMMENT '',
                            `remark` varchar(500) DEFAULT NULL COMMENT '',
                            PRIMARY KEY (`role_id`)
) ENGINE=InnoDB AUTO_INCREMENT=104 DEFAULT CHARSET=utf8 COMMENT='';

-- ----------------------------
-- Records of sys_role
-- ----------------------------
INSERT INTO `sys_role` VALUES ('1', '', 'admin', '1', '1', '1', '1', '0', '0', 'admin', '2022-08-25 17:40:52', '', null, '');
INSERT INTO `sys_role` VALUES ('2', '', 'common', '2', '2', '1', '0', '0', '0', 'admin', '2022-08-25 17:40:52', 'admin', '2022-09-03 13:56:51', '');
INSERT INTO `sys_role` VALUES ('100', '', 'pm', '3', '1', '1', '1', '0', '0', 'admin', '2022-08-26 10:09:31', 'admin', '2022-11-17 14:18:38', '001');
INSERT INTO `sys_role` VALUES ('101', 'dev', 'dev', '4', '1', '1', '1', '0', '2', 'admin', '2022-08-26 10:10:17', '', null, '002');
INSERT INTO `sys_role` VALUES ('102', '', 'shopOwner', '0', '1', '1', '1', '0', '0', 'admin', '2022-09-01 16:13:02', 'admin', '2022-09-03 13:57:09', null);
INSERT INTO `sys_role` VALUES ('103', '', 'financial', '5', '1', '1', '1', '0', '0', 'admin', '2022-09-01 16:13:39', 'admin', '2022-09-03 13:56:36', null);

-- ----------------------------
-- Table structure for sys_role_dept
-- ----------------------------
DROP TABLE IF EXISTS `sys_role_dept`;
CREATE TABLE `sys_role_dept` (
                                 `role_id` bigint(20) NOT NULL COMMENT 'ID',
                                 `dept_id` bigint(20) NOT NULL COMMENT 'ID',
                                 PRIMARY KEY (`role_id`,`dept_id`)
) ENGINE=InnoDB DEFAULT CHARSET=utf8 COMMENT='';

-- ----------------------------
-- Records of sys_role_dept
-- ----------------------------
INSERT INTO `sys_role_dept` VALUES ('2', '100');
INSERT INTO `sys_role_dept` VALUES ('2', '101');
INSERT INTO `sys_role_dept` VALUES ('2', '105');

-- ----------------------------
-- Table structure for sys_role_menu
-- ----------------------------
DROP TABLE IF EXISTS `sys_role_menu`;
CREATE TABLE `sys_role_menu` (
                                 `role_id` bigint(20) NOT NULL COMMENT 'ID',
                                 `menu_id` bigint(20) NOT NULL COMMENT 'ID',
                                 PRIMARY KEY (`role_id`,`menu_id`)
) ENGINE=InnoDB DEFAULT CHARSET=utf8 COMMENT='';

-- ----------------------------
-- Records of sys_role_menu
-- ----------------------------
INSERT INTO `sys_role_menu` VALUES ('2', '4');
INSERT INTO `sys_role_menu` VALUES ('100', '4');
INSERT INTO `sys_role_menu` VALUES ('100', '2077');
INSERT INTO `sys_role_menu` VALUES ('100', '2078');
INSERT INTO `sys_role_menu` VALUES ('100', '2079');
INSERT INTO `sys_role_menu` VALUES ('100', '2080');
INSERT INTO `sys_role_menu` VALUES ('100', '2081');
INSERT INTO `sys_role_menu` VALUES ('100', '2082');
INSERT INTO `sys_role_menu` VALUES ('100', '2083');
INSERT INTO `sys_role_menu` VALUES ('100', '2084');
INSERT INTO `sys_role_menu` VALUES ('100', '2085');
INSERT INTO `sys_role_menu` VALUES ('100', '2086');
INSERT INTO `sys_role_menu` VALUES ('100', '2087');
INSERT INTO `sys_role_menu` VALUES ('100', '2088');
INSERT INTO `sys_role_menu` VALUES ('100', '2089');
INSERT INTO `sys_role_menu` VALUES ('102', '1');
INSERT INTO `sys_role_menu` VALUES ('102', '4');
INSERT INTO `sys_role_menu` VALUES ('102', '100');
INSERT INTO `sys_role_menu` VALUES ('102', '1000');
INSERT INTO `sys_role_menu` VALUES ('102', '1001');
INSERT INTO `sys_role_menu` VALUES ('102', '1002');
INSERT INTO `sys_role_menu` VALUES ('102', '1003');
INSERT INTO `sys_role_menu` VALUES ('102', '1004');
INSERT INTO `sys_role_menu` VALUES ('102', '1005');
INSERT INTO `sys_role_menu` VALUES ('102', '1006');
INSERT INTO `sys_role_menu` VALUES ('102', '2031');
INSERT INTO `sys_role_menu` VALUES ('102', '2032');
INSERT INTO `sys_role_menu` VALUES ('102', '2033');
INSERT INTO `sys_role_menu` VALUES ('102', '2034');
INSERT INTO `sys_role_menu` VALUES ('102', '2035');
INSERT INTO `sys_role_menu` VALUES ('102', '2036');
INSERT INTO `sys_role_menu` VALUES ('102', '2037');
INSERT INTO `sys_role_menu` VALUES ('102', '2038');
INSERT INTO `sys_role_menu` VALUES ('102', '2039');
INSERT INTO `sys_role_menu` VALUES ('102', '2040');
INSERT INTO `sys_role_menu` VALUES ('102', '2041');
INSERT INTO `sys_role_menu` VALUES ('102', '2042');
INSERT INTO `sys_role_menu` VALUES ('102', '2043');
INSERT INTO `sys_role_menu` VALUES ('102', '2044');
INSERT INTO `sys_role_menu` VALUES ('102', '2045');
INSERT INTO `sys_role_menu` VALUES ('102', '2046');
INSERT INTO `sys_role_menu` VALUES ('102', '2047');
INSERT INTO `sys_role_menu` VALUES ('102', '2048');
INSERT INTO `sys_role_menu` VALUES ('102', '2049');
INSERT INTO `sys_role_menu` VALUES ('102', '2050');
INSERT INTO `sys_role_menu` VALUES ('102', '2051');
INSERT INTO `sys_role_menu` VALUES ('102', '2052');
INSERT INTO `sys_role_menu` VALUES ('102', '2053');
INSERT INTO `sys_role_menu` VALUES ('102', '2054');
INSERT INTO `sys_role_menu` VALUES ('102', '2055');
INSERT INTO `sys_role_menu` VALUES ('102', '2056');
INSERT INTO `sys_role_menu` VALUES ('102', '2057');
INSERT INTO `sys_role_menu` VALUES ('102', '2058');
INSERT INTO `sys_role_menu` VALUES ('102', '2059');
INSERT INTO `sys_role_menu` VALUES ('102', '2060');
INSERT INTO `sys_role_menu` VALUES ('102', '2061');
INSERT INTO `sys_role_menu` VALUES ('102', '2062');
INSERT INTO `sys_role_menu` VALUES ('102', '2063');
INSERT INTO `sys_role_menu` VALUES ('102', '2064');
INSERT INTO `sys_role_menu` VALUES ('102', '2065');
INSERT INTO `sys_role_menu` VALUES ('102', '2066');
INSERT INTO `sys_role_menu` VALUES ('102', '2067');
INSERT INTO `sys_role_menu` VALUES ('102', '2068');
INSERT INTO `sys_role_menu` VALUES ('102', '2069');
INSERT INTO `sys_role_menu` VALUES ('103', '4');
INSERT INTO `sys_role_menu` VALUES ('103', '2057');
INSERT INTO `sys_role_menu` VALUES ('103', '2058');
INSERT INTO `sys_role_menu` VALUES ('103', '2059');
INSERT INTO `sys_role_menu` VALUES ('103', '2060');
INSERT INTO `sys_role_menu` VALUES ('103', '2061');
INSERT INTO `sys_role_menu` VALUES ('103', '2062');
INSERT INTO `sys_role_menu` VALUES ('103', '2063');
INSERT INTO `sys_role_menu` VALUES ('103', '2064');

-- ----------------------------
-- Table structure for sys_user
-- ----------------------------
DROP TABLE IF EXISTS `sys_user`;
CREATE TABLE `sys_user` (
                            `user_id` bigint(20) NOT NULL AUTO_INCREMENT COMMENT 'ID',
                            `dept_id` bigint(20) DEFAULT NULL COMMENT 'ID',
                            `user_name` varchar(30) NOT NULL COMMENT '',
                            `nick_name` varchar(30) NOT NULL COMMENT '',
                            `user_type` varchar(2) DEFAULT '00' COMMENT '00',
                            `email` varchar(50) DEFAULT '' COMMENT '',
                            `phonenumber` varchar(11) DEFAULT '' COMMENT '',
                            `sex` char(1) DEFAULT '0' COMMENT '0 1 2',
                            `avatar` varchar(100) DEFAULT '' COMMENT '',
                            `password` varchar(100) DEFAULT '' COMMENT '',
                            `status` char(1) DEFAULT '0' COMMENT '0 1',
                            `del_flag` char(1) DEFAULT '0' COMMENT '0 2',
                            `login_ip` varchar(128) DEFAULT '' COMMENT 'IP',
                            `login_date` datetime DEFAULT NULL COMMENT '',
                            `create_by` varchar(64) DEFAULT '' COMMENT '',
                            `create_time` datetime DEFAULT NULL COMMENT '',
                            `update_by` varchar(64) DEFAULT '' COMMENT '',
                            `update_time` datetime DEFAULT NULL COMMENT '',
                            `remark` varchar(500) DEFAULT NULL COMMENT '',
                            PRIMARY KEY (`user_id`)
) ENGINE=InnoDB AUTO_INCREMENT=1067 DEFAULT CHARSET=utf8 COMMENT='';

-- ----------------------------
-- Records of sys_user
-- ----------------------------
INSERT INTO `sys_user` VALUES ('1', '103', 'admin', '', '00', 'wolfcode@163.com', '15888888888', '1', '', '$2a$10$7JB720yubVSZvUI0rEqK/.VqGOZTH.ulu33dHOiBE8ByOhJIrdAu2', '0', '0', '127.0.0.1', '2022-11-17 18:41:12', 'admin', '2022-08-25 17:40:52', '', '2022-11-17 18:41:12', '');
INSERT INTO `sys_user` VALUES ('2', '105', 'wolfcode', '', '00', 'wolfcode@qq.com', '15666666666', '1', '', '$2a$10$7JB720yubVSZvUI0rEqK/.VqGOZTH.ulu33dHOiBE8ByOhJIrdAu2', '0', '0', '127.0.0.1', '2022-08-25 17:40:52', 'admin', '2022-08-25 17:40:52', '', null, '');
INSERT INTO `sys_user` VALUES ('100', '103', 'xiaohei', '', '00', '13800000000@qq.com', '13800000000', '1', '', '$2a$10$yQzPF/yXDMChrCXwy2OX0.JD5UM78LMPswztMl1VcCxYgZJ5kuFIK', '0', '0', '127.0.0.1', '2022-11-13 17:27:44', 'admin', '2022-08-26 09:09:19', 'admin', '2022-11-13 17:27:44', '');
INSERT INTO `sys_user` VALUES ('101', '104', 'xiaobai', '', '00', '13800000001@qq.com', '13800000001', '0', '', '$2a$10$Bl95mhYBMoUk7OJ0OlmQsOluF.FNBCElRGCQ8I1JnTuB1Cylfunkq', '0', '2', '', null, 'admin', '2022-08-26 09:12:24', '', null, '');
INSERT INTO `sys_user` VALUES ('1001', '222', 'zhansan', 'zhansan', '00', 'zhansan@qq.com', '13800000011', '0', '', '$2a$10$rbOLA/8W80LTHfzK2HAquOuVxSI041EUPyLxm.lxhUBs8IYAhmFfm', '0', '0', '', null, 'admin', '2022-08-26 09:28:37', '', null, null);
INSERT INTO `sys_user` VALUES ('1002', '222', 'lisi', 'lisi', '00', 'lisi@qq.com', '13800000012', '0', '', '$2a$10$dBBAE86ZHjP6XdteKN1v7u4OYIUUrtmw9d1/Xd9GnFlFcKAKEgEd.', '0', '0', '', null, 'admin', '2022-08-26 09:28:37', '', null, null);
INSERT INTO `sys_user` VALUES ('1003', '222', 'wangwu', 'wangwu', '00', 'wangwu@qq.com', '13800000013', '0', '', '$2a$10$/uO6wLufzyWm3ut5vyxaTuTtTtLTH61u3xNItcgTgcgXwCVTwdYbu', '0', '0', '', null, 'admin', '2022-08-26 09:29:55', 'admin', '2022-08-26 09:30:39', null);
INSERT INTO `sys_user` VALUES ('1004', '223', 'wangwu1', 'wangwu1', '00', '', '13800000014', '0', '', '$2a$10$XWxOzN0WeIQyOVx1CLWSUuM0qivh007Uq.TVkhIkP8fKoQDhWllU6', '0', '0', '', null, 'admin', '2022-08-26 09:39:00', 'admin', '2022-08-26 15:15:08', null);
INSERT INTO `sys_user` VALUES ('1005', '224', 'wangwu2', 'wangwu2', '00', '', '13800000015', '0', '', '$2a$10$a9h1bJy4Ju4xl3NJYNC1C.zaGV.I3DwoNmoPw3MJZoT7RI.YXpSiG', '0', '0', '', null, 'admin', '2022-08-26 09:39:00', '', null, null);
INSERT INTO `sys_user` VALUES ('1006', '225', 'wangwu3', 'wangwu3', '00', '', '13800000016', '0', '', '$2a$10$.6ls2hy8KplssHVHhg4ZK.EqyDujtJfF4/tzSf.11/YM.yao4iJqu', '0', '0', '', null, 'admin', '2022-08-26 09:39:00', '', null, null);
INSERT INTO `sys_user` VALUES ('1007', '226', 'wangwu4', 'wangwu4', '00', '', '13800000017', '0', '', '$2a$10$mZuFCUtywZbjqiIAjP0HTOKV09pTd98jSdY16fuUhqmKkgkvAIfWy', '0', '0', '', null, 'admin', '2022-08-26 09:39:00', '', null, null);
INSERT INTO `sys_user` VALUES ('1008', '227', 'wangwu5', 'wangwu5', '00', '', '13800000018', '0', '', '$2a$10$hvaZBzwUZ9yrpsjzDmWKJuTz5xg2bwWVUyWqTTlUn4UFtri46AI3y', '0', '0', '', null, 'admin', '2022-08-26 09:39:00', '', null, null);
INSERT INTO `sys_user` VALUES ('1009', '228', 'wangwu6', 'wangwu6', '00', '', '13800000019', '0', '', '$2a$10$SxgEDZ4dk76LbXSrxNfbae2Wrf4wzdGRZsp0KfuwxvLWwevmkq0Xe', '0', '0', '', null, 'admin', '2022-08-26 09:39:00', '', null, null);
INSERT INTO `sys_user` VALUES ('1010', '229', 'wangwu7', 'wangwu7', '00', '', '13800000020', '0', '', '$2a$10$.MQY4QCBvWTizKsDxEQTQe9It3so4p8MgiQrF/uyt3FTnF0r4bdD2', '0', '0', '', null, 'admin', '2022-08-26 09:39:00', '', null, null);
INSERT INTO `sys_user` VALUES ('1011', '230', 'wangwu8', 'wangwu8', '00', '', '13800000021', '0', '', '$2a$10$BKoSZdIwRAuMeRbSMsHIJuL2Qqims1GyYaN7oKmgqILHHtQodP7LS', '0', '0', '', null, 'admin', '2022-08-26 09:39:01', '', null, null);
INSERT INTO `sys_user` VALUES ('1012', '231', 'wangwu9', 'wangwu9', '00', '', '13800000022', '0', '', '$2a$10$Q5.s6EfDbQeXpqMUivdLce50Y1qUcwINxgdY0gHYDC0yy18N.Cxoa', '0', '0', '', null, 'admin', '2022-08-26 09:39:01', '', null, null);
INSERT INTO `sys_user` VALUES ('1013', '232', 'wangwu10', 'wangwu10', '00', '', '13800000023', '0', '', '$2a$10$10bjBKN5AwiWZTChtkTPZ.8C7ytcirtTFdP1gOptj4oTEqGK872Sa', '0', '0', '', null, 'admin', '2022-08-26 09:39:01', '', null, null);
INSERT INTO `sys_user` VALUES ('1014', '233', 'wangwu11', 'wangwu11', '00', '', '13800000024', '0', '', '$2a$10$6LxL0AT12kPj8vCjxY1.IODogZNOtNyyFmF1T9rIz7CVTa5.hR2g.', '0', '0', '', null, 'admin', '2022-08-26 09:39:01', '', null, null);
INSERT INTO `sys_user` VALUES ('1015', '234', 'wangwu12', 'wangwu12', '00', '', '13800000025', '0', '', '$2a$10$XFI4W3M7mTl90fraxne4AerpXceioMPJdJuRdGZPCEo3.qrJ.D3I2', '0', '0', '', null, 'admin', '2022-08-26 09:39:01', '', null, null);
INSERT INTO `sys_user` VALUES ('1016', '235', 'wangwu13', 'wangwu13', '00', '', '13800000026', '0', '', '$2a$10$RaiLTiamPllKMeU1GV/Eau4DLD3CwOg8vuVkaKpUPYQR2w8qspvru', '0', '0', '', null, 'admin', '2022-08-26 09:39:01', '', null, null);
INSERT INTO `sys_user` VALUES ('1017', '236', 'wangwu14', 'wangwu14', '00', '', '13800000027', '0', '', '$2a$10$owvJZzJz/6dDUqpbnvqcXOh2XMh6hMOOm0.OpF9DrdkrncE4cUasq', '0', '0', '', null, 'admin', '2022-08-26 09:39:01', '', null, null);
INSERT INTO `sys_user` VALUES ('1018', '237', 'wangwu15', 'wangwu15', '00', '', '13800000028', '0', '', '$2a$10$9PtuE41TlEkXksApHBkxLeFTDdb.4kA/Gwb9IHQerJhHWascf2nBC', '0', '0', '', null, 'admin', '2022-08-26 09:39:02', '', null, null);
INSERT INTO `sys_user` VALUES ('1019', '238', 'wangwu16', 'wangwu16', '00', '', '13800000029', '0', '', '$2a$10$WYLHFvakomAq4SMKmfJ/6u6hSWEsIa0J/yqRgv6LGYGVWn.L7qmiK', '0', '0', '', null, 'admin', '2022-08-26 09:39:02', '', null, null);
INSERT INTO `sys_user` VALUES ('1020', '239', 'wangwu17', 'wangwu17', '00', '', '13800000030', '0', '', '$2a$10$xuvp3eMuL0rtXWSJUjSEv.3gkuomS7vucQX1nbnGw5rvSPlEB3uka', '0', '0', '', null, 'admin', '2022-08-26 09:39:02', '', null, null);
INSERT INTO `sys_user` VALUES ('1021', '240', 'wangwu18', 'wangwu18', '00', '', '13800000031', '0', '', '$2a$10$8J1zrQjZ4ZqkkqTQ8Oo8GeH0VH5LV8zLxszjkFowuOBtv.NjT.nhe', '0', '0', '', null, 'admin', '2022-08-26 09:39:02', '', null, null);
INSERT INTO `sys_user` VALUES ('1022', '241', 'wangwu19', 'wangwu19', '00', '', '13800000032', '0', '', '$2a$10$GsFwt36WYU3jAWQ/I.zgUekeD6.94OUd2Y631aiHM4/cWC8zWwqHe', '0', '0', '', null, 'admin', '2022-08-26 09:39:02', '', null, null);
INSERT INTO `sys_user` VALUES ('1023', '242', 'wangwu20', 'wangwu20', '00', '', '13800000033', '0', '', '$2a$10$hkWnRLPcjIPLBcrJeGBHMee9kGyYDmzM11xYlHrjigI2wjYcLCKW.', '0', '0', '', null, 'admin', '2022-08-26 09:39:02', '', null, null);
INSERT INTO `sys_user` VALUES ('1024', '243', 'wangwu21', 'wangwu21', '00', '', '13800000034', '0', '', '$2a$10$2cNqvy6A.0pt8Jg4lLKzeu4InJAqMySrmiEiCVMa7lki5Zddt3FwW', '0', '0', '', null, 'admin', '2022-08-26 09:39:02', '', null, null);
INSERT INTO `sys_user` VALUES ('1025', '244', 'wangwu22', 'wangwu22', '00', '', '13800000035', '0', '', '$2a$10$IYPRtTKaozJf2efh2/HY1erGslpbrUG4nTCz6GYiI5uXc9.hZba/W', '0', '0', '', null, 'admin', '2022-08-26 09:39:02', '', null, null);
INSERT INTO `sys_user` VALUES ('1026', '245', 'wangwu23', 'wangwu23', '00', '', '13800000036', '0', '', '$2a$10$jRpCbZEF03tLb3VPCrji0.BMp0BmB30rESBdvMTLKXbbygAwZii7S', '0', '0', '', null, 'admin', '2022-08-26 09:39:03', '', null, null);
INSERT INTO `sys_user` VALUES ('1027', '246', 'wangwu24', 'wangwu24', '00', '', '13800000037', '0', '', '$2a$10$kfuqhmGlm1x4UaxqiqHLce8IEaMbQVEYM0yP5ALg1hMlkcJC4iXTe', '0', '0', '', null, 'admin', '2022-08-26 09:39:03', '', null, null);
INSERT INTO `sys_user` VALUES ('1028', '247', 'wangwu25', 'wangwu25', '00', '', '13800000038', '0', '', '$2a$10$Jl24bSIZjjKFM5jFPm/4a.BjJxAGD3mSp0Ztcw37GimqHpi7l5I/m', '0', '0', '', null, 'admin', '2022-08-26 09:39:03', '', null, null);
INSERT INTO `sys_user` VALUES ('1029', '248', 'wangwu26', 'wangwu26', '00', '', '13800000039', '0', '', '$2a$10$63VeaPA.YMr0ZKu1/RCFgevHj3DmaHNS4aDxQZrXJBu1DEfbOVQGO', '0', '0', '', null, 'admin', '2022-08-26 09:39:03', '', null, null);
INSERT INTO `sys_user` VALUES ('1030', '249', 'wangwu27', 'wangwu27', '00', '', '13800000040', '0', '', '$2a$10$QPEuJWVjeTIuGgAy2n5qJuJZHugyPv.w9qzPl9c9jfcJX0thGz8P6', '0', '0', '', null, 'admin', '2022-08-26 09:39:03', '', null, null);
INSERT INTO `sys_user` VALUES ('1031', '250', 'wangwu28', 'wangwu28', '00', '', '13800000041', '0', '', '$2a$10$aAHNTtj.4d.fA9DOBiL/v.KGziaFuw8qfWjbgX8uy0ILel7/uk/7C', '0', '0', '', null, 'admin', '2022-08-26 09:39:03', '', null, null);
INSERT INTO `sys_user` VALUES ('1032', '251', 'wangwu29', 'wangwu29', '00', '', '13800000042', '0', '', '$2a$10$zPJw30nNDOLOM/WQG78zUOAFhOxnMaYS5T2.1gf.AC9PsDhS1djQK', '0', '0', '', null, 'admin', '2022-08-26 09:39:03', '', null, null);
INSERT INTO `sys_user` VALUES ('1033', '252', 'wangwu30', 'wangwu30', '00', '', '13800000043', '0', '', '$2a$10$9LtY/pPI0P0x4eJm32DA2uQOMoK89LwsLxAi2NrfV1RXiFJf2iOge', '0', '0', '', null, 'admin', '2022-08-26 09:39:04', '', null, null);
INSERT INTO `sys_user` VALUES ('1034', '253', 'wangwu31', 'wangwu31', '00', '', '13800000044', '0', '', '$2a$10$oNAi6ahi/tIzgcXC8139peKJ6Z8T8ytZ8p8TG63KaDz5pRj8PCZvq', '0', '0', '', null, 'admin', '2022-08-26 09:39:04', '', null, null);
INSERT INTO `sys_user` VALUES ('1035', '254', 'wangwu32', 'wangwu32', '00', '', '13800000045', '0', '', '$2a$10$whMsWda2e6.LD806aj8yTOI8CguqIFZXhZglhe7dQQ2ltprVeXpvu', '0', '0', '', null, 'admin', '2022-08-26 09:39:04', '', null, null);
INSERT INTO `sys_user` VALUES ('1036', '255', 'wangwu33', 'wangwu33', '00', '', '13800000046', '0', '', '$2a$10$HbnQP3i/4w71T1TfFsK0XeymWRzim118BAZZ.EEn31rToq1zjpuq6', '0', '0', '', null, 'admin', '2022-08-26 09:39:04', '', null, null);
INSERT INTO `sys_user` VALUES ('1037', '256', 'wangwu34', 'wangwu34', '00', '', '13800000047', '0', '', '$2a$10$3zA.RJoJoX.mZG6Uly1eIePMYfbMoX6zHrKLPw/gIe8pg.h7esJQu', '0', '0', '', null, 'admin', '2022-08-26 09:39:04', '', null, null);
INSERT INTO `sys_user` VALUES ('1038', '257', 'wangwu35', 'wangwu35', '00', '', '13800000048', '0', '', '$2a$10$jeAWD3xKoF2Ym7EN6fAlSOzoWHtUc4qbCQ6eq.UrUOV4zGe27J8hi', '0', '0', '', null, 'admin', '2022-08-26 09:39:04', '', null, null);
INSERT INTO `sys_user` VALUES ('1039', '258', 'wangwu36', 'wangwu36', '00', '', '13800000049', '0', '', '$2a$10$ZeMmTfZMSr7aLLsAVLtSqu0LF355eDw3St.QeeWuOeSNLfziwErrK', '0', '0', '', null, 'admin', '2022-08-26 09:39:04', '', null, null);
INSERT INTO `sys_user` VALUES ('1040', '259', 'wangwu37', 'wangwu37', '00', '', '13800000050', '0', '', '$2a$10$MHBo9UNFszLsUje7hhDQUeCmecXNYNOYQI7RkfYVAfKXfOROH8rAi', '0', '0', '', null, 'admin', '2022-08-26 09:39:05', '', null, null);
INSERT INTO `sys_user` VALUES ('1041', '260', 'wangwu38', 'wangwu38', '00', '', '13800000051', '0', '', '$2a$10$neL51KYby677Jd2nfj8V7en1M6VFoZHlBqp.9a.88.GXREQhWiIqi', '0', '0', '', null, 'admin', '2022-08-26 09:39:05', '', null, null);
INSERT INTO `sys_user` VALUES ('1042', '261', 'wangwu39', 'wangwu39', '00', '', '13800000052', '0', '', '$2a$10$OWRdC.RwGpifvZM.fNM/vuaSi/nBoaua1k.oFlq0muROSt50KKWKG', '0', '0', '', null, 'admin', '2022-08-26 09:39:05', '', null, null);
INSERT INTO `sys_user` VALUES ('1043', '262', 'wangwu40', 'wangwu40', '00', '', '13800000053', '0', '', '$2a$10$p5ItGJEotatNZyBSvoV6u.l3S6lkdNwQ/D9KDeWaKDM4JBcuQOgy.', '0', '0', '', null, 'admin', '2022-08-26 09:39:05', '', null, null);
INSERT INTO `sys_user` VALUES ('1044', '263', 'wangwu41', 'wangwu41', '00', '', '13800000054', '0', '', '$2a$10$0ZjpyS5dp5etXfAqADOmzOZ23SciKZ.uoLvXb0nr0Fd4wcxbtt59S', '0', '0', '', null, 'admin', '2022-08-26 09:39:05', '', null, null);
INSERT INTO `sys_user` VALUES ('1045', '264', 'wangwu42', 'wangwu42', '00', '', '13800000055', '0', '', '$2a$10$e0Daakj7pxVu.rXJRxJyCe/JXb4yw72XrYmot9vLJePwzhxLm0V0.', '0', '0', '', null, 'admin', '2022-08-26 09:39:05', '', null, null);
INSERT INTO `sys_user` VALUES ('1046', '265', 'wangwu43', 'wangwu43', '00', '', '13800000056', '0', '', '$2a$10$Qhq3BLyDVmrPKC8mV/ML4uu/lY/ThdS3OQnUsAR91MNv49XAyoMCS', '0', '0', '', null, 'admin', '2022-08-26 09:39:05', '', null, null);
INSERT INTO `sys_user` VALUES ('1047', '266', 'wangwu44', 'wangwu44', '00', '', '13800000057', '0', '', '$2a$10$sgbuyQmedNnuhD7Qsgr31OwXQU8fwOr8iCDEd7Xx3ssdFhOM0KEo2', '0', '0', '', null, 'admin', '2022-08-26 09:39:05', '', null, null);
INSERT INTO `sys_user` VALUES ('1048', '267', 'wangwu45', 'wangwu45', '00', '', '13800000058', '0', '', '$2a$10$KK1ngRl3rFM6qd/61SziYOUNSXDqWUS5SAZgLCJKeQURTvfn12PDe', '0', '0', '', null, 'admin', '2022-08-26 09:39:06', '', null, null);
INSERT INTO `sys_user` VALUES ('1049', '268', 'wangwu46', 'wangwu46', '00', '', '13800000059', '0', '', '$2a$10$CL0dUv3byEqZK3cGgMtq0O3tEXu5CYnT7lknIFyVlKw7ecXGo./EW', '0', '0', '', null, 'admin', '2022-08-26 09:39:06', '', null, null);
INSERT INTO `sys_user` VALUES ('1050', '269', 'wangwu47', 'wangwu47', '00', '', '13800000060', '0', '', '$2a$10$3LQx9guLNMlawodCBHTXsu4Q2qDqEZ6wytWrPQrp9c8bp1zdIfnBe', '0', '0', '', null, 'admin', '2022-08-26 09:39:06', '', null, null);
INSERT INTO `sys_user` VALUES ('1051', '270', 'wangwu48', 'wangwu48', '00', '', '13800000061', '0', '', '$2a$10$ljToRZjSwf7ooliIvT1kP.P0ZWe1jqwZOm8aQhN4.kN4AJFotWvKC', '0', '0', '', null, 'admin', '2022-08-26 09:39:06', '', null, null);
INSERT INTO `sys_user` VALUES ('1052', '271', 'wangwu49', 'wangwu49', '00', '', '13800000062', '0', '', '$2a$10$cFVmwOdjVBp07yfu0O3b1eE9roM8o6CdgfCsrbojoqZWXRtx1ji.y', '0', '0', '', null, 'admin', '2022-08-26 09:39:06', '', null, null);
INSERT INTO `sys_user` VALUES ('1053', '272', 'wangwu50', 'wangwu50', '00', '', '13800000063', '0', '', '$2a$10$CMBU1bUz/BRPAyDbPPlpxukKHGVGyu5wi/cjFOIjDyqPwZdTSx3BK', '0', '0', '', null, 'admin', '2022-08-26 09:39:06', '', null, null);
INSERT INTO `sys_user` VALUES ('1054', '273', 'wangwu51', 'wangwu51', '00', '', '13800000064', '0', '', '$2a$10$H6iCKYQLsLKEJFpArLN1YeVOYH8hXu6LNSbE4lZzL2yuyXTfnjqk6', '0', '0', '', null, 'admin', '2022-08-26 09:39:06', '', null, null);
INSERT INTO `sys_user` VALUES ('1055', '274', 'wangwu52', 'wangwu52', '00', '', '13800000065', '0', '', '$2a$10$Qb/UdvJjtlHXqkeI/9iUNOGCuL4ObmxmoFEz39mZ2/NkqPDtYDDZq', '0', '0', '', null, 'admin', '2022-08-26 09:39:07', '', null, null);
INSERT INTO `sys_user` VALUES ('1056', '275', 'wangwu53', 'wangwu53', '00', '', '13800000066', '0', '', '$2a$10$nF.sgqy6QNp7ZVXa2CAMxeAvumbFyGUNrilgcNMr6aOipkhzlGgyO', '0', '0', '', null, 'admin', '2022-08-26 09:39:07', '', null, null);
INSERT INTO `sys_user` VALUES ('1057', '276', 'wangwu54', 'wangwu54', '00', '', '13800000067', '0', '', '$2a$10$3xNi9QFsY7Sh47tA3vrRou6cahYHVdqrtqTG8mYVq6EfF.FlWvWVW', '0', '0', '', null, 'admin', '2022-08-26 09:39:07', '', null, null);
INSERT INTO `sys_user` VALUES ('1058', '277', 'wangwu55', 'wangwu55', '00', '', '13800000068', '0', '', '$2a$10$QJNiKXGTkOLc9G.76uYLdu163ZWD1wFZhyYVua9uhtQqSUHI4zmYi', '0', '0', '', null, 'admin', '2022-08-26 09:39:07', '', null, null);
INSERT INTO `sys_user` VALUES ('1059', '278', 'wangwu56', 'wangwu56', '00', '', '13800000069', '0', '', '$2a$10$AnXyKJHXyQ7lrFsGfOXnLODwyFdt4pyqnYJ9MizBwa/t8XvbXxUXW', '0', '0', '', null, 'admin', '2022-08-26 09:39:07', '', null, null);
INSERT INTO `sys_user` VALUES ('1060', '279', 'wangwu57', 'wangwu57', '00', '', '13800000070', '0', '', '$2a$10$83vFxGI9rzxiPvLRzlYW7uxUwAKTcQDpIYQLZMUjR/D30os.cx4iC', '0', '0', '', null, 'admin', '2022-08-26 09:39:07', '', null, null);
INSERT INTO `sys_user` VALUES ('1061', '280', 'wangwu58', 'wangwu58', '00', '', '13800000071', '0', '', '$2a$10$zxY.2VKXA9OmWw9UMlL92Or4FWCpxZo3jCKhwkcjm3aGuK3kiN2vW', '0', '0', '', null, 'admin', '2022-08-26 09:39:07', '', null, null);
INSERT INTO `sys_user` VALUES ('1062', '281', 'wangwu59', 'wangwu59', '00', '', '13800000072', '0', '', '$2a$10$G2osn3gQ0vMQqcgcJ1/4HO86789pN4.JIAa6momWkZ9WVelHvhjYu', '0', '0', '', null, 'admin', '2022-08-26 09:39:08', '', null, null);
INSERT INTO `sys_user` VALUES ('1063', '282', 'wangwu60', 'wangwu60', '00', '', '13800000073', '0', '', '$2a$10$FgQ8c8LrLSPuuqjjpj9ImOh6nJG/mwVIPiMMHmZXJ4gUglVZw/J2C', '0', '0', '', null, 'admin', '2022-08-26 09:39:08', '', null, null);
INSERT INTO `sys_user` VALUES ('1064', '283', 'wangwu61', 'wangwu61', '00', '', '13800000074', '0', '', '$2a$10$/XzFJXkd3D5UtomlTx9/6OLiNpyns3JllUNK/aP54/XVC56Ui24k.', '0', '0', '', null, 'admin', '2022-08-26 09:39:08', '', null, null);
INSERT INTO `sys_user` VALUES ('1065', '100', 'zzq', 'zzq', '00', '', '', '0', '', '$2a$10$6th562XJ9Ay0WGep.L9Uq.dtrBZEZB9QOti23AtQRZf4UjJEdyydq', '0', '0', '127.0.0.1', '2022-09-01 17:36:35', 'admin', '2022-09-01 16:19:07', '', '2022-09-01 17:36:35', null);
INSERT INTO `sys_user` VALUES ('1066', '100', 'ztt', 'ztt', '00', '', '', '1', '', '$2a$10$SICfQSQ8WcwBNWhF6kyU4utzFsbLQKUqaj0qjtQEhMpTYXFZkB6T.', '0', '0', '', null, 'admin', '2022-09-01 16:19:41', '', null, null);

-- ----------------------------
-- Table structure for sys_user_post
-- ----------------------------
DROP TABLE IF EXISTS `sys_user_post`;
CREATE TABLE `sys_user_post` (
                                 `user_id` bigint(20) NOT NULL COMMENT 'ID',
                                 `post_id` bigint(20) NOT NULL COMMENT 'ID',
                                 PRIMARY KEY (`user_id`,`post_id`)
) ENGINE=InnoDB DEFAULT CHARSET=utf8 COMMENT='';

-- ----------------------------
-- Records of sys_user_post
-- ----------------------------
INSERT INTO `sys_user_post` VALUES ('1', '1');
INSERT INTO `sys_user_post` VALUES ('2', '2');
INSERT INTO `sys_user_post` VALUES ('100', '2');
INSERT INTO `sys_user_post` VALUES ('100', '4');
INSERT INTO `sys_user_post` VALUES ('1003', '4');
INSERT INTO `sys_user_post` VALUES ('1004', '4');

-- ----------------------------
-- Table structure for sys_user_role
-- ----------------------------
DROP TABLE IF EXISTS `sys_user_role`;
CREATE TABLE `sys_user_role` (
                                 `user_id` bigint(20) NOT NULL COMMENT 'ID',
                                 `role_id` bigint(20) NOT NULL COMMENT 'ID',
                                 PRIMARY KEY (`user_id`,`role_id`)
) ENGINE=InnoDB DEFAULT CHARSET=utf8 COMMENT='';

-- ----------------------------
-- Records of sys_user_role
-- ----------------------------
INSERT INTO `sys_user_role` VALUES ('1', '1');
INSERT INTO `sys_user_role` VALUES ('2', '2');
INSERT INTO `sys_user_role` VALUES ('1003', '2');
INSERT INTO `sys_user_role` VALUES ('1004', '2');
INSERT INTO `sys_user_role` VALUES ('1007', '2');
INSERT INTO `sys_user_role` VALUES ('1065', '102');
INSERT INTO `sys_user_role` VALUES ('1066', '103');
